prompt_id,seed_id,cited,n_other_seeds,prompt_type,relevance,node
N0P25,SEED_89,0,29,position paper,0.013011664337656105,0
N0P25,SEED_42,0,29,position paper,0.051653349129091995,0
N0P25,SEED_88,1,29,position paper,0.0751324199578783,0
N0P25,SEED_101,1,29,position paper,0.023490079101840138,0
N0P25,SEED_67,0,29,position paper,0.05032975495304677,0
N0P25,SEED_45,0,29,position paper,0.04818303463809887,0
N0P25,SEED_31,0,29,position paper,0.033526494815073346,0
N0P25,SEED_28,0,29,position paper,0.03690431206766,0
N0P25,SEED_15,0,29,position paper,0.12583525799894296,0
N0P25,SEED_32,1,29,position paper,0.09735164776405995,0
N0P25,SEED_24,1,29,position paper,0.06525103738400904,0
N0P25,SEED_106,1,29,position paper,0.0396656199956952,0
N0P25,SEED_95,0,29,position paper,0.18268931412556882,0
N0P25,SEED_51,1,29,position paper,0.09567458183955731,0
N0P25,SEED_39,0,29,position paper,0.03555690750708022,0
N0P25,SEED_29,0,29,position paper,0.07042009300336129,0
N0P25,SEED_44,1,29,position paper,0.037266295783348585,0
N0P25,SEED_70,1,29,position paper,0.08172477101102746,0
N0P25,SEED_2,0,29,position paper,0.12297460110382108,0
N0P25,SEED_60,0,29,position paper,0.03900336059186124,0
N0P25,SEED_47,1,29,position paper,0.11197067729022589,0
N0P25,SEED_11,1,29,position paper,0.06461885091273475,0
N0P25,SEED_84,0,29,position paper,0.07184420324302587,0
N0P25,SEED_37,0,29,position paper,0.0916688018924311,0
N0P25,SEED_58,0,29,position paper,0.04043276523483182,0
N0P25,SEED_34,0,29,position paper,0.08548426810230766,0
N0P25,SEED_111,0,29,position paper,0.04969971145347565,0
N0P25,SEED_74,0,29,position paper,0.045788952881914514,0
N0P25,SEED_40,0,29,position paper,0.03616922310850126,0
N0P25,SEED_54,0,29,position paper,0.0252978715058926,0
N0P54,SEED_64,0,29,position paper,0.07877200791990707,0
N0P54,SEED_16,0,29,position paper,0.06580490852851562,0
N0P54,SEED_48,1,29,position paper,0.029185376778173528,0
N0P54,SEED_97,0,29,position paper,0.03609440995756307,0
N0P54,SEED_26,0,29,position paper,0.07104261452564097,0
N0P54,SEED_98,1,29,position paper,0.011894667691759708,0
N0P54,SEED_67,1,29,position paper,0.05032975495304677,0
N0P54,SEED_50,0,29,position paper,0.07323859452802539,0
N0P54,SEED_28,0,29,position paper,0.03690431206766,0
N0P54,SEED_15,0,29,position paper,0.12583525799894296,0
N0P54,SEED_32,1,29,position paper,0.09735164776405995,0
N0P54,SEED_0,1,29,position paper,0.03419115971424214,0
N0P54,SEED_95,0,29,position paper,0.18268931412556882,0
N0P54,SEED_7,0,29,position paper,0.021341441722662596,0
N0P54,SEED_39,0,29,position paper,0.03555690750708022,0
N0P54,SEED_85,1,29,position paper,0.06585964077621878,0
N0P54,SEED_38,0,29,position paper,0.061179792753602406,0
N0P54,SEED_29,0,29,position paper,0.07042009300336129,0
N0P54,SEED_17,0,29,position paper,0.029211956325465183,0
N0P54,SEED_68,0,29,position paper,0.022306762819201194,0
N0P54,SEED_63,0,29,position paper,0.04603307219547203,0
N0P54,SEED_5,0,29,position paper,0.04891575446422762,0
N0P54,SEED_22,0,29,position paper,0.05799342396218755,0
N0P54,SEED_37,0,29,position paper,0.0916688018924311,0
N0P54,SEED_55,1,29,position paper,0.09584107046851154,0
N0P54,SEED_90,0,29,position paper,0.10168314958353901,0
N0P54,SEED_41,0,29,position paper,0.06663729499428636,0
N0P54,SEED_111,0,29,position paper,0.04969971145347565,0
N0P54,SEED_76,0,29,position paper,0.02911097510188564,0
N0P54,SEED_27,1,29,position paper,0.1928425224241903,0
N0P67,SEED_64,0,29,position paper,0.07877200791990707,0
N0P67,SEED_78,0,29,position paper,0.0228613868635909,0
N0P67,SEED_100,0,29,position paper,0.022251536993773687,0
N0P67,SEED_67,0,29,position paper,0.05032975495304677,0
N0P67,SEED_45,0,29,position paper,0.04818303463809887,0
N0P67,SEED_73,1,29,position paper,0.09938073079147507,0
N0P67,SEED_32,1,29,position paper,0.09735164776405995,0
N0P67,SEED_0,1,29,position paper,0.03419115971424214,0
N0P67,SEED_105,0,29,position paper,0.024092964382771427,0
N0P67,SEED_85,1,29,position paper,0.06585964077621878,0
N0P67,SEED_81,0,29,position paper,0.035788322601505926,0
N0P67,SEED_30,0,29,position paper,0.045065154448624835,0
N0P67,SEED_70,1,29,position paper,0.08172477101102746,0
N0P67,SEED_2,0,29,position paper,0.12297460110382108,0
N0P67,SEED_5,0,29,position paper,0.04891575446422762,0
N0P67,SEED_60,0,29,position paper,0.03900336059186124,0
N0P67,SEED_10,1,29,position paper,0.2599772228262205,0
N0P67,SEED_23,1,29,position paper,0.24419454417762076,0
N0P67,SEED_69,0,29,position paper,0.01686621307186654,0
N0P67,SEED_47,1,29,position paper,0.11197067729022589,0
N0P67,SEED_53,1,29,position paper,0.08163751252417001,0
N0P67,SEED_8,0,29,position paper,0.06872182608709806,0
N0P67,SEED_91,0,29,position paper,0.037739388173408044,0
N0P67,SEED_37,0,29,position paper,0.0916688018924311,0
N0P67,SEED_108,1,29,position paper,0.11699373395608792,0
N0P67,SEED_49,0,29,position paper,0.032768873721272004,0
N0P67,SEED_46,0,29,position paper,0.027379269989798654,0
N0P67,SEED_96,0,29,position paper,0.10358875368385743,0
N0P67,SEED_18,0,29,position paper,0.07930603337696131,0
N0P67,SEED_54,0,29,position paper,0.0252978715058926,0
N0P82,SEED_64,0,29,literature review,0.07877200791990707,0
N0P82,SEED_42,0,29,literature review,0.051653349129091995,0
N0P82,SEED_43,0,29,literature review,0.05652341745969014,0
N0P82,SEED_78,0,29,literature review,0.0228613868635909,0
N0P82,SEED_75,0,29,literature review,0.004317454748062883,0
N0P82,SEED_50,0,29,literature review,0.07323859452802539,0
N0P82,SEED_94,1,29,literature review,0.1502174121454999,0
N0P82,SEED_65,1,29,literature review,0.09967558011174742,0
N0P82,SEED_105,0,29,literature review,0.024092964382771427,0
N0P82,SEED_102,0,29,literature review,0.05485994308932408,0
N0P82,SEED_4,1,29,literature review,0.10778007277480268,0
N0P82,SEED_38,0,29,literature review,0.061179792753602406,0
N0P82,SEED_62,1,29,literature review,0.04784216452869475,0
N0P82,SEED_17,1,29,literature review,0.029211956325465183,0
N0P82,SEED_19,1,29,literature review,0.04109700523383222,0
N0P82,SEED_68,0,29,literature review,0.022306762819201194,0
N0P82,SEED_117,0,29,literature review,0.058265813707136085,0
N0P82,SEED_99,0,29,literature review,0.058671135460116444,0
N0P82,SEED_5,1,29,literature review,0.04891575446422762,0
N0P82,SEED_60,0,29,literature review,0.03900336059186124,0
N0P82,SEED_72,0,29,literature review,0.07981472218677699,0
N0P82,SEED_77,1,29,literature review,0.09597717740914226,0
N0P82,SEED_66,0,29,literature review,0.009691035124209286,0
N0P82,SEED_91,0,29,literature review,0.037739388173408044,0
N0P82,SEED_108,0,29,literature review,0.11699373395608792,0
N0P82,SEED_90,0,29,literature review,0.10168314958353901,0
N0P82,SEED_58,1,29,literature review,0.04043276523483182,0
N0P82,SEED_20,1,29,literature review,0.029535688085893946,0
N0P82,SEED_41,0,29,literature review,0.06663729499428636,0
N0P82,SEED_40,0,29,literature review,0.03616922310850126,0
N0P70,SEED_57,1,29,position paper,0.03673991558283747,0
N0P70,SEED_43,1,29,position paper,0.05652341745969014,0
N0P70,SEED_107,0,29,position paper,0.042538122034430435,0
N0P70,SEED_88,1,29,position paper,0.0751324199578783,0
N0P70,SEED_100,0,29,position paper,0.022251536993773687,0
N0P70,SEED_101,0,29,position paper,0.023490079101840138,0
N0P70,SEED_106,0,29,position paper,0.0396656199956952,0
N0P70,SEED_113,0,29,position paper,0.03869600182636786,0
N0P70,SEED_39,0,29,position paper,0.03555690750708022,0
N0P70,SEED_102,0,29,position paper,0.05485994308932408,0
N0P70,SEED_117,0,29,position paper,0.058265813707136085,0
N0P70,SEED_63,0,29,position paper,0.04603307219547203,0
N0P70,SEED_104,1,29,position paper,0.027022006506890947,0
N0P70,SEED_10,1,29,position paper,0.2599772228262205,0
N0P70,SEED_23,1,29,position paper,0.24419454417762076,0
N0P70,SEED_47,1,29,position paper,0.11197067729022589,0
N0P70,SEED_69,0,29,position paper,0.01686621307186654,0
N0P70,SEED_109,0,29,position paper,0.08741121552597077,0
N0P70,SEED_77,1,29,position paper,0.09597717740914226,0
N0P70,SEED_66,0,29,position paper,0.009691035124209286,0
N0P70,SEED_93,0,29,position paper,0.06110953885154956,0
N0P70,SEED_84,0,29,position paper,0.07184420324302587,0
N0P70,SEED_55,1,29,position paper,0.09584107046851154,0
N0P70,SEED_37,0,29,position paper,0.0916688018924311,0
N0P70,SEED_91,0,29,position paper,0.037739388173408044,0
N0P70,SEED_34,0,29,position paper,0.08548426810230766,0
N0P70,SEED_41,0,29,position paper,0.06663729499428636,0
N0P70,SEED_13,0,29,position paper,0.030904771618012833,0
N0P70,SEED_54,0,29,position paper,0.0252978715058926,0
N0P70,SEED_118,1,29,position paper,0.03264322768755141,0
N0P65,SEED_64,1,29,position paper,0.07877200791990707,0
N0P65,SEED_57,1,29,position paper,0.03673991558283747,0
N0P65,SEED_89,0,29,position paper,0.013011664337656105,0
N0P65,SEED_42,1,29,position paper,0.051653349129091995,0
N0P65,SEED_107,1,29,position paper,0.042538122034430435,0
N0P65,SEED_78,0,29,position paper,0.0228613868635909,0
N0P65,SEED_83,0,29,position paper,0.052741438587646794,0
N0P65,SEED_114,0,29,position paper,0.05371749025215298,0
N0P65,SEED_101,0,29,position paper,0.023490079101840138,0
N0P65,SEED_3,1,29,position paper,0.06798054115184436,0
N0P65,SEED_50,1,29,position paper,0.07323859452802539,0
N0P65,SEED_28,0,29,position paper,0.03690431206766,0
N0P65,SEED_12,0,29,position paper,0.06332329199540948,0
N0P65,SEED_0,1,29,position paper,0.03419115971424214,0
N0P65,SEED_4,0,29,position paper,0.10778007277480268,0
N0P65,SEED_102,0,29,position paper,0.05485994308932408,0
N0P65,SEED_30,0,29,position paper,0.045065154448624835,0
N0P65,SEED_17,0,29,position paper,0.029211956325465183,0
N0P65,SEED_117,0,29,position paper,0.058265813707136085,0
N0P65,SEED_99,1,29,position paper,0.058671135460116444,0
N0P65,SEED_2,0,29,position paper,0.12297460110382108,0
N0P65,SEED_36,0,29,position paper,0.13828262665054547,0
N0P65,SEED_60,0,29,position paper,0.03900336059186124,0
N0P65,SEED_10,1,29,position paper,0.2599772228262205,0
N0P65,SEED_47,1,29,position paper,0.11197067729022589,0
N0P65,SEED_91,0,29,position paper,0.037739388173408044,0
N0P65,SEED_90,0,29,position paper,0.10168314958353901,0
N0P65,SEED_49,0,29,position paper,0.032768873721272004,0
N0P65,SEED_18,0,29,position paper,0.07930603337696131,0
N0P65,SEED_40,0,29,position paper,0.03616922310850126,0
N0P13,SEED_64,0,29,position paper,0.07877200791990707,0
N0P13,SEED_89,0,29,position paper,0.013011664337656105,0
N0P13,SEED_92,0,29,position paper,0.05106624582263099,0
N0P13,SEED_16,0,29,position paper,0.06580490852851562,0
N0P13,SEED_48,1,29,position paper,0.029185376778173528,0
N0P13,SEED_78,0,29,position paper,0.0228613868635909,0
N0P13,SEED_114,0,29,position paper,0.05371749025215298,0
N0P13,SEED_94,1,29,position paper,0.1502174121454999,0
N0P13,SEED_15,1,29,position paper,0.12583525799894296,0
N0P13,SEED_24,0,29,position paper,0.06525103738400904,0
N0P13,SEED_0,1,29,position paper,0.03419115971424214,0
N0P13,SEED_105,0,29,position paper,0.024092964382771427,0
N0P13,SEED_95,1,29,position paper,0.18268931412556882,0
N0P13,SEED_51,1,29,position paper,0.09567458183955731,0
N0P13,SEED_39,0,29,position paper,0.03555690750708022,0
N0P13,SEED_85,0,29,position paper,0.06585964077621878,0
N0P13,SEED_38,0,29,position paper,0.061179792753602406,0
N0P13,SEED_70,0,29,position paper,0.08172477101102746,0
N0P13,SEED_115,0,29,position paper,0.02209761458825523,0
N0P13,SEED_72,0,29,position paper,0.07981472218677699,0
N0P13,SEED_53,1,29,position paper,0.08163751252417001,0
N0P13,SEED_22,0,29,position paper,0.05799342396218755,0
N0P13,SEED_84,0,29,position paper,0.07184420324302587,0
N0P13,SEED_52,0,29,position paper,0.0773265984984997,0
N0P13,SEED_37,0,29,position paper,0.0916688018924311,0
N0P13,SEED_108,1,29,position paper,0.11699373395608792,0
N0P13,SEED_41,0,29,position paper,0.06663729499428636,0
N0P13,SEED_111,0,29,position paper,0.04969971145347565,0
N0P13,SEED_86,0,29,position paper,0.07467253707820579,0
N0P13,SEED_118,1,29,position paper,0.03264322768755141,0
N0P100,SEED_89,0,29,position paper,0.013011664337656105,0
N0P100,SEED_42,1,29,position paper,0.051653349129091995,0
N0P100,SEED_92,0,29,position paper,0.05106624582263099,0
N0P100,SEED_110,0,29,position paper,0.08655273033551042,0
N0P100,SEED_61,1,29,position paper,0.059968033729275456,0
N0P100,SEED_97,0,29,position paper,0.03609440995756307,0
N0P100,SEED_26,0,29,position paper,0.07104261452564097,0
N0P100,SEED_75,0,29,position paper,0.004317454748062883,0
N0P100,SEED_50,0,29,position paper,0.07323859452802539,0
N0P100,SEED_94,1,29,position paper,0.1502174121454999,0
N0P100,SEED_71,0,29,position paper,0.01920486060179593,0
N0P100,SEED_31,0,29,position paper,0.033526494815073346,0
N0P100,SEED_15,0,29,position paper,0.12583525799894296,0
N0P100,SEED_24,0,29,position paper,0.06525103738400904,0
N0P100,SEED_9,1,29,position paper,0.05790057358028041,0
N0P100,SEED_95,1,29,position paper,0.18268931412556882,0
N0P100,SEED_85,1,29,position paper,0.06585964077621878,0
N0P100,SEED_102,0,29,position paper,0.05485994308932408,0
N0P100,SEED_38,0,29,position paper,0.061179792753602406,0
N0P100,SEED_30,0,29,position paper,0.045065154448624835,0
N0P100,SEED_117,0,29,position paper,0.058265813707136085,0
N0P100,SEED_70,0,29,position paper,0.08172477101102746,0
N0P100,SEED_109,0,29,position paper,0.08741121552597077,0
N0P100,SEED_77,1,29,position paper,0.09597717740914226,0
N0P100,SEED_90,0,29,position paper,0.10168314958353901,0
N0P100,SEED_1,0,29,position paper,0.13141875515524984,0
N0P100,SEED_108,1,29,position paper,0.11699373395608792,0
N0P100,SEED_111,0,29,position paper,0.04969971145347565,0
N0P100,SEED_96,0,29,position paper,0.10358875368385743,0
N0P100,SEED_27,1,29,position paper,0.1928425224241903,0
N0P57,SEED_57,1,29,literature review,0.03673991558283747,0
N0P57,SEED_87,0,29,literature review,0.14276304721670452,0
N0P57,SEED_107,0,29,literature review,0.042538122034430435,0
N0P57,SEED_114,0,29,literature review,0.05371749025215298,0
N0P57,SEED_97,0,29,literature review,0.03609440995756307,0
N0P57,SEED_83,0,29,literature review,0.052741438587646794,0
N0P57,SEED_98,1,29,literature review,0.011894667691759708,0
N0P57,SEED_32,1,29,literature review,0.09735164776405995,0
N0P57,SEED_9,1,29,literature review,0.05790057358028041,0
N0P57,SEED_79,0,29,literature review,0.1318500750967745,0
N0P57,SEED_59,0,29,literature review,0.03537515898047227,0
N0P57,SEED_113,0,29,literature review,0.03869600182636786,0
N0P57,SEED_103,1,29,literature review,0.1317058804580309,0
N0P57,SEED_81,0,29,literature review,0.035788322601505926,0
N0P57,SEED_19,0,29,literature review,0.04109700523383222,0
N0P57,SEED_116,0,29,literature review,0.15216520399588473,0
N0P57,SEED_63,0,29,literature review,0.04603307219547203,0
N0P57,SEED_82,0,29,literature review,0.031946399533903824,0
N0P57,SEED_72,1,29,literature review,0.07981472218677699,0
N0P57,SEED_77,1,29,literature review,0.09597717740914226,0
N0P57,SEED_22,1,29,literature review,0.05799342396218755,0
N0P57,SEED_25,1,29,literature review,0.03134650983079614,0
N0P57,SEED_112,0,29,literature review,0.04763731112793226,0
N0P57,SEED_41,0,29,literature review,0.06663729499428636,0
N0P57,SEED_80,0,29,literature review,0.05412529367962349,0
N0P57,SEED_74,0,29,literature review,0.045788952881914514,0
N0P57,SEED_96,0,29,literature review,0.10358875368385743,0
N0P57,SEED_18,1,29,literature review,0.07930603337696131,0
N0P57,SEED_40,0,29,literature review,0.03616922310850126,0
N0P57,SEED_56,0,29,literature review,0.021739942781307576,0
N0P47,SEED_57,0,29,position paper,0.03673991558283747,0
N0P47,SEED_64,0,29,position paper,0.07877200791990707,0
N0P47,SEED_33,1,29,position paper,0.03666889624528128,0
N0P47,SEED_16,0,29,position paper,0.06580490852851562,0
N0P47,SEED_78,0,29,position paper,0.0228613868635909,0
N0P47,SEED_100,0,29,position paper,0.022251536993773687,0
N0P47,SEED_101,0,29,position paper,0.023490079101840138,0
N0P47,SEED_75,0,29,position paper,0.004317454748062883,0
N0P47,SEED_67,0,29,position paper,0.05032975495304677,0
N0P47,SEED_45,1,29,position paper,0.04818303463809887,0
N0P47,SEED_94,1,29,position paper,0.1502174121454999,0
N0P47,SEED_28,0,29,position paper,0.03690431206766,0
N0P47,SEED_65,1,29,position paper,0.09967558011174742,0
N0P47,SEED_95,0,29,position paper,0.18268931412556882,0
N0P47,SEED_113,0,29,position paper,0.03869600182636786,0
N0P47,SEED_30,0,29,position paper,0.045065154448624835,0
N0P47,SEED_99,0,29,position paper,0.058671135460116444,0
N0P47,SEED_2,0,29,position paper,0.12297460110382108,0
N0P47,SEED_5,0,29,position paper,0.04891575446422762,0
N0P47,SEED_60,0,29,position paper,0.03900336059186124,0
N0P47,SEED_53,1,29,position paper,0.08163751252417001,0
N0P47,SEED_14,1,29,position paper,0.029758165991292006,0
N0P47,SEED_6,1,29,position paper,0.03894507193462498,0
N0P47,SEED_22,1,29,position paper,0.05799342396218755,0
N0P47,SEED_8,0,29,position paper,0.06872182608709806,0
N0P47,SEED_119,0,29,position paper,0.07263413180061329,0
N0P47,SEED_1,1,29,position paper,0.13141875515524984,0
N0P47,SEED_41,0,29,position paper,0.06663729499428636,0
N0P47,SEED_46,0,29,position paper,0.027379269989798654,0
N0P47,SEED_13,0,29,position paper,0.030904771618012833,0
N0P51,SEED_64,1,29,position paper,0.07877200791990707,0
N0P51,SEED_86,0,29,position paper,0.07467253707820579,0
N0P51,SEED_61,1,29,position paper,0.059968033729275456,0
N0P51,SEED_107,0,29,position paper,0.042538122034430435,0
N0P51,SEED_97,0,29,position paper,0.03609440995756307,0
N0P51,SEED_78,0,29,position paper,0.0228613868635909,0
N0P51,SEED_98,0,29,position paper,0.011894667691759708,0
N0P51,SEED_3,1,29,position paper,0.06798054115184436,0
N0P51,SEED_45,1,29,position paper,0.04818303463809887,0
N0P51,SEED_71,0,29,position paper,0.01920486060179593,0
N0P51,SEED_28,1,29,position paper,0.03690431206766,0
N0P51,SEED_73,0,29,position paper,0.09938073079147507,0
N0P51,SEED_79,0,29,position paper,0.1318500750967745,0
N0P51,SEED_113,0,29,position paper,0.03869600182636786,0
N0P51,SEED_44,0,29,position paper,0.037266295783348585,0
N0P51,SEED_19,0,29,position paper,0.04109700523383222,0
N0P51,SEED_117,0,29,position paper,0.058265813707136085,0
N0P51,SEED_99,0,29,position paper,0.058671135460116444,0
N0P51,SEED_82,0,29,position paper,0.031946399533903824,0
N0P51,SEED_47,0,29,position paper,0.11197067729022589,0
N0P51,SEED_14,1,29,position paper,0.029758165991292006,0
N0P51,SEED_77,1,29,position paper,0.09597717740914226,0
N0P51,SEED_84,0,29,position paper,0.07184420324302587,0
N0P51,SEED_35,0,29,position paper,0.053243975534267386,0
N0P51,SEED_108,1,29,position paper,0.11699373395608792,0
N0P51,SEED_111,0,29,position paper,0.04969971145347565,0
N0P51,SEED_27,1,29,position paper,0.1928425224241903,0
N0P51,SEED_13,1,29,position paper,0.030904771618012833,0
N0P51,SEED_54,0,29,position paper,0.0252978715058926,0
N0P51,SEED_118,0,29,position paper,0.03264322768755141,0
N0P111,SEED_42,0,29,position paper,0.051653349129091995,0
N0P111,SEED_92,0,29,position paper,0.05106624582263099,0
N0P111,SEED_48,1,29,position paper,0.029185376778173528,0
N0P111,SEED_78,0,29,position paper,0.0228613868635909,0
N0P111,SEED_107,0,29,position paper,0.042538122034430435,0
N0P111,SEED_83,0,29,position paper,0.052741438587646794,0
N0P111,SEED_88,1,29,position paper,0.0751324199578783,0
N0P111,SEED_101,0,29,position paper,0.023490079101840138,0
N0P111,SEED_50,0,29,position paper,0.07323859452802539,0
N0P111,SEED_31,1,29,position paper,0.033526494815073346,0
N0P111,SEED_32,1,29,position paper,0.09735164776405995,0
N0P111,SEED_79,0,29,position paper,0.1318500750967745,0
N0P111,SEED_0,1,29,position paper,0.03419115971424214,0
N0P111,SEED_113,0,29,position paper,0.03869600182636786,0
N0P111,SEED_38,0,29,position paper,0.061179792753602406,0
N0P111,SEED_17,0,29,position paper,0.029211956325465183,0
N0P111,SEED_63,0,29,position paper,0.04603307219547203,0
N0P111,SEED_104,1,29,position paper,0.027022006506890947,0
N0P111,SEED_77,0,29,position paper,0.09597717740914226,0
N0P111,SEED_25,0,29,position paper,0.03134650983079614,0
N0P111,SEED_55,1,29,position paper,0.09584107046851154,0
N0P111,SEED_108,1,29,position paper,0.11699373395608792,0
N0P111,SEED_58,0,29,position paper,0.04043276523483182,0
N0P111,SEED_41,0,29,position paper,0.06663729499428636,0
N0P111,SEED_80,0,29,position paper,0.05412529367962349,0
N0P111,SEED_46,1,29,position paper,0.027379269989798654,0
N0P111,SEED_76,0,29,position paper,0.02911097510188564,0
N0P111,SEED_111,0,29,position paper,0.04969971145347565,0
N0P111,SEED_13,0,29,position paper,0.030904771618012833,0
N0P111,SEED_56,0,29,position paper,0.021739942781307576,0
N0P36,SEED_64,0,29,literature review,0.07877200791990707,0
N0P36,SEED_42,1,29,literature review,0.051653349129091995,0
N0P36,SEED_48,1,29,literature review,0.029185376778173528,0
N0P36,SEED_16,0,29,literature review,0.06580490852851562,0
N0P36,SEED_83,0,29,literature review,0.052741438587646794,0
N0P36,SEED_101,0,29,literature review,0.023490079101840138,0
N0P36,SEED_75,0,29,literature review,0.004317454748062883,0
N0P36,SEED_67,0,29,literature review,0.05032975495304677,0
N0P36,SEED_73,1,29,literature review,0.09938073079147507,0
N0P36,SEED_12,0,29,literature review,0.06332329199540948,0
N0P36,SEED_95,0,29,literature review,0.18268931412556882,0
N0P36,SEED_103,1,29,literature review,0.1317058804580309,0
N0P36,SEED_4,0,29,literature review,0.10778007277480268,0
N0P36,SEED_29,0,29,literature review,0.07042009300336129,0
N0P36,SEED_19,0,29,literature review,0.04109700523383222,0
N0P36,SEED_99,0,29,literature review,0.058671135460116444,0
N0P36,SEED_63,0,29,literature review,0.04603307219547203,0
N0P36,SEED_5,1,29,literature review,0.04891575446422762,0
N0P36,SEED_60,0,29,literature review,0.03900336059186124,0
N0P36,SEED_109,1,29,literature review,0.08741121552597077,0
N0P36,SEED_84,0,29,literature review,0.07184420324302587,0
N0P36,SEED_56,0,29,literature review,0.021739942781307576,0
N0P36,SEED_52,0,29,literature review,0.0773265984984997,0
N0P36,SEED_90,1,29,literature review,0.10168314958353901,0
N0P36,SEED_1,1,29,literature review,0.13141875515524984,0
N0P36,SEED_58,1,29,literature review,0.04043276523483182,0
N0P36,SEED_49,0,29,literature review,0.032768873721272004,0
N0P36,SEED_111,0,29,literature review,0.04969971145347565,0
N0P36,SEED_40,0,29,literature review,0.03616922310850126,0
N0P36,SEED_118,1,29,literature review,0.03264322768755141,0
N0P60,SEED_89,0,29,literature review,0.013011664337656105,0
N0P60,SEED_42,0,29,literature review,0.051653349129091995,0
N0P60,SEED_92,0,29,literature review,0.05106624582263099,0
N0P60,SEED_83,0,29,literature review,0.052741438587646794,0
N0P60,SEED_97,0,29,literature review,0.03609440995756307,0
N0P60,SEED_101,0,29,literature review,0.023490079101840138,0
N0P60,SEED_50,0,29,literature review,0.07323859452802539,0
N0P60,SEED_71,0,29,literature review,0.01920486060179593,0
N0P60,SEED_12,1,29,literature review,0.06332329199540948,0
N0P60,SEED_32,1,29,literature review,0.09735164776405995,0
N0P60,SEED_113,0,29,literature review,0.03869600182636786,0
N0P60,SEED_39,0,29,literature review,0.03555690750708022,0
N0P60,SEED_103,1,29,literature review,0.1317058804580309,0
N0P60,SEED_18,0,29,literature review,0.07930603337696131,0
N0P60,SEED_44,0,29,literature review,0.037266295783348585,0
N0P60,SEED_19,1,29,literature review,0.04109700523383222,0
N0P60,SEED_82,1,29,literature review,0.031946399533903824,0
N0P60,SEED_36,1,29,literature review,0.13828262665054547,0
N0P60,SEED_10,1,29,literature review,0.2599772228262205,0
N0P60,SEED_77,1,29,literature review,0.09597717740914226,0
N0P60,SEED_6,1,29,literature review,0.03894507193462498,0
N0P60,SEED_8,0,29,literature review,0.06872182608709806,0
N0P60,SEED_119,0,29,literature review,0.07263413180061329,0
N0P60,SEED_84,0,29,literature review,0.07184420324302587,0
N0P60,SEED_49,0,29,literature review,0.032768873721272004,0
N0P60,SEED_111,0,29,literature review,0.04969971145347565,0
N0P60,SEED_80,0,29,literature review,0.05412529367962349,0
N0P60,SEED_76,0,29,literature review,0.02911097510188564,0
N0P60,SEED_74,1,29,literature review,0.045788952881914514,0
N0P60,SEED_86,0,29,literature review,0.07467253707820579,0
N0P33,SEED_89,0,29,position paper,0.013011664337656105,0
N0P33,SEED_110,0,29,position paper,0.08655273033551042,0
N0P33,SEED_16,0,29,position paper,0.06580490852851562,0
N0P33,SEED_97,0,29,position paper,0.03609440995756307,0
N0P33,SEED_26,0,29,position paper,0.07104261452564097,0
N0P33,SEED_3,1,29,position paper,0.06798054115184436,0
N0P33,SEED_15,1,29,position paper,0.12583525799894296,0
N0P33,SEED_24,0,29,position paper,0.06525103738400904,0
N0P33,SEED_79,0,29,position paper,0.1318500750967745,0
N0P33,SEED_59,1,29,position paper,0.03537515898047227,0
N0P33,SEED_39,0,29,position paper,0.03555690750708022,0
N0P33,SEED_62,1,29,position paper,0.04784216452869475,0
N0P33,SEED_30,0,29,position paper,0.045065154448624835,0
N0P33,SEED_117,0,29,position paper,0.058265813707136085,0
N0P33,SEED_70,0,29,position paper,0.08172477101102746,0
N0P33,SEED_63,1,29,position paper,0.04603307219547203,0
N0P33,SEED_36,0,29,position paper,0.13828262665054547,0
N0P33,SEED_104,1,29,position paper,0.027022006506890947,0
N0P33,SEED_109,0,29,position paper,0.08741121552597077,0
N0P33,SEED_77,0,29,position paper,0.09597717740914226,0
N0P33,SEED_66,0,29,position paper,0.009691035124209286,0
N0P33,SEED_6,1,29,position paper,0.03894507193462498,0
N0P33,SEED_52,0,29,position paper,0.0773265984984997,0
N0P33,SEED_90,1,29,position paper,0.10168314958353901,0
N0P33,SEED_34,0,29,position paper,0.08548426810230766,0
N0P33,SEED_20,0,29,position paper,0.029535688085893946,0
N0P33,SEED_46,0,29,position paper,0.027379269989798654,0
N0P33,SEED_80,0,29,position paper,0.05412529367962349,0
N0P33,SEED_96,0,29,position paper,0.10358875368385743,0
N0P33,SEED_56,0,29,position paper,0.021739942781307576,0
N0P43,SEED_33,1,29,position paper,0.03666889624528128,0
N0P43,SEED_48,1,29,position paper,0.029185376778173528,0
N0P43,SEED_78,0,29,position paper,0.0228613868635909,0
N0P43,SEED_101,1,29,position paper,0.023490079101840138,0
N0P43,SEED_3,1,29,position paper,0.06798054115184436,0
N0P43,SEED_50,0,29,position paper,0.07323859452802539,0
N0P43,SEED_71,0,29,position paper,0.01920486060179593,0
N0P43,SEED_28,0,29,position paper,0.03690431206766,0
N0P43,SEED_15,1,29,position paper,0.12583525799894296,0
N0P43,SEED_79,0,29,position paper,0.1318500750967745,0
N0P43,SEED_105,0,29,position paper,0.024092964382771427,0
N0P43,SEED_95,1,29,position paper,0.18268931412556882,0
N0P43,SEED_81,0,29,position paper,0.035788322601505926,0
N0P43,SEED_29,0,29,position paper,0.07042009300336129,0
N0P43,SEED_116,0,29,position paper,0.15216520399588473,0
N0P43,SEED_68,0,29,position paper,0.022306762819201194,0
N0P43,SEED_82,0,29,position paper,0.031946399533903824,0
N0P43,SEED_60,0,29,position paper,0.03900336059186124,0
N0P43,SEED_104,0,29,position paper,0.027022006506890947,0
N0P43,SEED_47,1,29,position paper,0.11197067729022589,0
N0P43,SEED_109,0,29,position paper,0.08741121552597077,0
N0P43,SEED_8,0,29,position paper,0.06872182608709806,0
N0P43,SEED_112,0,29,position paper,0.04763731112793226,0
N0P43,SEED_1,1,29,position paper,0.13141875515524984,0
N0P43,SEED_58,1,29,position paper,0.04043276523483182,0
N0P43,SEED_111,0,29,position paper,0.04969971145347565,0
N0P43,SEED_74,0,29,position paper,0.045788952881914514,0
N0P43,SEED_41,0,29,position paper,0.06663729499428636,0
N0P43,SEED_86,0,29,position paper,0.07467253707820579,0
N0P43,SEED_13,0,29,position paper,0.030904771618012833,0
N0P105,SEED_89,0,29,literature review,0.013011664337656105,0
N0P105,SEED_87,1,29,literature review,0.14276304721670452,0
N0P105,SEED_48,1,29,literature review,0.029185376778173528,0
N0P105,SEED_107,0,29,literature review,0.042538122034430435,0
N0P105,SEED_83,0,29,literature review,0.052741438587646794,0
N0P105,SEED_97,0,29,literature review,0.03609440995756307,0
N0P105,SEED_101,0,29,literature review,0.023490079101840138,0
N0P105,SEED_50,1,29,literature review,0.07323859452802539,0
N0P105,SEED_31,0,29,literature review,0.033526494815073346,0
N0P105,SEED_28,0,29,literature review,0.03690431206766,0
N0P105,SEED_106,0,29,literature review,0.0396656199956952,0
N0P105,SEED_105,0,29,literature review,0.024092964382771427,0
N0P105,SEED_51,1,29,literature review,0.09567458183955731,0
N0P105,SEED_7,0,29,literature review,0.021341441722662596,0
N0P105,SEED_81,1,29,literature review,0.035788322601505926,0
N0P105,SEED_4,0,29,literature review,0.10778007277480268,0
N0P105,SEED_38,0,29,literature review,0.061179792753602406,0
N0P105,SEED_117,0,29,literature review,0.058265813707136085,0
N0P105,SEED_70,0,29,literature review,0.08172477101102746,0
N0P105,SEED_99,0,29,literature review,0.058671135460116444,0
N0P105,SEED_60,0,29,literature review,0.03900336059186124,0
N0P105,SEED_10,1,29,literature review,0.2599772228262205,0
N0P105,SEED_115,0,29,literature review,0.02209761458825523,0
N0P105,SEED_21,1,29,literature review,0.04332717025608329,0
N0P105,SEED_47,1,29,literature review,0.11197067729022589,0
N0P105,SEED_72,0,29,literature review,0.07981472218677699,0
N0P105,SEED_11,1,29,literature review,0.06461885091273475,0
N0P105,SEED_1,0,29,literature review,0.13141875515524984,0
N0P105,SEED_58,1,29,literature review,0.04043276523483182,0
N0P105,SEED_111,0,29,literature review,0.04969971145347565,0
N0P118,SEED_33,1,29,position paper,0.03666889624528128,0
N0P118,SEED_78,0,29,position paper,0.0228613868635909,0
N0P118,SEED_26,0,29,position paper,0.07104261452564097,0
N0P118,SEED_101,0,29,position paper,0.023490079101840138,0
N0P118,SEED_67,0,29,position paper,0.05032975495304677,0
N0P118,SEED_50,0,29,position paper,0.07323859452802539,0
N0P118,SEED_73,0,29,position paper,0.09938073079147507,0
N0P118,SEED_0,1,29,position paper,0.03419115971424214,0
N0P118,SEED_103,1,29,position paper,0.1317058804580309,0
N0P118,SEED_85,0,29,position paper,0.06585964077621878,0
N0P118,SEED_81,1,29,position paper,0.035788322601505926,0
N0P118,SEED_102,0,29,position paper,0.05485994308932408,0
N0P118,SEED_62,1,29,position paper,0.04784216452869475,0
N0P118,SEED_68,0,29,position paper,0.022306762819201194,0
N0P118,SEED_23,1,29,position paper,0.24419454417762076,0
N0P118,SEED_14,1,29,position paper,0.029758165991292006,0
N0P118,SEED_8,0,29,position paper,0.06872182608709806,0
N0P118,SEED_25,0,29,position paper,0.03134650983079614,0
N0P118,SEED_35,0,29,position paper,0.053243975534267386,0
N0P118,SEED_90,0,29,position paper,0.10168314958353901,0
N0P118,SEED_58,1,29,position paper,0.04043276523483182,0
N0P118,SEED_49,0,29,position paper,0.032768873721272004,0
N0P118,SEED_41,0,29,position paper,0.06663729499428636,0
N0P118,SEED_46,0,29,position paper,0.027379269989798654,0
N0P118,SEED_76,0,29,position paper,0.02911097510188564,0
N0P118,SEED_96,0,29,position paper,0.10358875368385743,0
N0P118,SEED_27,1,29,position paper,0.1928425224241903,0
N0P118,SEED_40,0,29,position paper,0.03616922310850126,0
N0P118,SEED_13,0,29,position paper,0.030904771618012833,0
N0P118,SEED_118,1,29,position paper,0.03264322768755141,0
N0P95,SEED_57,1,29,position paper,0.03673991558283747,0
N0P95,SEED_87,1,29,position paper,0.14276304721670452,0
N0P95,SEED_48,1,29,position paper,0.029185376778173528,0
N0P95,SEED_114,0,29,position paper,0.05371749025215298,0
N0P95,SEED_16,0,29,position paper,0.06580490852851562,0
N0P95,SEED_83,0,29,position paper,0.052741438587646794,0
N0P95,SEED_67,1,29,position paper,0.05032975495304677,0
N0P95,SEED_50,0,29,position paper,0.07323859452802539,0
N0P95,SEED_28,0,29,position paper,0.03690431206766,0
N0P95,SEED_15,0,29,position paper,0.12583525799894296,0
N0P95,SEED_0,1,29,position paper,0.03419115971424214,0
N0P95,SEED_59,0,29,position paper,0.03537515898047227,0
N0P95,SEED_38,0,29,position paper,0.061179792753602406,0
N0P95,SEED_17,0,29,position paper,0.029211956325465183,0
N0P95,SEED_44,1,29,position paper,0.037266295783348585,0
N0P95,SEED_68,0,29,position paper,0.022306762819201194,0
N0P95,SEED_117,0,29,position paper,0.058265813707136085,0
N0P95,SEED_2,0,29,position paper,0.12297460110382108,0
N0P95,SEED_10,1,29,position paper,0.2599772228262205,0
N0P95,SEED_47,1,29,position paper,0.11197067729022589,0
N0P95,SEED_69,0,29,position paper,0.01686621307186654,0
N0P95,SEED_109,1,29,position paper,0.08741121552597077,0
N0P95,SEED_22,0,29,position paper,0.05799342396218755,0
N0P95,SEED_93,0,29,position paper,0.06110953885154956,0
N0P95,SEED_84,0,29,position paper,0.07184420324302587,0
N0P95,SEED_111,0,29,position paper,0.04969971145347565,0
N0P95,SEED_96,0,29,position paper,0.10358875368385743,0
N0P95,SEED_86,0,29,position paper,0.07467253707820579,0
N0P95,SEED_54,0,29,position paper,0.0252978715058926,0
N0P95,SEED_118,1,29,position paper,0.03264322768755141,0
N0P41,SEED_87,0,29,literature review,0.14276304721670452,0
N0P41,SEED_92,0,29,literature review,0.05106624582263099,0
N0P41,SEED_16,0,29,literature review,0.06580490852851562,0
N0P41,SEED_107,1,29,literature review,0.042538122034430435,0
N0P41,SEED_100,0,29,literature review,0.022251536993773687,0
N0P41,SEED_98,1,29,literature review,0.011894667691759708,0
N0P41,SEED_28,0,29,literature review,0.03690431206766,0
N0P41,SEED_12,0,29,literature review,0.06332329199540948,0
N0P41,SEED_79,0,29,literature review,0.1318500750967745,0
N0P41,SEED_24,1,29,literature review,0.06525103738400904,0
N0P41,SEED_32,1,29,literature review,0.09735164776405995,0
N0P41,SEED_106,1,29,literature review,0.0396656199956952,0
N0P41,SEED_39,0,29,literature review,0.03555690750708022,0
N0P41,SEED_81,1,29,literature review,0.035788322601505926,0
N0P41,SEED_4,0,29,literature review,0.10778007277480268,0
N0P41,SEED_17,1,29,literature review,0.029211956325465183,0
N0P41,SEED_5,0,29,literature review,0.04891575446422762,0
N0P41,SEED_82,0,29,literature review,0.031946399533903824,0
N0P41,SEED_53,1,29,literature review,0.08163751252417001,0
N0P41,SEED_93,0,29,literature review,0.06110953885154956,0
N0P41,SEED_11,1,29,literature review,0.06461885091273475,0
N0P41,SEED_84,0,29,literature review,0.07184420324302587,0
N0P41,SEED_37,0,29,literature review,0.0916688018924311,0
N0P41,SEED_41,0,29,literature review,0.06663729499428636,0
N0P41,SEED_80,0,29,literature review,0.05412529367962349,0
N0P41,SEED_74,0,29,literature review,0.045788952881914514,0
N0P41,SEED_96,0,29,literature review,0.10358875368385743,0
N0P41,SEED_86,0,29,literature review,0.07467253707820579,0
N0P41,SEED_46,1,29,literature review,0.027379269989798654,0
N0P41,SEED_56,0,29,literature review,0.021739942781307576,0
N0P81,SEED_64,0,29,literature review,0.07877200791990707,0
N0P81,SEED_57,1,29,literature review,0.03673991558283747,0
N0P81,SEED_87,1,29,literature review,0.14276304721670452,0
N0P81,SEED_43,0,29,literature review,0.05652341745969014,0
N0P81,SEED_16,0,29,literature review,0.06580490852851562,0
N0P81,SEED_78,0,29,literature review,0.0228613868635909,0
N0P81,SEED_97,0,29,literature review,0.03609440995756307,0
N0P81,SEED_50,0,29,literature review,0.07323859452802539,0
N0P81,SEED_71,0,29,literature review,0.01920486060179593,0
N0P81,SEED_15,0,29,literature review,0.12583525799894296,0
N0P81,SEED_12,0,29,literature review,0.06332329199540948,0
N0P81,SEED_24,1,29,literature review,0.06525103738400904,0
N0P81,SEED_9,1,29,literature review,0.05790057358028041,0
N0P81,SEED_79,0,29,literature review,0.1318500750967745,0
N0P81,SEED_65,0,29,literature review,0.09967558011174742,0
N0P81,SEED_105,0,29,literature review,0.024092964382771427,0
N0P81,SEED_51,1,29,literature review,0.09567458183955731,0
N0P81,SEED_113,0,29,literature review,0.03869600182636786,0
N0P81,SEED_70,1,29,literature review,0.08172477101102746,0
N0P81,SEED_117,0,29,literature review,0.058265813707136085,0
N0P81,SEED_36,1,29,literature review,0.13828262665054547,0
N0P81,SEED_47,1,29,literature review,0.11197067729022589,0
N0P81,SEED_77,1,29,literature review,0.09597717740914226,0
N0P81,SEED_25,0,29,literature review,0.03134650983079614,0
N0P81,SEED_35,0,29,literature review,0.053243975534267386,0
N0P81,SEED_49,0,29,literature review,0.032768873721272004,0
N0P81,SEED_46,1,29,literature review,0.027379269989798654,0
N0P81,SEED_96,0,29,literature review,0.10358875368385743,0
N0P81,SEED_18,0,29,literature review,0.07930603337696131,0
N0P81,SEED_118,0,29,literature review,0.03264322768755141,0
N0P20,SEED_43,1,29,position paper,0.05652341745969014,0
N0P20,SEED_110,0,29,position paper,0.08655273033551042,0
N0P20,SEED_48,1,29,position paper,0.029185376778173528,0
N0P20,SEED_97,0,29,position paper,0.03609440995756307,0
N0P20,SEED_83,0,29,position paper,0.052741438587646794,0
N0P20,SEED_98,1,29,position paper,0.011894667691759708,0
N0P20,SEED_3,1,29,position paper,0.06798054115184436,0
N0P20,SEED_31,0,29,position paper,0.033526494815073346,0
N0P20,SEED_28,0,29,position paper,0.03690431206766,0
N0P20,SEED_32,1,29,position paper,0.09735164776405995,0
N0P20,SEED_79,0,29,position paper,0.1318500750967745,0
N0P20,SEED_106,0,29,position paper,0.0396656199956952,0
N0P20,SEED_95,0,29,position paper,0.18268931412556882,0
N0P20,SEED_44,0,29,position paper,0.037266295783348585,0
N0P20,SEED_2,0,29,position paper,0.12297460110382108,0
N0P20,SEED_5,0,29,position paper,0.04891575446422762,0
N0P20,SEED_60,0,29,position paper,0.03900336059186124,0
N0P20,SEED_10,1,29,position paper,0.2599772228262205,0
N0P20,SEED_104,1,29,position paper,0.027022006506890947,0
N0P20,SEED_69,0,29,position paper,0.01686621307186654,0
N0P20,SEED_53,0,29,position paper,0.08163751252417001,0
N0P20,SEED_6,1,29,position paper,0.03894507193462498,0
N0P20,SEED_8,0,29,position paper,0.06872182608709806,0
N0P20,SEED_25,0,29,position paper,0.03134650983079614,0
N0P20,SEED_35,0,29,position paper,0.053243975534267386,0
N0P20,SEED_112,0,29,position paper,0.04763731112793226,0
N0P20,SEED_58,0,29,position paper,0.04043276523483182,0
N0P20,SEED_41,0,29,position paper,0.06663729499428636,0
N0P20,SEED_96,0,29,position paper,0.10358875368385743,0
N0P20,SEED_27,1,29,position paper,0.1928425224241903,0
N0P59,SEED_64,1,29,position paper,0.07877200791990707,0
N0P59,SEED_57,1,29,position paper,0.03673991558283747,0
N0P59,SEED_43,1,29,position paper,0.05652341745969014,0
N0P59,SEED_107,0,29,position paper,0.042538122034430435,0
N0P59,SEED_78,0,29,position paper,0.0228613868635909,0
N0P59,SEED_100,0,29,position paper,0.022251536993773687,0
N0P59,SEED_67,0,29,position paper,0.05032975495304677,0
N0P59,SEED_31,0,29,position paper,0.033526494815073346,0
N0P59,SEED_7,0,29,position paper,0.021341441722662596,0
N0P59,SEED_103,1,29,position paper,0.1317058804580309,0
N0P59,SEED_19,0,29,position paper,0.04109700523383222,0
N0P59,SEED_116,0,29,position paper,0.15216520399588473,0
N0P59,SEED_5,0,29,position paper,0.04891575446422762,0
N0P59,SEED_82,0,29,position paper,0.031946399533903824,0
N0P59,SEED_36,1,29,position paper,0.13828262665054547,0
N0P59,SEED_60,0,29,position paper,0.03900336059186124,0
N0P59,SEED_10,0,29,position paper,0.2599772228262205,0
N0P59,SEED_47,0,29,position paper,0.11197067729022589,0
N0P59,SEED_77,1,29,position paper,0.09597717740914226,0
N0P59,SEED_66,0,29,position paper,0.009691035124209286,0
N0P59,SEED_22,1,29,position paper,0.05799342396218755,0
N0P59,SEED_52,0,29,position paper,0.0773265984984997,0
N0P59,SEED_91,0,29,position paper,0.037739388173408044,0
N0P59,SEED_90,1,29,position paper,0.10168314958353901,0
N0P59,SEED_49,0,29,position paper,0.032768873721272004,0
N0P59,SEED_20,1,29,position paper,0.029535688085893946,0
N0P59,SEED_41,1,29,position paper,0.06663729499428636,0
N0P59,SEED_46,0,29,position paper,0.027379269989798654,0
N0P59,SEED_13,0,29,position paper,0.030904771618012833,0
N0P59,SEED_56,0,29,position paper,0.021739942781307576,0
N0P21,SEED_86,0,29,literature review,0.07467253707820579,0
N0P21,SEED_89,0,29,literature review,0.013011664337656105,0
N0P21,SEED_16,0,29,literature review,0.06580490852851562,0
N0P21,SEED_48,0,29,literature review,0.029185376778173528,0
N0P21,SEED_101,0,29,literature review,0.023490079101840138,0
N0P21,SEED_98,1,29,literature review,0.011894667691759708,0
N0P21,SEED_3,1,29,literature review,0.06798054115184436,0
N0P21,SEED_50,0,29,literature review,0.07323859452802539,0
N0P21,SEED_73,0,29,literature review,0.09938073079147507,0
N0P21,SEED_32,1,29,literature review,0.09735164776405995,0
N0P21,SEED_106,1,29,literature review,0.0396656199956952,0
N0P21,SEED_95,1,29,literature review,0.18268931412556882,0
N0P21,SEED_59,0,29,literature review,0.03537515898047227,0
N0P21,SEED_39,0,29,literature review,0.03555690750708022,0
N0P21,SEED_85,1,29,literature review,0.06585964077621878,0
N0P21,SEED_30,0,29,literature review,0.045065154448624835,0
N0P21,SEED_99,0,29,literature review,0.058671135460116444,0
N0P21,SEED_60,1,29,literature review,0.03900336059186124,0
N0P21,SEED_21,0,29,literature review,0.04332717025608329,0
N0P21,SEED_115,0,29,literature review,0.02209761458825523,0
N0P21,SEED_47,1,29,literature review,0.11197067729022589,0
N0P21,SEED_72,0,29,literature review,0.07981472218677699,0
N0P21,SEED_14,1,29,literature review,0.029758165991292006,0
N0P21,SEED_77,0,29,literature review,0.09597717740914226,0
N0P21,SEED_25,0,29,literature review,0.03134650983079614,0
N0P21,SEED_91,0,29,literature review,0.037739388173408044,0
N0P21,SEED_20,0,29,literature review,0.029535688085893946,0
N0P21,SEED_74,0,29,literature review,0.045788952881914514,0
N0P21,SEED_27,1,29,literature review,0.1928425224241903,0
N0P21,SEED_13,0,29,literature review,0.030904771618012833,0
N0P23,SEED_57,1,29,literature review,0.03673991558283747,0
N0P23,SEED_43,0,29,literature review,0.05652341745969014,0
N0P23,SEED_48,1,29,literature review,0.029185376778173528,0
N0P23,SEED_78,0,29,literature review,0.0228613868635909,0
N0P23,SEED_61,1,29,literature review,0.059968033729275456,0
N0P23,SEED_83,0,29,literature review,0.052741438587646794,0
N0P23,SEED_114,0,29,literature review,0.05371749025215298,0
N0P23,SEED_101,0,29,literature review,0.023490079101840138,0
N0P23,SEED_75,0,29,literature review,0.004317454748062883,0
N0P23,SEED_31,0,29,literature review,0.033526494815073346,0
N0P23,SEED_105,0,29,literature review,0.024092964382771427,0
N0P23,SEED_59,0,29,literature review,0.03537515898047227,0
N0P23,SEED_113,0,29,literature review,0.03869600182636786,0
N0P23,SEED_103,1,29,literature review,0.1317058804580309,0
N0P23,SEED_85,1,29,literature review,0.06585964077621878,0
N0P23,SEED_68,0,29,literature review,0.022306762819201194,0
N0P23,SEED_117,0,29,literature review,0.058265813707136085,0
N0P23,SEED_99,0,29,literature review,0.058671135460116444,0
N0P23,SEED_72,0,29,literature review,0.07981472218677699,0
N0P23,SEED_66,0,29,literature review,0.009691035124209286,0
N0P23,SEED_93,0,29,literature review,0.06110953885154956,0
N0P23,SEED_22,1,29,literature review,0.05799342396218755,0
N0P23,SEED_11,1,29,literature review,0.06461885091273475,0
N0P23,SEED_119,0,29,literature review,0.07263413180061329,0
N0P23,SEED_35,0,29,literature review,0.053243975534267386,0
N0P23,SEED_55,1,29,literature review,0.09584107046851154,0
N0P23,SEED_108,1,29,literature review,0.11699373395608792,0
N0P23,SEED_34,0,29,literature review,0.08548426810230766,0
N0P23,SEED_41,0,29,literature review,0.06663729499428636,0
N0P23,SEED_96,0,29,literature review,0.10358875368385743,0
N0P77,SEED_43,1,29,position paper,0.05652341745969014,0
N0P77,SEED_92,1,29,position paper,0.05106624582263099,0
N0P77,SEED_33,1,29,position paper,0.03666889624528128,0
N0P77,SEED_107,0,29,position paper,0.042538122034430435,0
N0P77,SEED_110,0,29,position paper,0.08655273033551042,0
N0P77,SEED_83,0,29,position paper,0.052741438587646794,0
N0P77,SEED_26,0,29,position paper,0.07104261452564097,0
N0P77,SEED_98,1,29,position paper,0.011894667691759708,0
N0P77,SEED_3,1,29,position paper,0.06798054115184436,0
N0P77,SEED_73,0,29,position paper,0.09938073079147507,0
N0P77,SEED_79,0,29,position paper,0.1318500750967745,0
N0P77,SEED_106,0,29,position paper,0.0396656199956952,0
N0P77,SEED_105,0,29,position paper,0.024092964382771427,0
N0P77,SEED_81,0,29,position paper,0.035788322601505926,0
N0P77,SEED_63,0,29,position paper,0.04603307219547203,0
N0P77,SEED_5,0,29,position paper,0.04891575446422762,0
N0P77,SEED_82,0,29,position paper,0.031946399533903824,0
N0P77,SEED_104,0,29,position paper,0.027022006506890947,0
N0P77,SEED_10,0,29,position paper,0.2599772228262205,0
N0P77,SEED_115,0,29,position paper,0.02209761458825523,0
N0P77,SEED_69,0,29,position paper,0.01686621307186654,0
N0P77,SEED_72,0,29,position paper,0.07981472218677699,0
N0P77,SEED_53,1,29,position paper,0.08163751252417001,0
N0P77,SEED_109,0,29,position paper,0.08741121552597077,0
N0P77,SEED_77,1,29,position paper,0.09597717740914226,0
N0P77,SEED_84,1,29,position paper,0.07184420324302587,0
N0P77,SEED_37,0,29,position paper,0.0916688018924311,0
N0P77,SEED_111,0,29,position paper,0.04969971145347565,0
N0P77,SEED_80,0,29,position paper,0.05412529367962349,0
N0P77,SEED_118,1,29,position paper,0.03264322768755141,0
N0P22,SEED_64,0,29,position paper,0.07877200791990707,0
N0P22,SEED_89,0,29,position paper,0.013011664337656105,0
N0P22,SEED_87,1,29,position paper,0.14276304721670452,0
N0P22,SEED_43,0,29,position paper,0.05652341745969014,0
N0P22,SEED_100,0,29,position paper,0.022251536993773687,0
N0P22,SEED_101,0,29,position paper,0.023490079101840138,0
N0P22,SEED_98,1,29,position paper,0.011894667691759708,0
N0P22,SEED_15,1,29,position paper,0.12583525799894296,0
N0P22,SEED_103,1,29,position paper,0.1317058804580309,0
N0P22,SEED_81,0,29,position paper,0.035788322601505926,0
N0P22,SEED_38,0,29,position paper,0.061179792753602406,0
N0P22,SEED_62,1,29,position paper,0.04784216452869475,0
N0P22,SEED_44,0,29,position paper,0.037266295783348585,0
N0P22,SEED_68,0,29,position paper,0.022306762819201194,0
N0P22,SEED_5,0,29,position paper,0.04891575446422762,0
N0P22,SEED_82,0,29,position paper,0.031946399533903824,0
N0P22,SEED_47,1,29,position paper,0.11197067729022589,0
N0P22,SEED_72,0,29,position paper,0.07981472218677699,0
N0P22,SEED_53,0,29,position paper,0.08163751252417001,0
N0P22,SEED_8,1,29,position paper,0.06872182608709806,0
N0P22,SEED_119,0,29,position paper,0.07263413180061329,0
N0P22,SEED_84,0,29,position paper,0.07184420324302587,0
N0P22,SEED_55,1,29,position paper,0.09584107046851154,0
N0P22,SEED_108,1,29,position paper,0.11699373395608792,0
N0P22,SEED_1,0,29,position paper,0.13141875515524984,0
N0P22,SEED_58,0,29,position paper,0.04043276523483182,0
N0P22,SEED_46,0,29,position paper,0.027379269989798654,0
N0P22,SEED_76,0,29,position paper,0.02911097510188564,0
N0P22,SEED_13,1,29,position paper,0.030904771618012833,0
N0P22,SEED_54,0,29,position paper,0.0252978715058926,0
N0P42,SEED_64,0,29,literature review,0.07877200791990707,0
N0P42,SEED_86,0,29,literature review,0.07467253707820579,0
N0P42,SEED_43,0,29,literature review,0.05652341745969014,0
N0P42,SEED_92,0,29,literature review,0.05106624582263099,0
N0P42,SEED_16,0,29,literature review,0.06580490852851562,0
N0P42,SEED_61,1,29,literature review,0.059968033729275456,0
N0P42,SEED_107,0,29,literature review,0.042538122034430435,0
N0P42,SEED_114,0,29,literature review,0.05371749025215298,0
N0P42,SEED_100,0,29,literature review,0.022251536993773687,0
N0P42,SEED_67,1,29,literature review,0.05032975495304677,0
N0P42,SEED_50,0,29,literature review,0.07323859452802539,0
N0P42,SEED_71,0,29,literature review,0.01920486060179593,0
N0P42,SEED_28,0,29,literature review,0.03690431206766,0
N0P42,SEED_32,1,29,literature review,0.09735164776405995,0
N0P42,SEED_9,0,29,literature review,0.05790057358028041,0
N0P42,SEED_106,1,29,literature review,0.0396656199956952,0
N0P42,SEED_105,0,29,literature review,0.024092964382771427,0
N0P42,SEED_95,1,29,literature review,0.18268931412556882,0
N0P42,SEED_59,0,29,literature review,0.03537515898047227,0
N0P42,SEED_103,0,29,literature review,0.1317058804580309,0
N0P42,SEED_21,1,29,literature review,0.04332717025608329,0
N0P42,SEED_69,0,29,literature review,0.01686621307186654,0
N0P42,SEED_14,1,29,literature review,0.029758165991292006,0
N0P42,SEED_25,1,29,literature review,0.03134650983079614,0
N0P42,SEED_37,1,29,literature review,0.0916688018924311,0
N0P42,SEED_112,0,29,literature review,0.04763731112793226,0
N0P42,SEED_34,0,29,literature review,0.08548426810230766,0
N0P42,SEED_46,0,29,literature review,0.027379269989798654,0
N0P42,SEED_96,0,29,literature review,0.10358875368385743,0
N0P42,SEED_18,1,29,literature review,0.07930603337696131,0
N0P5,SEED_64,0,29,literature review,0.07877200791990707,0
N0P5,SEED_86,0,29,literature review,0.07467253707820579,0
N0P5,SEED_110,0,29,literature review,0.08655273033551042,0
N0P5,SEED_61,1,29,literature review,0.059968033729275456,0
N0P5,SEED_67,0,29,literature review,0.05032975495304677,0
N0P5,SEED_94,1,29,literature review,0.1502174121454999,0
N0P5,SEED_31,1,29,literature review,0.033526494815073346,0
N0P5,SEED_15,0,29,literature review,0.12583525799894296,0
N0P5,SEED_65,0,29,literature review,0.09967558011174742,0
N0P5,SEED_95,1,29,literature review,0.18268931412556882,0
N0P5,SEED_7,0,29,literature review,0.021341441722662596,0
N0P5,SEED_51,0,29,literature review,0.09567458183955731,0
N0P5,SEED_113,0,29,literature review,0.03869600182636786,0
N0P5,SEED_30,0,29,literature review,0.045065154448624835,0
N0P5,SEED_116,0,29,literature review,0.15216520399588473,0
N0P5,SEED_117,0,29,literature review,0.058265813707136085,0
N0P5,SEED_99,0,29,literature review,0.058671135460116444,0
N0P5,SEED_10,1,29,literature review,0.2599772228262205,0
N0P5,SEED_23,1,29,literature review,0.24419454417762076,0
N0P5,SEED_69,0,29,literature review,0.01686621307186654,0
N0P5,SEED_72,0,29,literature review,0.07981472218677699,0
N0P5,SEED_6,1,29,literature review,0.03894507193462498,0
N0P5,SEED_8,0,29,literature review,0.06872182608709806,0
N0P5,SEED_37,0,29,literature review,0.0916688018924311,0
N0P5,SEED_108,1,29,literature review,0.11699373395608792,0
N0P5,SEED_20,1,29,literature review,0.029535688085893946,0
N0P5,SEED_74,0,29,literature review,0.045788952881914514,0
N0P5,SEED_76,0,29,literature review,0.02911097510188564,0
N0P5,SEED_27,1,29,literature review,0.1928425224241903,0
N0P5,SEED_40,0,29,literature review,0.03616922310850126,0
N0P0,SEED_33,1,29,position paper,0.03666889624528128,0
N0P0,SEED_16,0,29,position paper,0.06580490852851562,0
N0P0,SEED_97,0,29,position paper,0.03609440995756307,0
N0P0,SEED_98,0,29,position paper,0.011894667691759708,0
N0P0,SEED_67,0,29,position paper,0.05032975495304677,0
N0P0,SEED_106,0,29,position paper,0.0396656199956952,0
N0P0,SEED_7,0,29,position paper,0.021341441722662596,0
N0P0,SEED_39,0,29,position paper,0.03555690750708022,0
N0P0,SEED_103,1,29,position paper,0.1317058804580309,0
N0P0,SEED_62,0,29,position paper,0.04784216452869475,0
N0P0,SEED_30,0,29,position paper,0.045065154448624835,0
N0P0,SEED_116,0,29,position paper,0.15216520399588473,0
N0P0,SEED_68,0,29,position paper,0.022306762819201194,0
N0P0,SEED_70,1,29,position paper,0.08172477101102746,0
N0P0,SEED_99,0,29,position paper,0.058671135460116444,0
N0P0,SEED_104,1,29,position paper,0.027022006506890947,0
N0P0,SEED_10,0,29,position paper,0.2599772228262205,0
N0P0,SEED_60,0,29,position paper,0.03900336059186124,0
N0P0,SEED_21,0,29,position paper,0.04332717025608329,0
N0P0,SEED_72,1,29,position paper,0.07981472218677699,0
N0P0,SEED_14,1,29,position paper,0.029758165991292006,0
N0P0,SEED_77,1,29,position paper,0.09597717740914226,0
N0P0,SEED_93,0,29,position paper,0.06110953885154956,0
N0P0,SEED_8,1,29,position paper,0.06872182608709806,0
N0P0,SEED_84,0,29,position paper,0.07184420324302587,0
N0P0,SEED_112,0,29,position paper,0.04763731112793226,0
N0P0,SEED_108,1,29,position paper,0.11699373395608792,0
N0P0,SEED_46,0,29,position paper,0.027379269989798654,0
N0P0,SEED_54,0,29,position paper,0.0252978715058926,0
N0P0,SEED_118,1,29,position paper,0.03264322768755141,0
N0P96,SEED_57,1,29,position paper,0.03673991558283747,0
N0P96,SEED_92,0,29,position paper,0.05106624582263099,0
N0P96,SEED_48,1,29,position paper,0.029185376778173528,0
N0P96,SEED_78,0,29,position paper,0.0228613868635909,0
N0P96,SEED_107,0,29,position paper,0.042538122034430435,0
N0P96,SEED_97,0,29,position paper,0.03609440995756307,0
N0P96,SEED_26,0,29,position paper,0.07104261452564097,0
N0P96,SEED_98,1,29,position paper,0.011894667691759708,0
N0P96,SEED_31,0,29,position paper,0.033526494815073346,0
N0P96,SEED_12,0,29,position paper,0.06332329199540948,0
N0P96,SEED_24,1,29,position paper,0.06525103738400904,0
N0P96,SEED_105,0,29,position paper,0.024092964382771427,0
N0P96,SEED_103,0,29,position paper,0.1317058804580309,0
N0P96,SEED_4,0,29,position paper,0.10778007277480268,0
N0P96,SEED_30,0,29,position paper,0.045065154448624835,0
N0P96,SEED_29,0,29,position paper,0.07042009300336129,0
N0P96,SEED_44,1,29,position paper,0.037266295783348585,0
N0P96,SEED_19,1,29,position paper,0.04109700523383222,0
N0P96,SEED_2,0,29,position paper,0.12297460110382108,0
N0P96,SEED_53,1,29,position paper,0.08163751252417001,0
N0P96,SEED_14,1,29,position paper,0.029758165991292006,0
N0P96,SEED_6,1,29,position paper,0.03894507193462498,0
N0P96,SEED_8,0,29,position paper,0.06872182608709806,0
N0P96,SEED_84,0,29,position paper,0.07184420324302587,0
N0P96,SEED_35,0,29,position paper,0.053243975534267386,0
N0P96,SEED_90,0,29,position paper,0.10168314958353901,0
N0P96,SEED_58,0,29,position paper,0.04043276523483182,0
N0P96,SEED_76,0,29,position paper,0.02911097510188564,0
N0P96,SEED_96,0,29,position paper,0.10358875368385743,0
N0P96,SEED_86,0,29,position paper,0.07467253707820579,0
N0P14,SEED_42,0,29,position paper,0.051653349129091995,0
N0P14,SEED_107,0,29,position paper,0.042538122034430435,0
N0P14,SEED_83,0,29,position paper,0.052741438587646794,0
N0P14,SEED_26,1,29,position paper,0.07104261452564097,0
N0P14,SEED_100,0,29,position paper,0.022251536993773687,0
N0P14,SEED_101,0,29,position paper,0.023490079101840138,0
N0P14,SEED_94,1,29,position paper,0.1502174121454999,0
N0P14,SEED_79,0,29,position paper,0.1318500750967745,0
N0P14,SEED_65,0,29,position paper,0.09967558011174742,0
N0P14,SEED_105,0,29,position paper,0.024092964382771427,0
N0P14,SEED_59,1,29,position paper,0.03537515898047227,0
N0P14,SEED_39,0,29,position paper,0.03555690750708022,0
N0P14,SEED_81,0,29,position paper,0.035788322601505926,0
N0P14,SEED_30,0,29,position paper,0.045065154448624835,0
N0P14,SEED_27,1,29,position paper,0.1928425224241903,0
N0P14,SEED_36,1,29,position paper,0.13828262665054547,0
N0P14,SEED_60,0,29,position paper,0.03900336059186124,0
N0P14,SEED_21,0,29,position paper,0.04332717025608329,0
N0P14,SEED_10,1,29,position paper,0.2599772228262205,0
N0P14,SEED_104,0,29,position paper,0.027022006506890947,0
N0P14,SEED_109,0,29,position paper,0.08741121552597077,0
N0P14,SEED_77,1,29,position paper,0.09597717740914226,0
N0P14,SEED_11,0,29,position paper,0.06461885091273475,0
N0P14,SEED_84,0,29,position paper,0.07184420324302587,0
N0P14,SEED_55,1,29,position paper,0.09584107046851154,0
N0P14,SEED_41,0,29,position paper,0.06663729499428636,0
N0P14,SEED_74,1,29,position paper,0.045788952881914514,0
N0P14,SEED_111,0,29,position paper,0.04969971145347565,0
N0P14,SEED_86,0,29,position paper,0.07467253707820579,0
N0P14,SEED_56,0,29,position paper,0.021739942781307576,0
N0P84,SEED_64,0,29,position paper,0.07877200791990707,0
N0P84,SEED_89,0,29,position paper,0.013011664337656105,0
N0P84,SEED_87,1,29,position paper,0.14276304721670452,0
N0P84,SEED_78,0,29,position paper,0.0228613868635909,0
N0P84,SEED_26,0,29,position paper,0.07104261452564097,0
N0P84,SEED_88,1,29,position paper,0.0751324199578783,0
N0P84,SEED_94,1,29,position paper,0.1502174121454999,0
N0P84,SEED_71,0,29,position paper,0.01920486060179593,0
N0P84,SEED_31,1,29,position paper,0.033526494815073346,0
N0P84,SEED_73,1,29,position paper,0.09938073079147507,0
N0P84,SEED_24,0,29,position paper,0.06525103738400904,0
N0P84,SEED_105,0,29,position paper,0.024092964382771427,0
N0P84,SEED_7,0,29,position paper,0.021341441722662596,0
N0P84,SEED_103,1,29,position paper,0.1317058804580309,0
N0P84,SEED_4,0,29,position paper,0.10778007277480268,0
N0P84,SEED_17,0,29,position paper,0.029211956325465183,0
N0P84,SEED_19,0,29,position paper,0.04109700523383222,0
N0P84,SEED_99,0,29,position paper,0.058671135460116444,0
N0P84,SEED_2,0,29,position paper,0.12297460110382108,0
N0P84,SEED_60,0,29,position paper,0.03900336059186124,0
N0P84,SEED_53,0,29,position paper,0.08163751252417001,0
N0P84,SEED_14,1,29,position paper,0.029758165991292006,0
N0P84,SEED_66,0,29,position paper,0.009691035124209286,0
N0P84,SEED_93,0,29,position paper,0.06110953885154956,0
N0P84,SEED_56,0,29,position paper,0.021739942781307576,0
N0P84,SEED_52,0,29,position paper,0.0773265984984997,0
N0P84,SEED_90,1,29,position paper,0.10168314958353901,0
N0P84,SEED_18,1,29,position paper,0.07930603337696131,0
N0P84,SEED_40,0,29,position paper,0.03616922310850126,0
N0P84,SEED_118,1,29,position paper,0.03264322768755141,0
N0P80,SEED_64,1,29,position paper,0.07877200791990707,0
N0P80,SEED_33,1,29,position paper,0.03666889624528128,0
N0P80,SEED_107,0,29,position paper,0.042538122034430435,0
N0P80,SEED_96,0,29,position paper,0.10358875368385743,0
N0P80,SEED_83,1,29,position paper,0.052741438587646794,0
N0P80,SEED_45,0,29,position paper,0.04818303463809887,0
N0P80,SEED_95,1,29,position paper,0.18268931412556882,0
N0P80,SEED_51,1,29,position paper,0.09567458183955731,0
N0P80,SEED_113,0,29,position paper,0.03869600182636786,0
N0P80,SEED_30,0,29,position paper,0.045065154448624835,0
N0P80,SEED_27,1,29,position paper,0.1928425224241903,0
N0P80,SEED_17,0,29,position paper,0.029211956325465183,0
N0P80,SEED_68,0,29,position paper,0.022306762819201194,0
N0P80,SEED_63,0,29,position paper,0.04603307219547203,0
N0P80,SEED_5,0,29,position paper,0.04891575446422762,0
N0P80,SEED_36,1,29,position paper,0.13828262665054547,0
N0P80,SEED_60,0,29,position paper,0.03900336059186124,0
N0P80,SEED_72,0,29,position paper,0.07981472218677699,0
N0P80,SEED_6,1,29,position paper,0.03894507193462498,0
N0P80,SEED_93,0,29,position paper,0.06110953885154956,0
N0P80,SEED_55,1,29,position paper,0.09584107046851154,0
N0P80,SEED_112,0,29,position paper,0.04763731112793226,0
N0P80,SEED_1,0,29,position paper,0.13141875515524984,0
N0P80,SEED_58,1,29,position paper,0.04043276523483182,0
N0P80,SEED_111,0,29,position paper,0.04969971145347565,0
N0P80,SEED_74,0,29,position paper,0.045788952881914514,0
N0P80,SEED_76,0,29,position paper,0.02911097510188564,0
N0P80,SEED_46,0,29,position paper,0.027379269989798654,0
N0P80,SEED_86,0,29,position paper,0.07467253707820579,0
N0P80,SEED_13,0,29,position paper,0.030904771618012833,0
N0P88,SEED_92,0,29,literature review,0.05106624582263099,0
N0P88,SEED_61,1,29,literature review,0.059968033729275456,0
N0P88,SEED_83,0,29,literature review,0.052741438587646794,0
N0P88,SEED_97,0,29,literature review,0.03609440995756307,0
N0P88,SEED_98,1,29,literature review,0.011894667691759708,0
N0P88,SEED_50,0,29,literature review,0.07323859452802539,0
N0P88,SEED_94,1,29,literature review,0.1502174121454999,0
N0P88,SEED_73,0,29,literature review,0.09938073079147507,0
N0P88,SEED_95,1,29,literature review,0.18268931412556882,0
N0P88,SEED_7,0,29,literature review,0.021341441722662596,0
N0P88,SEED_4,0,29,literature review,0.10778007277480268,0
N0P88,SEED_29,0,29,literature review,0.07042009300336129,0
N0P88,SEED_116,0,29,literature review,0.15216520399588473,0
N0P88,SEED_68,0,29,literature review,0.022306762819201194,0
N0P88,SEED_82,0,29,literature review,0.031946399533903824,0
N0P88,SEED_36,1,29,literature review,0.13828262665054547,0
N0P88,SEED_60,1,29,literature review,0.03900336059186124,0
N0P88,SEED_115,0,29,literature review,0.02209761458825523,0
N0P88,SEED_53,1,29,literature review,0.08163751252417001,0
N0P88,SEED_11,0,29,literature review,0.06461885091273475,0
N0P88,SEED_22,0,29,literature review,0.05799342396218755,0
N0P88,SEED_25,1,29,literature review,0.03134650983079614,0
N0P88,SEED_52,0,29,literature review,0.0773265984984997,0
N0P88,SEED_112,0,29,literature review,0.04763731112793226,0
N0P88,SEED_108,0,29,literature review,0.11699373395608792,0
N0P88,SEED_20,1,29,literature review,0.029535688085893946,0
N0P88,SEED_41,0,29,literature review,0.06663729499428636,0
N0P88,SEED_111,0,29,literature review,0.04969971145347565,0
N0P88,SEED_96,0,29,literature review,0.10358875368385743,0
N0P88,SEED_118,1,29,literature review,0.03264322768755141,0
N0P3,SEED_57,1,29,literature review,0.03673991558283747,0
N0P3,SEED_110,1,29,literature review,0.08655273033551042,0
N0P3,SEED_43,0,29,literature review,0.05652341745969014,0
N0P3,SEED_83,0,29,literature review,0.052741438587646794,0
N0P3,SEED_31,1,29,literature review,0.033526494815073346,0
N0P3,SEED_12,0,29,literature review,0.06332329199540948,0
N0P3,SEED_24,0,29,literature review,0.06525103738400904,0
N0P3,SEED_9,1,29,literature review,0.05790057358028041,0
N0P3,SEED_106,0,29,literature review,0.0396656199956952,0
N0P3,SEED_105,0,29,literature review,0.024092964382771427,0
N0P3,SEED_7,0,29,literature review,0.021341441722662596,0
N0P3,SEED_51,1,29,literature review,0.09567458183955731,0
N0P3,SEED_59,0,29,literature review,0.03537515898047227,0
N0P3,SEED_113,0,29,literature review,0.03869600182636786,0
N0P3,SEED_102,0,29,literature review,0.05485994308932408,0
N0P3,SEED_17,0,29,literature review,0.029211956325465183,0
N0P3,SEED_68,0,29,literature review,0.022306762819201194,0
N0P3,SEED_70,0,29,literature review,0.08172477101102746,0
N0P3,SEED_117,0,29,literature review,0.058265813707136085,0
N0P3,SEED_82,1,29,literature review,0.031946399533903824,0
N0P3,SEED_23,1,29,literature review,0.24419454417762076,0
N0P3,SEED_115,0,29,literature review,0.02209761458825523,0
N0P3,SEED_6,1,29,literature review,0.03894507193462498,0
N0P3,SEED_93,0,29,literature review,0.06110953885154956,0
N0P3,SEED_56,0,29,literature review,0.021739942781307576,0
N0P3,SEED_35,0,29,literature review,0.053243975534267386,0
N0P3,SEED_86,0,29,literature review,0.07467253707820579,0
N0P3,SEED_13,1,29,literature review,0.030904771618012833,0
N0P3,SEED_54,0,29,literature review,0.0252978715058926,0
N0P3,SEED_118,1,29,literature review,0.03264322768755141,0
N0P16,SEED_64,1,29,literature review,0.07877200791990707,0
N0P16,SEED_57,1,29,literature review,0.03673991558283747,0
N0P16,SEED_92,0,29,literature review,0.05106624582263099,0
N0P16,SEED_33,1,29,literature review,0.03666889624528128,0
N0P16,SEED_78,0,29,literature review,0.0228613868635909,0
N0P16,SEED_97,0,29,literature review,0.03609440995756307,0
N0P16,SEED_67,0,29,literature review,0.05032975495304677,0
N0P16,SEED_71,0,29,literature review,0.01920486060179593,0
N0P16,SEED_31,0,29,literature review,0.033526494815073346,0
N0P16,SEED_15,1,29,literature review,0.12583525799894296,0
N0P16,SEED_95,0,29,literature review,0.18268931412556882,0
N0P16,SEED_59,0,29,literature review,0.03537515898047227,0
N0P16,SEED_85,1,29,literature review,0.06585964077621878,0
N0P16,SEED_81,0,29,literature review,0.035788322601505926,0
N0P16,SEED_102,0,29,literature review,0.05485994308932408,0
N0P16,SEED_17,1,29,literature review,0.029211956325465183,0
N0P16,SEED_116,0,29,literature review,0.15216520399588473,0
N0P16,SEED_117,0,29,literature review,0.058265813707136085,0
N0P16,SEED_70,0,29,literature review,0.08172477101102746,0
N0P16,SEED_60,0,29,literature review,0.03900336059186124,0
N0P16,SEED_6,1,29,literature review,0.03894507193462498,0
N0P16,SEED_119,0,29,literature review,0.07263413180061329,0
N0P16,SEED_108,1,29,literature review,0.11699373395608792,0
N0P16,SEED_58,1,29,literature review,0.04043276523483182,0
N0P16,SEED_20,1,29,literature review,0.029535688085893946,0
N0P16,SEED_76,0,29,literature review,0.02911097510188564,0
N0P16,SEED_96,0,29,literature review,0.10358875368385743,0
N0P16,SEED_40,0,29,literature review,0.03616922310850126,0
N0P16,SEED_54,0,29,literature review,0.0252978715058926,0
N0P16,SEED_56,0,29,literature review,0.021739942781307576,0
N0P39,SEED_86,0,29,literature review,0.07467253707820579,0
N0P39,SEED_87,0,29,literature review,0.14276304721670452,0
N0P39,SEED_48,0,29,literature review,0.029185376778173528,0
N0P39,SEED_78,0,29,literature review,0.0228613868635909,0
N0P39,SEED_107,0,29,literature review,0.042538122034430435,0
N0P39,SEED_75,0,29,literature review,0.004317454748062883,0
N0P39,SEED_79,0,29,literature review,0.1318500750967745,0
N0P39,SEED_32,1,29,literature review,0.09735164776405995,0
N0P39,SEED_106,0,29,literature review,0.0396656199956952,0
N0P39,SEED_9,1,29,literature review,0.05790057358028041,0
N0P39,SEED_59,0,29,literature review,0.03537515898047227,0
N0P39,SEED_85,0,29,literature review,0.06585964077621878,0
N0P39,SEED_81,1,29,literature review,0.035788322601505926,0
N0P39,SEED_38,0,29,literature review,0.061179792753602406,0
N0P39,SEED_30,0,29,literature review,0.045065154448624835,0
N0P39,SEED_29,0,29,literature review,0.07042009300336129,0
N0P39,SEED_44,1,29,literature review,0.037266295783348585,0
N0P39,SEED_63,0,29,literature review,0.04603307219547203,0
N0P39,SEED_36,0,29,literature review,0.13828262665054547,0
N0P39,SEED_10,1,29,literature review,0.2599772228262205,0
N0P39,SEED_69,0,29,literature review,0.01686621307186654,0
N0P39,SEED_108,1,29,literature review,0.11699373395608792,0
N0P39,SEED_1,0,29,literature review,0.13141875515524984,0
N0P39,SEED_58,1,29,literature review,0.04043276523483182,0
N0P39,SEED_20,1,29,literature review,0.029535688085893946,0
N0P39,SEED_111,1,29,literature review,0.04969971145347565,0
N0P39,SEED_74,0,29,literature review,0.045788952881914514,0
N0P39,SEED_18,0,29,literature review,0.07930603337696131,0
N0P39,SEED_54,0,29,literature review,0.0252978715058926,0
N0P39,SEED_56,1,29,literature review,0.021739942781307576,0
N0P45,SEED_87,0,29,literature review,0.14276304721670452,0
N0P45,SEED_78,0,29,literature review,0.0228613868635909,0
N0P45,SEED_114,1,29,literature review,0.05371749025215298,0
N0P45,SEED_88,1,29,literature review,0.0751324199578783,0
N0P45,SEED_45,0,29,literature review,0.04818303463809887,0
N0P45,SEED_50,0,29,literature review,0.07323859452802539,0
N0P45,SEED_15,0,29,literature review,0.12583525799894296,0
N0P45,SEED_12,0,29,literature review,0.06332329199540948,0
N0P45,SEED_24,1,29,literature review,0.06525103738400904,0
N0P45,SEED_7,0,29,literature review,0.021341441722662596,0
N0P45,SEED_113,0,29,literature review,0.03869600182636786,0
N0P45,SEED_103,1,29,literature review,0.1317058804580309,0
N0P45,SEED_81,0,29,literature review,0.035788322601505926,0
N0P45,SEED_4,1,29,literature review,0.10778007277480268,0
N0P45,SEED_30,1,29,literature review,0.045065154448624835,0
N0P45,SEED_117,0,29,literature review,0.058265813707136085,0
N0P45,SEED_82,0,29,literature review,0.031946399533903824,0
N0P45,SEED_47,1,29,literature review,0.11197067729022589,0
N0P45,SEED_69,0,29,literature review,0.01686621307186654,0
N0P45,SEED_109,1,29,literature review,0.08741121552597077,0
N0P45,SEED_11,0,29,literature review,0.06461885091273475,0
N0P45,SEED_84,0,29,literature review,0.07184420324302587,0
N0P45,SEED_35,0,29,literature review,0.053243975534267386,0
N0P45,SEED_52,0,29,literature review,0.0773265984984997,0
N0P45,SEED_112,0,29,literature review,0.04763731112793226,0
N0P45,SEED_58,1,29,literature review,0.04043276523483182,0
N0P45,SEED_46,0,29,literature review,0.027379269989798654,0
N0P45,SEED_76,0,29,literature review,0.02911097510188564,0
N0P45,SEED_27,1,29,literature review,0.1928425224241903,0
N0P45,SEED_56,0,29,literature review,0.021739942781307576,0
N0P79,SEED_57,1,29,literature review,0.03673991558283747,0
N0P79,SEED_92,0,29,literature review,0.05106624582263099,0
N0P79,SEED_78,0,29,literature review,0.0228613868635909,0
N0P79,SEED_97,0,29,literature review,0.03609440995756307,0
N0P79,SEED_94,1,29,literature review,0.1502174121454999,0
N0P79,SEED_31,1,29,literature review,0.033526494815073346,0
N0P79,SEED_73,1,29,literature review,0.09938073079147507,0
N0P79,SEED_15,1,29,literature review,0.12583525799894296,0
N0P79,SEED_12,0,29,literature review,0.06332329199540948,0
N0P79,SEED_24,0,29,literature review,0.06525103738400904,0
N0P79,SEED_106,0,29,literature review,0.0396656199956952,0
N0P79,SEED_65,0,29,literature review,0.09967558011174742,0
N0P79,SEED_59,1,29,literature review,0.03537515898047227,0
N0P79,SEED_39,0,29,literature review,0.03555690750708022,0
N0P79,SEED_99,0,29,literature review,0.058671135460116444,0
N0P79,SEED_63,0,29,literature review,0.04603307219547203,0
N0P79,SEED_2,0,29,literature review,0.12297460110382108,0
N0P79,SEED_104,1,29,literature review,0.027022006506890947,0
N0P79,SEED_115,0,29,literature review,0.02209761458825523,0
N0P79,SEED_53,1,29,literature review,0.08163751252417001,0
N0P79,SEED_6,1,29,literature review,0.03894507193462498,0
N0P79,SEED_11,0,29,literature review,0.06461885091273475,0
N0P79,SEED_119,0,29,literature review,0.07263413180061329,0
N0P79,SEED_37,0,29,literature review,0.0916688018924311,0
N0P79,SEED_49,0,29,literature review,0.032768873721272004,0
N0P79,SEED_34,0,29,literature review,0.08548426810230766,0
N0P79,SEED_20,1,29,literature review,0.029535688085893946,0
N0P79,SEED_41,0,29,literature review,0.06663729499428636,0
N0P79,SEED_18,0,29,literature review,0.07930603337696131,0
N0P79,SEED_40,0,29,literature review,0.03616922310850126,0
N0P93,SEED_64,0,29,literature review,0.07877200791990707,0
N0P93,SEED_57,1,29,literature review,0.03673991558283747,0
N0P93,SEED_87,0,29,literature review,0.14276304721670452,0
N0P93,SEED_16,0,29,literature review,0.06580490852851562,0
N0P93,SEED_97,0,29,literature review,0.03609440995756307,0
N0P93,SEED_26,0,29,literature review,0.07104261452564097,0
N0P93,SEED_73,1,29,literature review,0.09938073079147507,0
N0P93,SEED_106,1,29,literature review,0.0396656199956952,0
N0P93,SEED_65,1,29,literature review,0.09967558011174742,0
N0P93,SEED_7,0,29,literature review,0.021341441722662596,0
N0P93,SEED_62,1,29,literature review,0.04784216452869475,0
N0P93,SEED_19,0,29,literature review,0.04109700523383222,0
N0P93,SEED_68,0,29,literature review,0.022306762819201194,0
N0P93,SEED_70,0,29,literature review,0.08172477101102746,0
N0P93,SEED_99,0,29,literature review,0.058671135460116444,0
N0P93,SEED_21,1,29,literature review,0.04332717025608329,0
N0P93,SEED_115,0,29,literature review,0.02209761458825523,0
N0P93,SEED_72,0,29,literature review,0.07981472218677699,0
N0P93,SEED_53,0,29,literature review,0.08163751252417001,0
N0P93,SEED_14,1,29,literature review,0.029758165991292006,0
N0P93,SEED_66,0,29,literature review,0.009691035124209286,0
N0P93,SEED_11,1,29,literature review,0.06461885091273475,0
N0P93,SEED_25,1,29,literature review,0.03134650983079614,0
N0P93,SEED_119,0,29,literature review,0.07263413180061329,0
N0P93,SEED_91,0,29,literature review,0.037739388173408044,0
N0P93,SEED_58,1,29,literature review,0.04043276523483182,0
N0P93,SEED_41,0,29,literature review,0.06663729499428636,0
N0P93,SEED_74,0,29,literature review,0.045788952881914514,0
N0P93,SEED_96,0,29,literature review,0.10358875368385743,0
N0P93,SEED_56,0,29,literature review,0.021739942781307576,0
N0P31,SEED_107,0,29,position paper,0.042538122034430435,0
N0P31,SEED_97,0,29,position paper,0.03609440995756307,0
N0P31,SEED_83,0,29,position paper,0.052741438587646794,0
N0P31,SEED_75,0,29,position paper,0.004317454748062883,0
N0P31,SEED_3,1,29,position paper,0.06798054115184436,0
N0P31,SEED_94,1,29,position paper,0.1502174121454999,0
N0P31,SEED_73,0,29,position paper,0.09938073079147507,0
N0P31,SEED_32,1,29,position paper,0.09735164776405995,0
N0P31,SEED_106,0,29,position paper,0.0396656199956952,0
N0P31,SEED_113,0,29,position paper,0.03869600182636786,0
N0P31,SEED_103,1,29,position paper,0.1317058804580309,0
N0P31,SEED_29,0,29,position paper,0.07042009300336129,0
N0P31,SEED_2,0,29,position paper,0.12297460110382108,0
N0P31,SEED_5,0,29,position paper,0.04891575446422762,0
N0P31,SEED_60,0,29,position paper,0.03900336059186124,0
N0P31,SEED_23,1,29,position paper,0.24419454417762076,0
N0P31,SEED_77,1,29,position paper,0.09597717740914226,0
N0P31,SEED_66,0,29,position paper,0.009691035124209286,0
N0P31,SEED_11,0,29,position paper,0.06461885091273475,0
N0P31,SEED_22,1,29,position paper,0.05799342396218755,0
N0P31,SEED_56,0,29,position paper,0.021739942781307576,0
N0P31,SEED_35,0,29,position paper,0.053243975534267386,0
N0P31,SEED_55,1,29,position paper,0.09584107046851154,0
N0P31,SEED_108,1,29,position paper,0.11699373395608792,0
N0P31,SEED_34,0,29,position paper,0.08548426810230766,0
N0P31,SEED_41,0,29,position paper,0.06663729499428636,0
N0P31,SEED_76,0,29,position paper,0.02911097510188564,0
N0P31,SEED_96,0,29,position paper,0.10358875368385743,0
N0P31,SEED_86,0,29,position paper,0.07467253707820579,0
N0P31,SEED_118,0,29,position paper,0.03264322768755141,0
N0P40,SEED_89,0,29,literature review,0.013011664337656105,0
N0P40,SEED_87,0,29,literature review,0.14276304721670452,0
N0P40,SEED_48,1,29,literature review,0.029185376778173528,0
N0P40,SEED_61,1,29,literature review,0.059968033729275456,0
N0P40,SEED_114,0,29,literature review,0.05371749025215298,0
N0P40,SEED_45,1,29,literature review,0.04818303463809887,0
N0P40,SEED_50,0,29,literature review,0.07323859452802539,0
N0P40,SEED_94,1,29,literature review,0.1502174121454999,0
N0P40,SEED_73,0,29,literature review,0.09938073079147507,0
N0P40,SEED_106,0,29,literature review,0.0396656199956952,0
N0P40,SEED_95,1,29,literature review,0.18268931412556882,0
N0P40,SEED_38,0,29,literature review,0.061179792753602406,0
N0P40,SEED_30,0,29,literature review,0.045065154448624835,0
N0P40,SEED_29,0,29,literature review,0.07042009300336129,0
N0P40,SEED_63,0,29,literature review,0.04603307219547203,0
N0P40,SEED_2,0,29,literature review,0.12297460110382108,0
N0P40,SEED_36,1,29,literature review,0.13828262665054547,0
N0P40,SEED_72,0,29,literature review,0.07981472218677699,0
N0P40,SEED_109,0,29,literature review,0.08741121552597077,0
N0P40,SEED_77,0,29,literature review,0.09597717740914226,0
N0P40,SEED_6,1,29,literature review,0.03894507193462498,0
N0P40,SEED_25,1,29,literature review,0.03134650983079614,0
N0P40,SEED_84,0,29,literature review,0.07184420324302587,0
N0P40,SEED_35,0,29,literature review,0.053243975534267386,0
N0P40,SEED_37,0,29,literature review,0.0916688018924311,0
N0P40,SEED_108,1,29,literature review,0.11699373395608792,0
N0P40,SEED_1,0,29,literature review,0.13141875515524984,0
N0P40,SEED_58,1,29,literature review,0.04043276523483182,0
N0P40,SEED_49,0,29,literature review,0.032768873721272004,0
N0P40,SEED_13,0,29,literature review,0.030904771618012833,0
N0P75,SEED_57,1,29,position paper,0.03673991558283747,0
N0P75,SEED_64,0,29,position paper,0.07877200791990707,0
N0P75,SEED_87,0,29,position paper,0.14276304721670452,0
N0P75,SEED_92,0,29,position paper,0.05106624582263099,0
N0P75,SEED_16,0,29,position paper,0.06580490852851562,0
N0P75,SEED_61,1,29,position paper,0.059968033729275456,0
N0P75,SEED_107,0,29,position paper,0.042538122034430435,0
N0P75,SEED_98,1,29,position paper,0.011894667691759708,0
N0P75,SEED_75,0,29,position paper,0.004317454748062883,0
N0P75,SEED_67,1,29,position paper,0.05032975495304677,0
N0P75,SEED_50,0,29,position paper,0.07323859452802539,0
N0P75,SEED_73,0,29,position paper,0.09938073079147507,0
N0P75,SEED_9,0,29,position paper,0.05790057358028041,0
N0P75,SEED_105,0,29,position paper,0.024092964382771427,0
N0P75,SEED_59,0,29,position paper,0.03537515898047227,0
N0P75,SEED_7,0,29,position paper,0.021341441722662596,0
N0P75,SEED_113,0,29,position paper,0.03869600182636786,0
N0P75,SEED_39,1,29,position paper,0.03555690750708022,0
N0P75,SEED_81,0,29,position paper,0.035788322601505926,0
N0P75,SEED_44,1,29,position paper,0.037266295783348585,0
N0P75,SEED_70,0,29,position paper,0.08172477101102746,0
N0P75,SEED_82,1,29,position paper,0.031946399533903824,0
N0P75,SEED_23,0,29,position paper,0.24419454417762076,0
N0P75,SEED_66,0,29,position paper,0.009691035124209286,0
N0P75,SEED_52,0,29,position paper,0.0773265984984997,0
N0P75,SEED_91,0,29,position paper,0.037739388173408044,0
N0P75,SEED_112,0,29,position paper,0.04763731112793226,0
N0P75,SEED_108,1,29,position paper,0.11699373395608792,0
N0P75,SEED_55,1,29,position paper,0.09584107046851154,0
N0P75,SEED_40,0,29,position paper,0.03616922310850126,0
N0P94,SEED_89,1,29,position paper,0.013011664337656105,0
N0P94,SEED_92,0,29,position paper,0.05106624582263099,0
N0P94,SEED_101,0,29,position paper,0.023490079101840138,0
N0P94,SEED_50,0,29,position paper,0.07323859452802539,0
N0P94,SEED_32,1,29,position paper,0.09735164776405995,0
N0P94,SEED_9,0,29,position paper,0.05790057358028041,0
N0P94,SEED_0,1,29,position paper,0.03419115971424214,0
N0P94,SEED_95,0,29,position paper,0.18268931412556882,0
N0P94,SEED_59,1,29,position paper,0.03537515898047227,0
N0P94,SEED_7,0,29,position paper,0.021341441722662596,0
N0P94,SEED_39,1,29,position paper,0.03555690750708022,0
N0P94,SEED_103,1,29,position paper,0.1317058804580309,0
N0P94,SEED_4,0,29,position paper,0.10778007277480268,0
N0P94,SEED_27,1,29,position paper,0.1928425224241903,0
N0P94,SEED_17,0,29,position paper,0.029211956325465183,0
N0P94,SEED_44,1,29,position paper,0.037266295783348585,0
N0P94,SEED_2,0,29,position paper,0.12297460110382108,0
N0P94,SEED_5,0,29,position paper,0.04891575446422762,0
N0P94,SEED_82,0,29,position paper,0.031946399533903824,0
N0P94,SEED_36,0,29,position paper,0.13828262665054547,0
N0P94,SEED_104,0,29,position paper,0.027022006506890947,0
N0P94,SEED_60,0,29,position paper,0.03900336059186124,0
N0P94,SEED_23,0,29,position paper,0.24419454417762076,0
N0P94,SEED_69,0,29,position paper,0.01686621307186654,0
N0P94,SEED_8,0,29,position paper,0.06872182608709806,0
N0P94,SEED_52,0,29,position paper,0.0773265984984997,0
N0P94,SEED_91,0,29,position paper,0.037739388173408044,0
N0P94,SEED_74,0,29,position paper,0.045788952881914514,0
N0P94,SEED_86,0,29,position paper,0.07467253707820579,0
N0P94,SEED_54,0,29,position paper,0.0252978715058926,0
N0P89,SEED_64,0,29,literature review,0.07877200791990707,0
N0P89,SEED_42,1,29,literature review,0.051653349129091995,0
N0P89,SEED_67,0,29,literature review,0.05032975495304677,0
N0P89,SEED_24,1,29,literature review,0.06525103738400904,0
N0P89,SEED_32,1,29,literature review,0.09735164776405995,0
N0P89,SEED_106,0,29,literature review,0.0396656199956952,0
N0P89,SEED_105,0,29,literature review,0.024092964382771427,0
N0P89,SEED_95,1,29,literature review,0.18268931412556882,0
N0P89,SEED_59,0,29,literature review,0.03537515898047227,0
N0P89,SEED_4,0,29,literature review,0.10778007277480268,0
N0P89,SEED_38,0,29,literature review,0.061179792753602406,0
N0P89,SEED_17,0,29,literature review,0.029211956325465183,0
N0P89,SEED_63,0,29,literature review,0.04603307219547203,0
N0P89,SEED_82,0,29,literature review,0.031946399533903824,0
N0P89,SEED_36,0,29,literature review,0.13828262665054547,0
N0P89,SEED_23,1,29,literature review,0.24419454417762076,0
N0P89,SEED_69,0,29,literature review,0.01686621307186654,0
N0P89,SEED_72,0,29,literature review,0.07981472218677699,0
N0P89,SEED_77,1,29,literature review,0.09597717740914226,0
N0P89,SEED_14,1,29,literature review,0.029758165991292006,0
N0P89,SEED_93,0,29,literature review,0.06110953885154956,0
N0P89,SEED_37,0,29,literature review,0.0916688018924311,0
N0P89,SEED_112,0,29,literature review,0.04763731112793226,0
N0P89,SEED_108,1,29,literature review,0.11699373395608792,0
N0P89,SEED_1,0,29,literature review,0.13141875515524984,0
N0P89,SEED_58,0,29,literature review,0.04043276523483182,0
N0P89,SEED_34,0,29,literature review,0.08548426810230766,0
N0P89,SEED_20,0,29,literature review,0.029535688085893946,0
N0P89,SEED_111,1,29,literature review,0.04969971145347565,0
N0P89,SEED_13,0,29,literature review,0.030904771618012833,0
N0P46,SEED_42,0,29,position paper,0.051653349129091995,0
N0P46,SEED_16,0,29,position paper,0.06580490852851562,0
N0P46,SEED_114,0,29,position paper,0.05371749025215298,0
N0P46,SEED_97,0,29,position paper,0.03609440995756307,0
N0P46,SEED_26,1,29,position paper,0.07104261452564097,0
N0P46,SEED_100,0,29,position paper,0.022251536993773687,0
N0P46,SEED_75,0,29,position paper,0.004317454748062883,0
N0P46,SEED_31,0,29,position paper,0.033526494815073346,0
N0P46,SEED_32,1,29,position paper,0.09735164776405995,0
N0P46,SEED_106,0,29,position paper,0.0396656199956952,0
N0P46,SEED_0,1,29,position paper,0.03419115971424214,0
N0P46,SEED_18,0,29,position paper,0.07930603337696131,0
N0P46,SEED_29,0,29,position paper,0.07042009300336129,0
N0P46,SEED_70,0,29,position paper,0.08172477101102746,0
N0P46,SEED_117,0,29,position paper,0.058265813707136085,0
N0P46,SEED_99,0,29,position paper,0.058671135460116444,0
N0P46,SEED_104,0,29,position paper,0.027022006506890947,0
N0P46,SEED_115,0,29,position paper,0.02209761458825523,0
N0P46,SEED_69,0,29,position paper,0.01686621307186654,0
N0P46,SEED_72,1,29,position paper,0.07981472218677699,0
N0P46,SEED_14,1,29,position paper,0.029758165991292006,0
N0P46,SEED_6,1,29,position paper,0.03894507193462498,0
N0P46,SEED_22,1,29,position paper,0.05799342396218755,0
N0P46,SEED_8,1,29,position paper,0.06872182608709806,0
N0P46,SEED_84,0,29,position paper,0.07184420324302587,0
N0P46,SEED_35,0,29,position paper,0.053243975534267386,0
N0P46,SEED_112,0,29,position paper,0.04763731112793226,0
N0P46,SEED_76,0,29,position paper,0.02911097510188564,0
N0P46,SEED_27,1,29,position paper,0.1928425224241903,0
N0P46,SEED_118,1,29,position paper,0.03264322768755141,0
N0P56,SEED_43,1,29,literature review,0.05652341745969014,0
N0P56,SEED_42,0,29,literature review,0.051653349129091995,0
N0P56,SEED_100,0,29,literature review,0.022251536993773687,0
N0P56,SEED_75,0,29,literature review,0.004317454748062883,0
N0P56,SEED_67,0,29,literature review,0.05032975495304677,0
N0P56,SEED_50,0,29,literature review,0.07323859452802539,0
N0P56,SEED_94,1,29,literature review,0.1502174121454999,0
N0P56,SEED_31,0,29,literature review,0.033526494815073346,0
N0P56,SEED_28,0,29,literature review,0.03690431206766,0
N0P56,SEED_9,1,29,literature review,0.05790057358028041,0
N0P56,SEED_24,0,29,literature review,0.06525103738400904,0
N0P56,SEED_65,1,29,literature review,0.09967558011174742,0
N0P56,SEED_95,1,29,literature review,0.18268931412556882,0
N0P56,SEED_51,0,29,literature review,0.09567458183955731,0
N0P56,SEED_39,0,29,literature review,0.03555690750708022,0
N0P56,SEED_81,0,29,literature review,0.035788322601505926,0
N0P56,SEED_30,0,29,literature review,0.045065154448624835,0
N0P56,SEED_44,0,29,literature review,0.037266295783348585,0
N0P56,SEED_99,0,29,literature review,0.058671135460116444,0
N0P56,SEED_82,0,29,literature review,0.031946399533903824,0
N0P56,SEED_10,1,29,literature review,0.2599772228262205,0
N0P56,SEED_21,0,29,literature review,0.04332717025608329,0
N0P56,SEED_14,0,29,literature review,0.029758165991292006,0
N0P56,SEED_11,1,29,literature review,0.06461885091273475,0
N0P56,SEED_55,1,29,literature review,0.09584107046851154,0
N0P56,SEED_108,1,29,literature review,0.11699373395608792,0
N0P56,SEED_111,0,29,literature review,0.04969971145347565,0
N0P56,SEED_18,0,29,literature review,0.07930603337696131,0
N0P56,SEED_13,0,29,literature review,0.030904771618012833,0
N0P56,SEED_118,1,29,literature review,0.03264322768755141,0
N0P66,SEED_101,0,29,literature review,0.023490079101840138,0
N0P66,SEED_67,0,29,literature review,0.05032975495304677,0
N0P66,SEED_73,0,29,literature review,0.09938073079147507,0
N0P66,SEED_15,1,29,literature review,0.12583525799894296,0
N0P66,SEED_79,0,29,literature review,0.1318500750967745,0
N0P66,SEED_106,1,29,literature review,0.0396656199956952,0
N0P66,SEED_65,1,29,literature review,0.09967558011174742,0
N0P66,SEED_81,0,29,literature review,0.035788322601505926,0
N0P66,SEED_38,0,29,literature review,0.061179792753602406,0
N0P66,SEED_30,0,29,literature review,0.045065154448624835,0
N0P66,SEED_19,0,29,literature review,0.04109700523383222,0
N0P66,SEED_68,0,29,literature review,0.022306762819201194,0
N0P66,SEED_70,1,29,literature review,0.08172477101102746,0
N0P66,SEED_99,0,29,literature review,0.058671135460116444,0
N0P66,SEED_63,0,29,literature review,0.04603307219547203,0
N0P66,SEED_2,0,29,literature review,0.12297460110382108,0
N0P66,SEED_36,0,29,literature review,0.13828262665054547,0
N0P66,SEED_53,1,29,literature review,0.08163751252417001,0
N0P66,SEED_14,1,29,literature review,0.029758165991292006,0
N0P66,SEED_77,0,29,literature review,0.09597717740914226,0
N0P66,SEED_93,0,29,literature review,0.06110953885154956,0
N0P66,SEED_6,1,29,literature review,0.03894507193462498,0
N0P66,SEED_8,0,29,literature review,0.06872182608709806,0
N0P66,SEED_108,1,29,literature review,0.11699373395608792,0
N0P66,SEED_58,0,29,literature review,0.04043276523483182,0
N0P66,SEED_111,0,29,literature review,0.04969971145347565,0
N0P66,SEED_80,0,29,literature review,0.05412529367962349,0
N0P66,SEED_76,0,29,literature review,0.02911097510188564,0
N0P66,SEED_27,1,29,literature review,0.1928425224241903,0
N0P66,SEED_54,0,29,literature review,0.0252978715058926,0
N0P8,SEED_64,0,29,position paper,0.07877200791990707,0
N0P8,SEED_43,0,29,position paper,0.05652341745969014,0
N0P8,SEED_87,0,29,position paper,0.14276304721670452,0
N0P8,SEED_33,1,29,position paper,0.03666889624528128,0
N0P8,SEED_110,0,29,position paper,0.08655273033551042,0
N0P8,SEED_42,0,29,position paper,0.051653349129091995,0
N0P8,SEED_16,0,29,position paper,0.06580490852851562,0
N0P8,SEED_26,0,29,position paper,0.07104261452564097,0
N0P8,SEED_32,1,29,position paper,0.09735164776405995,0
N0P8,SEED_0,1,29,position paper,0.03419115971424214,0
N0P8,SEED_81,0,29,position paper,0.035788322601505926,0
N0P8,SEED_102,0,29,position paper,0.05485994308932408,0
N0P8,SEED_62,1,29,position paper,0.04784216452869475,0
N0P8,SEED_19,1,29,position paper,0.04109700523383222,0
N0P8,SEED_70,0,29,position paper,0.08172477101102746,0
N0P8,SEED_5,0,29,position paper,0.04891575446422762,0
N0P8,SEED_36,1,29,position paper,0.13828262665054547,0
N0P8,SEED_115,0,29,position paper,0.02209761458825523,0
N0P8,SEED_109,1,29,position paper,0.08741121552597077,0
N0P8,SEED_77,1,29,position paper,0.09597717740914226,0
N0P8,SEED_6,1,29,position paper,0.03894507193462498,0
N0P8,SEED_11,0,29,position paper,0.06461885091273475,0
N0P8,SEED_35,0,29,position paper,0.053243975534267386,0
N0P8,SEED_91,0,29,position paper,0.037739388173408044,0
N0P8,SEED_108,0,29,position paper,0.11699373395608792,0
N0P8,SEED_90,1,29,position paper,0.10168314958353901,0
N0P8,SEED_34,0,29,position paper,0.08548426810230766,0
N0P8,SEED_20,0,29,position paper,0.029535688085893946,0
N0P8,SEED_54,0,29,position paper,0.0252978715058926,0
N0P8,SEED_56,0,29,position paper,0.021739942781307576,0
N0P12,SEED_87,0,29,literature review,0.14276304721670452,0
N0P12,SEED_92,0,29,literature review,0.05106624582263099,0
N0P12,SEED_42,0,29,literature review,0.051653349129091995,0
N0P12,SEED_97,0,29,literature review,0.03609440995756307,0
N0P12,SEED_100,0,29,literature review,0.022251536993773687,0
N0P12,SEED_94,1,29,literature review,0.1502174121454999,0
N0P12,SEED_73,0,29,literature review,0.09938073079147507,0
N0P12,SEED_24,0,29,literature review,0.06525103738400904,0
N0P12,SEED_32,1,29,literature review,0.09735164776405995,0
N0P12,SEED_79,0,29,literature review,0.1318500750967745,0
N0P12,SEED_0,1,29,literature review,0.03419115971424214,0
N0P12,SEED_65,1,29,literature review,0.09967558011174742,0
N0P12,SEED_105,0,29,literature review,0.024092964382771427,0
N0P12,SEED_85,0,29,literature review,0.06585964077621878,0
N0P12,SEED_44,1,29,literature review,0.037266295783348585,0
N0P12,SEED_68,0,29,literature review,0.022306762819201194,0
N0P12,SEED_99,0,29,literature review,0.058671135460116444,0
N0P12,SEED_5,0,29,literature review,0.04891575446422762,0
N0P12,SEED_115,0,29,literature review,0.02209761458825523,0
N0P12,SEED_14,1,29,literature review,0.029758165991292006,0
N0P12,SEED_77,1,29,literature review,0.09597717740914226,0
N0P12,SEED_66,0,29,literature review,0.009691035124209286,0
N0P12,SEED_93,0,29,literature review,0.06110953885154956,0
N0P12,SEED_8,0,29,literature review,0.06872182608709806,0
N0P12,SEED_25,0,29,literature review,0.03134650983079614,0
N0P12,SEED_55,1,29,literature review,0.09584107046851154,0
N0P12,SEED_90,1,29,literature review,0.10168314958353901,0
N0P12,SEED_49,0,29,literature review,0.032768873721272004,0
N0P12,SEED_46,0,29,literature review,0.027379269989798654,0
N0P12,SEED_40,0,29,literature review,0.03616922310850126,0
N0P74,SEED_89,0,29,position paper,0.013011664337656105,0
N0P74,SEED_16,0,29,position paper,0.06580490852851562,0
N0P74,SEED_114,0,29,position paper,0.05371749025215298,0
N0P74,SEED_78,0,29,position paper,0.0228613868635909,0
N0P74,SEED_97,0,29,position paper,0.03609440995756307,0
N0P74,SEED_101,0,29,position paper,0.023490079101840138,0
N0P74,SEED_3,1,29,position paper,0.06798054115184436,0
N0P74,SEED_28,0,29,position paper,0.03690431206766,0
N0P74,SEED_73,0,29,position paper,0.09938073079147507,0
N0P74,SEED_15,1,29,position paper,0.12583525799894296,0
N0P74,SEED_65,1,29,position paper,0.09967558011174742,0
N0P74,SEED_59,0,29,position paper,0.03537515898047227,0
N0P74,SEED_81,0,29,position paper,0.035788322601505926,0
N0P74,SEED_38,0,29,position paper,0.061179792753602406,0
N0P74,SEED_30,0,29,position paper,0.045065154448624835,0
N0P74,SEED_17,0,29,position paper,0.029211956325465183,0
N0P74,SEED_116,0,29,position paper,0.15216520399588473,0
N0P74,SEED_70,0,29,position paper,0.08172477101102746,0
N0P74,SEED_63,0,29,position paper,0.04603307219547203,0
N0P74,SEED_47,0,29,position paper,0.11197067729022589,0
N0P74,SEED_109,0,29,position paper,0.08741121552597077,0
N0P74,SEED_22,1,29,position paper,0.05799342396218755,0
N0P74,SEED_11,1,29,position paper,0.06461885091273475,0
N0P74,SEED_25,0,29,position paper,0.03134650983079614,0
N0P74,SEED_37,1,29,position paper,0.0916688018924311,0
N0P74,SEED_91,0,29,position paper,0.037739388173408044,0
N0P74,SEED_108,1,29,position paper,0.11699373395608792,0
N0P74,SEED_90,1,29,position paper,0.10168314958353901,0
N0P74,SEED_20,1,29,position paper,0.029535688085893946,0
N0P74,SEED_46,1,29,position paper,0.027379269989798654,0
N0P7,SEED_64,1,29,literature review,0.07877200791990707,0
N0P7,SEED_33,1,29,literature review,0.03666889624528128,0
N0P7,SEED_16,0,29,literature review,0.06580490852851562,0
N0P7,SEED_114,0,29,literature review,0.05371749025215298,0
N0P7,SEED_78,0,29,literature review,0.0228613868635909,0
N0P7,SEED_83,0,29,literature review,0.052741438587646794,0
N0P7,SEED_67,0,29,literature review,0.05032975495304677,0
N0P7,SEED_94,1,29,literature review,0.1502174121454999,0
N0P7,SEED_31,0,29,literature review,0.033526494815073346,0
N0P7,SEED_106,0,29,literature review,0.0396656199956952,0
N0P7,SEED_103,0,29,literature review,0.1317058804580309,0
N0P7,SEED_85,1,29,literature review,0.06585964077621878,0
N0P7,SEED_38,0,29,literature review,0.061179792753602406,0
N0P7,SEED_17,0,29,literature review,0.029211956325465183,0
N0P7,SEED_44,0,29,literature review,0.037266295783348585,0
N0P7,SEED_70,0,29,literature review,0.08172477101102746,0
N0P7,SEED_117,0,29,literature review,0.058265813707136085,0
N0P7,SEED_36,1,29,literature review,0.13828262665054547,0
N0P7,SEED_47,1,29,literature review,0.11197067729022589,0
N0P7,SEED_69,0,29,literature review,0.01686621307186654,0
N0P7,SEED_14,1,29,literature review,0.029758165991292006,0
N0P7,SEED_8,1,29,literature review,0.06872182608709806,0
N0P7,SEED_84,0,29,literature review,0.07184420324302587,0
N0P7,SEED_112,0,29,literature review,0.04763731112793226,0
N0P7,SEED_90,0,29,literature review,0.10168314958353901,0
N0P7,SEED_1,0,29,literature review,0.13141875515524984,0
N0P7,SEED_20,1,29,literature review,0.029535688085893946,0
N0P7,SEED_27,1,29,literature review,0.1928425224241903,0
N0P7,SEED_13,0,29,literature review,0.030904771618012833,0
N0P7,SEED_56,0,29,literature review,0.021739942781307576,0
N0P38,SEED_87,0,29,position paper,0.14276304721670452,0
N0P38,SEED_97,0,29,position paper,0.03609440995756307,0
N0P38,SEED_88,1,29,position paper,0.0751324199578783,0
N0P38,SEED_101,0,29,position paper,0.023490079101840138,0
N0P38,SEED_3,1,29,position paper,0.06798054115184436,0
N0P38,SEED_45,0,29,position paper,0.04818303463809887,0
N0P38,SEED_67,1,29,position paper,0.05032975495304677,0
N0P38,SEED_31,0,29,position paper,0.033526494815073346,0
N0P38,SEED_12,0,29,position paper,0.06332329199540948,0
N0P38,SEED_95,1,29,position paper,0.18268931412556882,0
N0P38,SEED_7,0,29,position paper,0.021341441722662596,0
N0P38,SEED_81,0,29,position paper,0.035788322601505926,0
N0P38,SEED_38,0,29,position paper,0.061179792753602406,0
N0P38,SEED_116,0,29,position paper,0.15216520399588473,0
N0P38,SEED_117,0,29,position paper,0.058265813707136085,0
N0P38,SEED_5,0,29,position paper,0.04891575446422762,0
N0P38,SEED_21,1,29,position paper,0.04332717025608329,0
N0P38,SEED_23,0,29,position paper,0.24419454417762076,0
N0P38,SEED_47,1,29,position paper,0.11197067729022589,0
N0P38,SEED_72,0,29,position paper,0.07981472218677699,0
N0P38,SEED_109,1,29,position paper,0.08741121552597077,0
N0P38,SEED_11,1,29,position paper,0.06461885091273475,0
N0P38,SEED_52,0,29,position paper,0.0773265984984997,0
N0P38,SEED_55,1,29,position paper,0.09584107046851154,0
N0P38,SEED_37,0,29,position paper,0.0916688018924311,0
N0P38,SEED_90,0,29,position paper,0.10168314958353901,0
N0P38,SEED_111,0,29,position paper,0.04969971145347565,0
N0P38,SEED_41,1,29,position paper,0.06663729499428636,0
N0P38,SEED_18,0,29,position paper,0.07930603337696131,0
N0P38,SEED_56,0,29,position paper,0.021739942781307576,0
N0P11,SEED_42,0,29,position paper,0.051653349129091995,0
N0P11,SEED_110,0,29,position paper,0.08655273033551042,0
N0P11,SEED_33,0,29,position paper,0.03666889624528128,0
N0P11,SEED_114,0,29,position paper,0.05371749025215298,0
N0P11,SEED_101,1,29,position paper,0.023490079101840138,0
N0P11,SEED_98,1,29,position paper,0.011894667691759708,0
N0P11,SEED_3,1,29,position paper,0.06798054115184436,0
N0P11,SEED_28,0,29,position paper,0.03690431206766,0
N0P11,SEED_24,1,29,position paper,0.06525103738400904,0
N0P11,SEED_65,1,29,position paper,0.09967558011174742,0
N0P11,SEED_105,0,29,position paper,0.024092964382771427,0
N0P11,SEED_51,1,29,position paper,0.09567458183955731,0
N0P11,SEED_4,0,29,position paper,0.10778007277480268,0
N0P11,SEED_29,0,29,position paper,0.07042009300336129,0
N0P11,SEED_44,1,29,position paper,0.037266295783348585,0
N0P11,SEED_68,0,29,position paper,0.022306762819201194,0
N0P11,SEED_117,0,29,position paper,0.058265813707136085,0
N0P11,SEED_82,0,29,position paper,0.031946399533903824,0
N0P11,SEED_109,0,29,position paper,0.08741121552597077,0
N0P11,SEED_14,1,29,position paper,0.029758165991292006,0
N0P11,SEED_22,0,29,position paper,0.05799342396218755,0
N0P11,SEED_8,0,29,position paper,0.06872182608709806,0
N0P11,SEED_84,1,29,position paper,0.07184420324302587,0
N0P11,SEED_35,0,29,position paper,0.053243975534267386,0
N0P11,SEED_111,1,29,position paper,0.04969971145347565,0
N0P11,SEED_74,0,29,position paper,0.045788952881914514,0
N0P11,SEED_76,0,29,position paper,0.02911097510188564,0
N0P11,SEED_96,0,29,position paper,0.10358875368385743,0
N0P11,SEED_86,0,29,position paper,0.07467253707820579,0
N0P11,SEED_13,0,29,position paper,0.030904771618012833,0
N0P86,SEED_92,0,29,literature review,0.05106624582263099,0
N0P86,SEED_48,0,29,literature review,0.029185376778173528,0
N0P86,SEED_61,1,29,literature review,0.059968033729275456,0
N0P86,SEED_114,0,29,literature review,0.05371749025215298,0
N0P86,SEED_83,0,29,literature review,0.052741438587646794,0
N0P86,SEED_88,1,29,literature review,0.0751324199578783,0
N0P86,SEED_101,0,29,literature review,0.023490079101840138,0
N0P86,SEED_98,1,29,literature review,0.011894667691759708,0
N0P86,SEED_50,1,29,literature review,0.07323859452802539,0
N0P86,SEED_71,0,29,literature review,0.01920486060179593,0
N0P86,SEED_73,0,29,literature review,0.09938073079147507,0
N0P86,SEED_15,1,29,literature review,0.12583525799894296,0
N0P86,SEED_32,1,29,literature review,0.09735164776405995,0
N0P86,SEED_18,0,29,literature review,0.07930603337696131,0
N0P86,SEED_102,0,29,literature review,0.05485994308932408,0
N0P86,SEED_62,1,29,literature review,0.04784216452869475,0
N0P86,SEED_44,0,29,literature review,0.037266295783348585,0
N0P86,SEED_5,0,29,literature review,0.04891575446422762,0
N0P86,SEED_36,1,29,literature review,0.13828262665054547,0
N0P86,SEED_10,1,29,literature review,0.2599772228262205,0
N0P86,SEED_115,0,29,literature review,0.02209761458825523,0
N0P86,SEED_69,0,29,literature review,0.01686621307186654,0
N0P86,SEED_109,0,29,literature review,0.08741121552597077,0
N0P86,SEED_35,0,29,literature review,0.053243975534267386,0
N0P86,SEED_37,0,29,literature review,0.0916688018924311,0
N0P86,SEED_91,0,29,literature review,0.037739388173408044,0
N0P86,SEED_90,1,29,literature review,0.10168314958353901,0
N0P86,SEED_86,0,29,literature review,0.07467253707820579,0
N0P86,SEED_40,0,29,literature review,0.03616922310850126,0
N0P86,SEED_56,0,29,literature review,0.021739942781307576,0
N0P63,SEED_57,1,29,position paper,0.03673991558283747,0
N0P63,SEED_64,0,29,position paper,0.07877200791990707,0
N0P63,SEED_110,0,29,position paper,0.08655273033551042,0
N0P63,SEED_92,1,29,position paper,0.05106624582263099,0
N0P63,SEED_48,0,29,position paper,0.029185376778173528,0
N0P63,SEED_78,0,29,position paper,0.0228613868635909,0
N0P63,SEED_100,0,29,position paper,0.022251536993773687,0
N0P63,SEED_67,0,29,position paper,0.05032975495304677,0
N0P63,SEED_73,0,29,position paper,0.09938073079147507,0
N0P63,SEED_24,0,29,position paper,0.06525103738400904,0
N0P63,SEED_95,1,29,position paper,0.18268931412556882,0
N0P63,SEED_59,0,29,position paper,0.03537515898047227,0
N0P63,SEED_113,0,29,position paper,0.03869600182636786,0
N0P63,SEED_39,0,29,position paper,0.03555690750708022,0
N0P63,SEED_103,1,29,position paper,0.1317058804580309,0
N0P63,SEED_30,0,29,position paper,0.045065154448624835,0
N0P63,SEED_29,0,29,position paper,0.07042009300336129,0
N0P63,SEED_116,0,29,position paper,0.15216520399588473,0
N0P63,SEED_68,0,29,position paper,0.022306762819201194,0
N0P63,SEED_36,1,29,position paper,0.13828262665054547,0
N0P63,SEED_60,0,29,position paper,0.03900336059186124,0
N0P63,SEED_118,1,29,position paper,0.03264322768755141,0
N0P63,SEED_115,0,29,position paper,0.02209761458825523,0
N0P63,SEED_47,1,29,position paper,0.11197067729022589,0
N0P63,SEED_53,1,29,position paper,0.08163751252417001,0
N0P63,SEED_20,1,29,position paper,0.029535688085893946,0
N0P63,SEED_46,1,29,position paper,0.027379269989798654,0
N0P63,SEED_96,0,29,position paper,0.10358875368385743,0
N0P63,SEED_86,0,29,position paper,0.07467253707820579,0
N0P63,SEED_56,0,29,position paper,0.021739942781307576,0
N0P17,SEED_42,0,29,position paper,0.051653349129091995,0
N0P17,SEED_114,0,29,position paper,0.05371749025215298,0
N0P17,SEED_88,1,29,position paper,0.0751324199578783,0
N0P17,SEED_101,0,29,position paper,0.023490079101840138,0
N0P17,SEED_98,1,29,position paper,0.011894667691759708,0
N0P17,SEED_9,1,29,position paper,0.05790057358028041,0
N0P17,SEED_106,0,29,position paper,0.0396656199956952,0
N0P17,SEED_62,1,29,position paper,0.04784216452869475,0
N0P17,SEED_30,0,29,position paper,0.045065154448624835,0
N0P17,SEED_29,0,29,position paper,0.07042009300336129,0
N0P17,SEED_17,0,29,position paper,0.029211956325465183,0
N0P17,SEED_19,0,29,position paper,0.04109700523383222,0
N0P17,SEED_99,1,29,position paper,0.058671135460116444,0
N0P17,SEED_36,1,29,position paper,0.13828262665054547,0
N0P17,SEED_104,1,29,position paper,0.027022006506890947,0
N0P17,SEED_10,0,29,position paper,0.2599772228262205,0
N0P17,SEED_69,0,29,position paper,0.01686621307186654,0
N0P17,SEED_53,1,29,position paper,0.08163751252417001,0
N0P17,SEED_66,0,29,position paper,0.009691035124209286,0
N0P17,SEED_8,0,29,position paper,0.06872182608709806,0
N0P17,SEED_35,0,29,position paper,0.053243975534267386,0
N0P17,SEED_52,0,29,position paper,0.0773265984984997,0
N0P17,SEED_91,0,29,position paper,0.037739388173408044,0
N0P17,SEED_90,0,29,position paper,0.10168314958353901,0
N0P17,SEED_49,0,29,position paper,0.032768873721272004,0
N0P17,SEED_34,0,29,position paper,0.08548426810230766,0
N0P17,SEED_80,0,29,position paper,0.05412529367962349,0
N0P17,SEED_27,1,29,position paper,0.1928425224241903,0
N0P17,SEED_40,0,29,position paper,0.03616922310850126,0
N0P17,SEED_56,0,29,position paper,0.021739942781307576,0
N0P24,SEED_89,0,29,literature review,0.013011664337656105,0
N0P24,SEED_43,0,29,literature review,0.05652341745969014,0
N0P24,SEED_33,0,29,literature review,0.03666889624528128,0
N0P24,SEED_92,0,29,literature review,0.05106624582263099,0
N0P24,SEED_97,0,29,literature review,0.03609440995756307,0
N0P24,SEED_100,0,29,literature review,0.022251536993773687,0
N0P24,SEED_88,1,29,literature review,0.0751324199578783,0
N0P24,SEED_45,1,29,literature review,0.04818303463809887,0
N0P24,SEED_71,0,29,literature review,0.01920486060179593,0
N0P24,SEED_24,1,29,literature review,0.06525103738400904,0
N0P24,SEED_105,0,29,literature review,0.024092964382771427,0
N0P24,SEED_102,0,29,literature review,0.05485994308932408,0
N0P24,SEED_62,1,29,literature review,0.04784216452869475,0
N0P24,SEED_30,0,29,literature review,0.045065154448624835,0
N0P24,SEED_63,0,29,literature review,0.04603307219547203,0
N0P24,SEED_82,0,29,literature review,0.031946399533903824,0
N0P24,SEED_60,0,29,literature review,0.03900336059186124,0
N0P24,SEED_10,1,29,literature review,0.2599772228262205,0
N0P24,SEED_23,0,29,literature review,0.24419454417762076,0
N0P24,SEED_115,1,29,literature review,0.02209761458825523,0
N0P24,SEED_109,0,29,literature review,0.08741121552597077,0
N0P24,SEED_66,0,29,literature review,0.009691035124209286,0
N0P24,SEED_35,0,29,literature review,0.053243975534267386,0
N0P24,SEED_52,0,29,literature review,0.0773265984984997,0
N0P24,SEED_91,0,29,literature review,0.037739388173408044,0
N0P24,SEED_108,1,29,literature review,0.11699373395608792,0
N0P24,SEED_1,1,29,literature review,0.13141875515524984,0
N0P24,SEED_41,1,29,literature review,0.06663729499428636,0
N0P24,SEED_76,0,29,literature review,0.02911097510188564,0
N0P24,SEED_27,1,29,literature review,0.1928425224241903,0
N0P107,SEED_64,0,29,literature review,0.07877200791990707,0
N0P107,SEED_42,0,29,literature review,0.051653349129091995,0
N0P107,SEED_110,0,29,literature review,0.08655273033551042,0
N0P107,SEED_92,0,29,literature review,0.05106624582263099,0
N0P107,SEED_43,0,29,literature review,0.05652341745969014,0
N0P107,SEED_88,1,29,literature review,0.0751324199578783,0
N0P107,SEED_101,0,29,literature review,0.023490079101840138,0
N0P107,SEED_94,1,29,literature review,0.1502174121454999,0
N0P107,SEED_12,1,29,literature review,0.06332329199540948,0
N0P107,SEED_9,1,29,literature review,0.05790057358028041,0
N0P107,SEED_106,1,29,literature review,0.0396656199956952,0
N0P107,SEED_95,1,29,literature review,0.18268931412556882,0
N0P107,SEED_38,0,29,literature review,0.061179792753602406,0
N0P107,SEED_30,0,29,literature review,0.045065154448624835,0
N0P107,SEED_29,0,29,literature review,0.07042009300336129,0
N0P107,SEED_17,0,29,literature review,0.029211956325465183,0
N0P107,SEED_44,0,29,literature review,0.037266295783348585,0
N0P107,SEED_10,0,29,literature review,0.2599772228262205,0
N0P107,SEED_115,0,29,literature review,0.02209761458825523,0
N0P107,SEED_69,1,29,literature review,0.01686621307186654,0
N0P107,SEED_72,0,29,literature review,0.07981472218677699,0
N0P107,SEED_6,1,29,literature review,0.03894507193462498,0
N0P107,SEED_119,0,29,literature review,0.07263413180061329,0
N0P107,SEED_55,0,29,literature review,0.09584107046851154,0
N0P107,SEED_108,1,29,literature review,0.11699373395608792,0
N0P107,SEED_49,0,29,literature review,0.032768873721272004,0
N0P107,SEED_20,0,29,literature review,0.029535688085893946,0
N0P107,SEED_96,0,29,literature review,0.10358875368385743,0
N0P107,SEED_86,0,29,literature review,0.07467253707820579,0
N0P107,SEED_118,1,29,literature review,0.03264322768755141,0
N0P98,SEED_89,0,29,literature review,0.013011664337656105,0
N0P98,SEED_48,1,29,literature review,0.029185376778173528,0
N0P98,SEED_100,0,29,literature review,0.022251536993773687,0
N0P98,SEED_75,0,29,literature review,0.004317454748062883,0
N0P98,SEED_67,0,29,literature review,0.05032975495304677,0
N0P98,SEED_94,1,29,literature review,0.1502174121454999,0
N0P98,SEED_71,0,29,literature review,0.01920486060179593,0
N0P98,SEED_7,1,29,literature review,0.021341441722662596,0
N0P98,SEED_103,1,29,literature review,0.1317058804580309,0
N0P98,SEED_85,0,29,literature review,0.06585964077621878,0
N0P98,SEED_38,0,29,literature review,0.061179792753602406,0
N0P98,SEED_30,0,29,literature review,0.045065154448624835,0
N0P98,SEED_44,0,29,literature review,0.037266295783348585,0
N0P98,SEED_19,1,29,literature review,0.04109700523383222,0
N0P98,SEED_68,0,29,literature review,0.022306762819201194,0
N0P98,SEED_117,0,29,literature review,0.058265813707136085,0
N0P98,SEED_63,1,29,literature review,0.04603307219547203,0
N0P98,SEED_82,0,29,literature review,0.031946399533903824,0
N0P98,SEED_60,0,29,literature review,0.03900336059186124,0
N0P98,SEED_23,1,29,literature review,0.24419454417762076,0
N0P98,SEED_53,1,29,literature review,0.08163751252417001,0
N0P98,SEED_6,1,29,literature review,0.03894507193462498,0
N0P98,SEED_22,1,29,literature review,0.05799342396218755,0
N0P98,SEED_35,0,29,literature review,0.053243975534267386,0
N0P98,SEED_52,0,29,literature review,0.0773265984984997,0
N0P98,SEED_112,0,29,literature review,0.04763731112793226,0
N0P98,SEED_80,0,29,literature review,0.05412529367962349,0
N0P98,SEED_86,0,29,literature review,0.07467253707820579,0
N0P98,SEED_40,0,29,literature review,0.03616922310850126,0
N0P98,SEED_54,0,29,literature review,0.0252978715058926,0
N0P83,SEED_42,1,29,position paper,0.051653349129091995,0
N0P83,SEED_92,0,29,position paper,0.05106624582263099,0
N0P83,SEED_33,1,29,position paper,0.03666889624528128,0
N0P83,SEED_110,0,29,position paper,0.08655273033551042,0
N0P83,SEED_61,1,29,position paper,0.059968033729275456,0
N0P83,SEED_83,0,29,position paper,0.052741438587646794,0
N0P83,SEED_107,0,29,position paper,0.042538122034430435,0
N0P83,SEED_100,0,29,position paper,0.022251536993773687,0
N0P83,SEED_101,0,29,position paper,0.023490079101840138,0
N0P83,SEED_88,1,29,position paper,0.0751324199578783,0
N0P83,SEED_3,1,29,position paper,0.06798054115184436,0
N0P83,SEED_67,0,29,position paper,0.05032975495304677,0
N0P83,SEED_73,0,29,position paper,0.09938073079147507,0
N0P83,SEED_39,0,29,position paper,0.03555690750708022,0
N0P83,SEED_29,0,29,position paper,0.07042009300336129,0
N0P83,SEED_99,0,29,position paper,0.058671135460116444,0
N0P83,SEED_2,0,29,position paper,0.12297460110382108,0
N0P83,SEED_104,1,29,position paper,0.027022006506890947,0
N0P83,SEED_60,0,29,position paper,0.03900336059186124,0
N0P83,SEED_21,0,29,position paper,0.04332717025608329,0
N0P83,SEED_47,1,29,position paper,0.11197067729022589,0
N0P83,SEED_53,1,29,position paper,0.08163751252417001,0
N0P83,SEED_109,0,29,position paper,0.08741121552597077,0
N0P83,SEED_14,1,29,position paper,0.029758165991292006,0
N0P83,SEED_6,1,29,position paper,0.03894507193462498,0
N0P83,SEED_112,0,29,position paper,0.04763731112793226,0
N0P83,SEED_74,0,29,position paper,0.045788952881914514,0
N0P83,SEED_80,0,29,position paper,0.05412529367962349,0
N0P83,SEED_76,0,29,position paper,0.02911097510188564,0
N0P83,SEED_86,0,29,position paper,0.07467253707820579,0
N0P117,SEED_57,0,29,position paper,0.03673991558283747,0
N0P117,SEED_42,0,29,position paper,0.051653349129091995,0
N0P117,SEED_78,0,29,position paper,0.0228613868635909,0
N0P117,SEED_75,1,29,position paper,0.004317454748062883,0
N0P117,SEED_3,1,29,position paper,0.06798054115184436,0
N0P117,SEED_50,0,29,position paper,0.07323859452802539,0
N0P117,SEED_94,1,29,position paper,0.1502174121454999,0
N0P117,SEED_71,0,29,position paper,0.01920486060179593,0
N0P117,SEED_31,1,29,position paper,0.033526494815073346,0
N0P117,SEED_105,0,29,position paper,0.024092964382771427,0
N0P117,SEED_59,0,29,position paper,0.03537515898047227,0
N0P117,SEED_51,1,29,position paper,0.09567458183955731,0
N0P117,SEED_81,0,29,position paper,0.035788322601505926,0
N0P117,SEED_102,0,29,position paper,0.05485994308932408,0
N0P117,SEED_29,0,29,position paper,0.07042009300336129,0
N0P117,SEED_116,0,29,position paper,0.15216520399588473,0
N0P117,SEED_70,0,29,position paper,0.08172477101102746,0
N0P117,SEED_21,1,29,position paper,0.04332717025608329,0
N0P117,SEED_23,0,29,position paper,0.24419454417762076,0
N0P117,SEED_66,0,29,position paper,0.009691035124209286,0
N0P117,SEED_22,1,29,position paper,0.05799342396218755,0
N0P117,SEED_25,0,29,position paper,0.03134650983079614,0
N0P117,SEED_84,0,29,position paper,0.07184420324302587,0
N0P117,SEED_55,1,29,position paper,0.09584107046851154,0
N0P117,SEED_108,1,29,position paper,0.11699373395608792,0
N0P117,SEED_20,0,29,position paper,0.029535688085893946,0
N0P117,SEED_80,0,29,position paper,0.05412529367962349,0
N0P117,SEED_86,0,29,position paper,0.07467253707820579,0
N0P117,SEED_54,0,29,position paper,0.0252978715058926,0
N0P117,SEED_118,1,29,position paper,0.03264322768755141,0
N0P2,SEED_110,0,29,literature review,0.08655273033551042,0
N0P2,SEED_42,0,29,literature review,0.051653349129091995,0
N0P2,SEED_16,0,29,literature review,0.06580490852851562,0
N0P2,SEED_92,0,29,literature review,0.05106624582263099,0
N0P2,SEED_101,0,29,literature review,0.023490079101840138,0
N0P2,SEED_98,1,29,literature review,0.011894667691759708,0
N0P2,SEED_45,0,29,literature review,0.04818303463809887,0
N0P2,SEED_31,0,29,literature review,0.033526494815073346,0
N0P2,SEED_73,0,29,literature review,0.09938073079147507,0
N0P2,SEED_12,0,29,literature review,0.06332329199540948,0
N0P2,SEED_9,1,29,literature review,0.05790057358028041,0
N0P2,SEED_24,1,29,literature review,0.06525103738400904,0
N0P2,SEED_65,1,29,literature review,0.09967558011174742,0
N0P2,SEED_103,1,29,literature review,0.1317058804580309,0
N0P2,SEED_85,0,29,literature review,0.06585964077621878,0
N0P2,SEED_4,0,29,literature review,0.10778007277480268,0
N0P2,SEED_62,1,29,literature review,0.04784216452869475,0
N0P2,SEED_30,1,29,literature review,0.045065154448624835,0
N0P2,SEED_29,1,29,literature review,0.07042009300336129,0
N0P2,SEED_60,0,29,literature review,0.03900336059186124,0
N0P2,SEED_115,0,29,literature review,0.02209761458825523,0
N0P2,SEED_69,0,29,literature review,0.01686621307186654,0
N0P2,SEED_8,1,29,literature review,0.06872182608709806,0
N0P2,SEED_84,0,29,literature review,0.07184420324302587,0
N0P2,SEED_35,0,29,literature review,0.053243975534267386,0
N0P2,SEED_52,0,29,literature review,0.0773265984984997,0
N0P2,SEED_55,1,29,literature review,0.09584107046851154,0
N0P2,SEED_96,0,29,literature review,0.10358875368385743,0
N0P2,SEED_27,0,29,literature review,0.1928425224241903,0
N0P2,SEED_54,0,29,literature review,0.0252978715058926,0
N0P106,SEED_42,1,29,literature review,0.051653349129091995,0
N0P106,SEED_110,0,29,literature review,0.08655273033551042,0
N0P106,SEED_87,0,29,literature review,0.14276304721670452,0
N0P106,SEED_114,0,29,literature review,0.05371749025215298,0
N0P106,SEED_26,0,29,literature review,0.07104261452564097,0
N0P106,SEED_100,0,29,literature review,0.022251536993773687,0
N0P106,SEED_88,1,29,literature review,0.0751324199578783,0
N0P106,SEED_75,1,29,literature review,0.004317454748062883,0
N0P106,SEED_67,0,29,literature review,0.05032975495304677,0
N0P106,SEED_12,0,29,literature review,0.06332329199540948,0
N0P106,SEED_9,1,29,literature review,0.05790057358028041,0
N0P106,SEED_106,0,29,literature review,0.0396656199956952,0
N0P106,SEED_18,1,29,literature review,0.07930603337696131,0
N0P106,SEED_4,0,29,literature review,0.10778007277480268,0
N0P106,SEED_29,0,29,literature review,0.07042009300336129,0
N0P106,SEED_2,0,29,literature review,0.12297460110382108,0
N0P106,SEED_5,0,29,literature review,0.04891575446422762,0
N0P106,SEED_82,1,29,literature review,0.031946399533903824,0
N0P106,SEED_60,0,29,literature review,0.03900336059186124,0
N0P106,SEED_69,0,29,literature review,0.01686621307186654,0
N0P106,SEED_72,0,29,literature review,0.07981472218677699,0
N0P106,SEED_109,1,29,literature review,0.08741121552597077,0
N0P106,SEED_22,0,29,literature review,0.05799342396218755,0
N0P106,SEED_84,0,29,literature review,0.07184420324302587,0
N0P106,SEED_35,0,29,literature review,0.053243975534267386,0
N0P106,SEED_55,1,29,literature review,0.09584107046851154,0
N0P106,SEED_108,1,29,literature review,0.11699373395608792,0
N0P106,SEED_34,0,29,literature review,0.08548426810230766,0
N0P106,SEED_27,1,29,literature review,0.1928425224241903,0
N0P106,SEED_40,0,29,literature review,0.03616922310850126,0
N0P62,SEED_64,0,29,literature review,0.07877200791990707,0
N0P62,SEED_43,0,29,literature review,0.05652341745969014,0
N0P62,SEED_110,0,29,literature review,0.08655273033551042,0
N0P62,SEED_16,0,29,literature review,0.06580490852851562,0
N0P62,SEED_48,1,29,literature review,0.029185376778173528,0
N0P62,SEED_100,0,29,literature review,0.022251536993773687,0
N0P62,SEED_88,1,29,literature review,0.0751324199578783,0
N0P62,SEED_101,0,29,literature review,0.023490079101840138,0
N0P62,SEED_98,1,29,literature review,0.011894667691759708,0
N0P62,SEED_67,0,29,literature review,0.05032975495304677,0
N0P62,SEED_94,1,29,literature review,0.1502174121454999,0
N0P62,SEED_28,0,29,literature review,0.03690431206766,0
N0P62,SEED_12,0,29,literature review,0.06332329199540948,0
N0P62,SEED_9,1,29,literature review,0.05790057358028041,0
N0P62,SEED_79,0,29,literature review,0.1318500750967745,0
N0P62,SEED_106,0,29,literature review,0.0396656199956952,0
N0P62,SEED_4,0,29,literature review,0.10778007277480268,0
N0P62,SEED_17,1,29,literature review,0.029211956325465183,0
N0P62,SEED_19,0,29,literature review,0.04109700523383222,0
N0P62,SEED_117,0,29,literature review,0.058265813707136085,0
N0P62,SEED_5,0,29,literature review,0.04891575446422762,0
N0P62,SEED_21,1,29,literature review,0.04332717025608329,0
N0P62,SEED_23,1,29,literature review,0.24419454417762076,0
N0P62,SEED_69,0,29,literature review,0.01686621307186654,0
N0P62,SEED_84,0,29,literature review,0.07184420324302587,0
N0P62,SEED_37,0,29,literature review,0.0916688018924311,0
N0P62,SEED_108,1,29,literature review,0.11699373395608792,0
N0P62,SEED_20,1,29,literature review,0.029535688085893946,0
N0P62,SEED_76,0,29,literature review,0.02911097510188564,0
N0P62,SEED_56,0,29,literature review,0.021739942781307576,0
N0P101,SEED_33,1,29,literature review,0.03666889624528128,0
N0P101,SEED_48,1,29,literature review,0.029185376778173528,0
N0P101,SEED_92,0,29,literature review,0.05106624582263099,0
N0P101,SEED_83,0,29,literature review,0.052741438587646794,0
N0P101,SEED_97,0,29,literature review,0.03609440995756307,0
N0P101,SEED_26,1,29,literature review,0.07104261452564097,0
N0P101,SEED_101,0,29,literature review,0.023490079101840138,0
N0P101,SEED_45,0,29,literature review,0.04818303463809887,0
N0P101,SEED_28,0,29,literature review,0.03690431206766,0
N0P101,SEED_12,0,29,literature review,0.06332329199540948,0
N0P101,SEED_65,1,29,literature review,0.09967558011174742,0
N0P101,SEED_59,0,29,literature review,0.03537515898047227,0
N0P101,SEED_39,1,29,literature review,0.03555690750708022,0
N0P101,SEED_102,0,29,literature review,0.05485994308932408,0
N0P101,SEED_116,0,29,literature review,0.15216520399588473,0
N0P101,SEED_68,0,29,literature review,0.022306762819201194,0
N0P101,SEED_70,0,29,literature review,0.08172477101102746,0
N0P101,SEED_99,1,29,literature review,0.058671135460116444,0
N0P101,SEED_63,0,29,literature review,0.04603307219547203,0
N0P101,SEED_2,0,29,literature review,0.12297460110382108,0
N0P101,SEED_5,0,29,literature review,0.04891575446422762,0
N0P101,SEED_36,1,29,literature review,0.13828262665054547,0
N0P101,SEED_60,0,29,literature review,0.03900336059186124,0
N0P101,SEED_47,1,29,literature review,0.11197067729022589,0
N0P101,SEED_72,0,29,literature review,0.07981472218677699,0
N0P101,SEED_52,0,29,literature review,0.0773265984984997,0
N0P101,SEED_111,1,29,literature review,0.04969971145347565,0
N0P101,SEED_46,0,29,literature review,0.027379269989798654,0
N0P101,SEED_18,1,29,literature review,0.07930603337696131,0
N0P101,SEED_40,0,29,literature review,0.03616922310850126,0
N0P37,SEED_43,0,29,position paper,0.05652341745969014,0
N0P37,SEED_33,1,29,position paper,0.03666889624528128,0
N0P37,SEED_42,0,29,position paper,0.051653349129091995,0
N0P37,SEED_48,1,29,position paper,0.029185376778173528,0
N0P37,SEED_110,0,29,position paper,0.08655273033551042,0
N0P37,SEED_83,1,29,position paper,0.052741438587646794,0
N0P37,SEED_97,0,29,position paper,0.03609440995756307,0
N0P37,SEED_87,0,29,position paper,0.14276304721670452,0
N0P37,SEED_100,0,29,position paper,0.022251536993773687,0
N0P37,SEED_88,1,29,position paper,0.0751324199578783,0
N0P37,SEED_50,0,29,position paper,0.07323859452802539,0
N0P37,SEED_9,1,29,position paper,0.05790057358028041,0
N0P37,SEED_79,0,29,position paper,0.1318500750967745,0
N0P37,SEED_113,0,29,position paper,0.03869600182636786,0
N0P37,SEED_4,0,29,position paper,0.10778007277480268,0
N0P37,SEED_62,1,29,position paper,0.04784216452869475,0
N0P37,SEED_30,0,29,position paper,0.045065154448624835,0
N0P37,SEED_19,1,29,position paper,0.04109700523383222,0
N0P37,SEED_68,0,29,position paper,0.022306762819201194,0
N0P37,SEED_117,0,29,position paper,0.058265813707136085,0
N0P37,SEED_60,1,29,position paper,0.03900336059186124,0
N0P37,SEED_10,1,29,position paper,0.2599772228262205,0
N0P37,SEED_69,0,29,position paper,0.01686621307186654,0
N0P37,SEED_8,0,29,position paper,0.06872182608709806,0
N0P37,SEED_52,0,29,position paper,0.0773265984984997,0
N0P37,SEED_91,0,29,position paper,0.037739388173408044,0
N0P37,SEED_111,0,29,position paper,0.04969971145347565,0
N0P37,SEED_80,1,29,position paper,0.05412529367962349,0
N0P37,SEED_86,0,29,position paper,0.07467253707820579,0
N0P37,SEED_40,0,29,position paper,0.03616922310850126,0
N0P113,SEED_57,1,29,literature review,0.03673991558283747,0
N0P113,SEED_48,1,29,literature review,0.029185376778173528,0
N0P113,SEED_61,1,29,literature review,0.059968033729275456,0
N0P113,SEED_88,1,29,literature review,0.0751324199578783,0
N0P113,SEED_101,0,29,literature review,0.023490079101840138,0
N0P113,SEED_32,1,29,literature review,0.09735164776405995,0
N0P113,SEED_9,1,29,literature review,0.05790057358028041,0
N0P113,SEED_106,0,29,literature review,0.0396656199956952,0
N0P113,SEED_51,0,29,literature review,0.09567458183955731,0
N0P113,SEED_81,0,29,literature review,0.035788322601505926,0
N0P113,SEED_102,0,29,literature review,0.05485994308932408,0
N0P113,SEED_38,0,29,literature review,0.061179792753602406,0
N0P113,SEED_30,0,29,literature review,0.045065154448624835,0
N0P113,SEED_17,0,29,literature review,0.029211956325465183,0
N0P113,SEED_19,0,29,literature review,0.04109700523383222,0
N0P113,SEED_68,0,29,literature review,0.022306762819201194,0
N0P113,SEED_63,0,29,literature review,0.04603307219547203,0
N0P113,SEED_104,1,29,literature review,0.027022006506890947,0
N0P113,SEED_8,1,29,literature review,0.06872182608709806,0
N0P113,SEED_84,0,29,literature review,0.07184420324302587,0
N0P113,SEED_52,0,29,literature review,0.0773265984984997,0
N0P113,SEED_37,0,29,literature review,0.0916688018924311,0
N0P113,SEED_91,0,29,literature review,0.037739388173408044,0
N0P113,SEED_108,1,29,literature review,0.11699373395608792,0
N0P113,SEED_111,0,29,literature review,0.04969971145347565,0
N0P113,SEED_74,0,29,literature review,0.045788952881914514,0
N0P113,SEED_76,0,29,literature review,0.02911097510188564,0
N0P113,SEED_86,0,29,literature review,0.07467253707820579,0
N0P113,SEED_54,0,29,literature review,0.0252978715058926,0
N0P113,SEED_56,1,29,literature review,0.021739942781307576,0
N0P48,SEED_87,1,29,position paper,0.14276304721670452,0
N0P48,SEED_16,0,29,position paper,0.06580490852851562,0
N0P48,SEED_61,1,29,position paper,0.059968033729275456,0
N0P48,SEED_107,0,29,position paper,0.042538122034430435,0
N0P48,SEED_48,1,29,position paper,0.029185376778173528,0
N0P48,SEED_3,1,29,position paper,0.06798054115184436,0
N0P48,SEED_9,1,29,position paper,0.05790057358028041,0
N0P48,SEED_79,0,29,position paper,0.1318500750967745,0
N0P48,SEED_7,0,29,position paper,0.021341441722662596,0
N0P48,SEED_51,1,29,position paper,0.09567458183955731,0
N0P48,SEED_103,0,29,position paper,0.1317058804580309,0
N0P48,SEED_81,0,29,position paper,0.035788322601505926,0
N0P48,SEED_38,0,29,position paper,0.061179792753602406,0
N0P48,SEED_62,1,29,position paper,0.04784216452869475,0
N0P48,SEED_70,0,29,position paper,0.08172477101102746,0
N0P48,SEED_82,0,29,position paper,0.031946399533903824,0
N0P48,SEED_10,0,29,position paper,0.2599772228262205,0
N0P48,SEED_77,1,29,position paper,0.09597717740914226,0
N0P48,SEED_8,0,29,position paper,0.06872182608709806,0
N0P48,SEED_35,0,29,position paper,0.053243975534267386,0
N0P48,SEED_91,0,29,position paper,0.037739388173408044,0
N0P48,SEED_108,1,29,position paper,0.11699373395608792,0
N0P48,SEED_58,0,29,position paper,0.04043276523483182,0
N0P48,SEED_41,0,29,position paper,0.06663729499428636,0
N0P48,SEED_74,0,29,position paper,0.045788952881914514,0
N0P48,SEED_76,0,29,position paper,0.02911097510188564,0
N0P48,SEED_18,0,29,position paper,0.07930603337696131,0
N0P48,SEED_13,1,29,position paper,0.030904771618012833,0
N0P48,SEED_54,0,29,position paper,0.0252978715058926,0
N0P48,SEED_56,0,29,position paper,0.021739942781307576,0
N0P102,SEED_42,1,29,literature review,0.051653349129091995,0
N0P102,SEED_87,0,29,literature review,0.14276304721670452,0
N0P102,SEED_48,0,29,literature review,0.029185376778173528,0
N0P102,SEED_43,0,29,literature review,0.05652341745969014,0
N0P102,SEED_92,0,29,literature review,0.05106624582263099,0
N0P102,SEED_83,1,29,literature review,0.052741438587646794,0
N0P102,SEED_97,0,29,literature review,0.03609440995756307,0
N0P102,SEED_45,0,29,literature review,0.04818303463809887,0
N0P102,SEED_94,1,29,literature review,0.1502174121454999,0
N0P102,SEED_31,1,29,literature review,0.033526494815073346,0
N0P102,SEED_32,1,29,literature review,0.09735164776405995,0
N0P102,SEED_106,0,29,literature review,0.0396656199956952,0
N0P102,SEED_103,0,29,literature review,0.1317058804580309,0
N0P102,SEED_102,0,29,literature review,0.05485994308932408,0
N0P102,SEED_62,0,29,literature review,0.04784216452869475,0
N0P102,SEED_29,0,29,literature review,0.07042009300336129,0
N0P102,SEED_17,0,29,literature review,0.029211956325465183,0
N0P102,SEED_19,1,29,literature review,0.04109700523383222,0
N0P102,SEED_70,0,29,literature review,0.08172477101102746,0
N0P102,SEED_99,0,29,literature review,0.058671135460116444,0
N0P102,SEED_63,0,29,literature review,0.04603307219547203,0
N0P102,SEED_82,1,29,literature review,0.031946399533903824,0
N0P102,SEED_104,0,29,literature review,0.027022006506890947,0
N0P102,SEED_21,1,29,literature review,0.04332717025608329,0
N0P102,SEED_69,0,29,literature review,0.01686621307186654,0
N0P102,SEED_72,1,29,literature review,0.07981472218677699,0
N0P102,SEED_93,0,29,literature review,0.06110953885154956,0
N0P102,SEED_25,1,29,literature review,0.03134650983079614,0
N0P102,SEED_37,0,29,literature review,0.0916688018924311,0
N0P102,SEED_58,0,29,literature review,0.04043276523483182,0
N0P85,SEED_43,0,29,position paper,0.05652341745969014,0
N0P85,SEED_92,0,29,position paper,0.05106624582263099,0
N0P85,SEED_48,1,29,position paper,0.029185376778173528,0
N0P85,SEED_61,1,29,position paper,0.059968033729275456,0
N0P85,SEED_87,1,29,position paper,0.14276304721670452,0
N0P85,SEED_33,0,29,position paper,0.03666889624528128,0
N0P85,SEED_78,0,29,position paper,0.0228613868635909,0
N0P85,SEED_88,0,29,position paper,0.0751324199578783,0
N0P85,SEED_98,1,29,position paper,0.011894667691759708,0
N0P85,SEED_45,0,29,position paper,0.04818303463809887,0
N0P85,SEED_67,0,29,position paper,0.05032975495304677,0
N0P85,SEED_94,1,29,position paper,0.1502174121454999,0
N0P85,SEED_71,0,29,position paper,0.01920486060179593,0
N0P85,SEED_31,0,29,position paper,0.033526494815073346,0
N0P85,SEED_28,0,29,position paper,0.03690431206766,0
N0P85,SEED_24,0,29,position paper,0.06525103738400904,0
N0P85,SEED_102,0,29,position paper,0.05485994308932408,0
N0P85,SEED_38,0,29,position paper,0.061179792753602406,0
N0P85,SEED_68,0,29,position paper,0.022306762819201194,0
N0P85,SEED_82,1,29,position paper,0.031946399533903824,0
N0P85,SEED_36,1,29,position paper,0.13828262665054547,0
N0P85,SEED_69,0,29,position paper,0.01686621307186654,0
N0P85,SEED_22,0,29,position paper,0.05799342396218755,0
N0P85,SEED_84,0,29,position paper,0.07184420324302587,0
N0P85,SEED_35,0,29,position paper,0.053243975534267386,0
N0P85,SEED_90,1,29,position paper,0.10168314958353901,0
N0P85,SEED_58,0,29,position paper,0.04043276523483182,0
N0P85,SEED_86,0,29,position paper,0.07467253707820579,0
N0P85,SEED_40,1,29,position paper,0.03616922310850126,0
N0P85,SEED_118,1,29,position paper,0.03264322768755141,0
N0P44,SEED_89,0,29,literature review,0.013011664337656105,0
N0P44,SEED_114,0,29,literature review,0.05371749025215298,0
N0P44,SEED_107,0,29,literature review,0.042538122034430435,0
N0P44,SEED_83,0,29,literature review,0.052741438587646794,0
N0P44,SEED_75,0,29,literature review,0.004317454748062883,0
N0P44,SEED_12,0,29,literature review,0.06332329199540948,0
N0P44,SEED_95,1,29,literature review,0.18268931412556882,0
N0P44,SEED_113,0,29,literature review,0.03869600182636786,0
N0P44,SEED_85,1,29,literature review,0.06585964077621878,0
N0P44,SEED_4,0,29,literature review,0.10778007277480268,0
N0P44,SEED_38,0,29,literature review,0.061179792753602406,0
N0P44,SEED_30,1,29,literature review,0.045065154448624835,0
N0P44,SEED_17,1,29,literature review,0.029211956325465183,0
N0P44,SEED_116,0,29,literature review,0.15216520399588473,0
N0P44,SEED_68,1,29,literature review,0.022306762819201194,0
N0P44,SEED_19,0,29,literature review,0.04109700523383222,0
N0P44,SEED_117,0,29,literature review,0.058265813707136085,0
N0P44,SEED_63,1,29,literature review,0.04603307219547203,0
N0P44,SEED_5,0,29,literature review,0.04891575446422762,0
N0P44,SEED_47,1,29,literature review,0.11197067729022589,0
N0P44,SEED_69,0,29,literature review,0.01686621307186654,0
N0P44,SEED_53,1,29,literature review,0.08163751252417001,0
N0P44,SEED_14,0,29,literature review,0.029758165991292006,0
N0P44,SEED_93,0,29,literature review,0.06110953885154956,0
N0P44,SEED_119,0,29,literature review,0.07263413180061329,0
N0P44,SEED_52,0,29,literature review,0.0773265984984997,0
N0P44,SEED_58,1,29,literature review,0.04043276523483182,0
N0P44,SEED_49,0,29,literature review,0.032768873721272004,0
N0P44,SEED_96,0,29,literature review,0.10358875368385743,0
N0P44,SEED_118,1,29,literature review,0.03264322768755141,0
N0P108,SEED_57,1,29,literature review,0.03673991558283747,0
N0P108,SEED_87,0,29,literature review,0.14276304721670452,0
N0P108,SEED_48,1,29,literature review,0.029185376778173528,0
N0P108,SEED_100,0,29,literature review,0.022251536993773687,0
N0P108,SEED_101,0,29,literature review,0.023490079101840138,0
N0P108,SEED_98,1,29,literature review,0.011894667691759708,0
N0P108,SEED_3,1,29,literature review,0.06798054115184436,0
N0P108,SEED_45,1,29,literature review,0.04818303463809887,0
N0P108,SEED_31,0,29,literature review,0.033526494815073346,0
N0P108,SEED_79,0,29,literature review,0.1318500750967745,0
N0P108,SEED_9,0,29,literature review,0.05790057358028041,0
N0P108,SEED_81,0,29,literature review,0.035788322601505926,0
N0P108,SEED_102,0,29,literature review,0.05485994308932408,0
N0P108,SEED_62,1,29,literature review,0.04784216452869475,0
N0P108,SEED_29,0,29,literature review,0.07042009300336129,0
N0P108,SEED_19,0,29,literature review,0.04109700523383222,0
N0P108,SEED_116,0,29,literature review,0.15216520399588473,0
N0P108,SEED_70,0,29,literature review,0.08172477101102746,0
N0P108,SEED_99,0,29,literature review,0.058671135460116444,0
N0P108,SEED_10,1,29,literature review,0.2599772228262205,0
N0P108,SEED_23,1,29,literature review,0.24419454417762076,0
N0P108,SEED_115,0,29,literature review,0.02209761458825523,0
N0P108,SEED_84,0,29,literature review,0.07184420324302587,0
N0P108,SEED_55,1,29,literature review,0.09584107046851154,0
N0P108,SEED_37,0,29,literature review,0.0916688018924311,0
N0P108,SEED_108,1,29,literature review,0.11699373395608792,0
N0P108,SEED_91,0,29,literature review,0.037739388173408044,0
N0P108,SEED_34,0,29,literature review,0.08548426810230766,0
N0P108,SEED_41,0,29,literature review,0.06663729499428636,0
N0P108,SEED_74,0,29,literature review,0.045788952881914514,0
N0P4,SEED_89,0,29,literature review,0.013011664337656105,0
N0P4,SEED_33,1,29,literature review,0.03666889624528128,0
N0P4,SEED_48,0,29,literature review,0.029185376778173528,0
N0P4,SEED_107,1,29,literature review,0.042538122034430435,0
N0P4,SEED_61,1,29,literature review,0.059968033729275456,0
N0P4,SEED_100,0,29,literature review,0.022251536993773687,0
N0P4,SEED_101,0,29,literature review,0.023490079101840138,0
N0P4,SEED_71,0,29,literature review,0.01920486060179593,0
N0P4,SEED_0,1,29,literature review,0.03419115971424214,0
N0P4,SEED_51,0,29,literature review,0.09567458183955731,0
N0P4,SEED_7,0,29,literature review,0.021341441722662596,0
N0P4,SEED_113,0,29,literature review,0.03869600182636786,0
N0P4,SEED_62,1,29,literature review,0.04784216452869475,0
N0P4,SEED_30,0,29,literature review,0.045065154448624835,0
N0P4,SEED_19,0,29,literature review,0.04109700523383222,0
N0P4,SEED_36,0,29,literature review,0.13828262665054547,0
N0P4,SEED_21,1,29,literature review,0.04332717025608329,0
N0P4,SEED_11,1,29,literature review,0.06461885091273475,0
N0P4,SEED_93,0,29,literature review,0.06110953885154956,0
N0P4,SEED_84,0,29,literature review,0.07184420324302587,0
N0P4,SEED_52,0,29,literature review,0.0773265984984997,0
N0P4,SEED_91,0,29,literature review,0.037739388173408044,0
N0P4,SEED_108,1,29,literature review,0.11699373395608792,0
N0P4,SEED_1,0,29,literature review,0.13141875515524984,0
N0P4,SEED_58,0,29,literature review,0.04043276523483182,0
N0P4,SEED_49,0,29,literature review,0.032768873721272004,0
N0P4,SEED_111,0,29,literature review,0.04969971145347565,0
N0P4,SEED_96,1,29,literature review,0.10358875368385743,0
N0P4,SEED_27,1,29,literature review,0.1928425224241903,0
N0P4,SEED_54,0,29,literature review,0.0252978715058926,0
N0P58,SEED_64,0,29,position paper,0.07877200791990707,0
N0P58,SEED_57,1,29,position paper,0.03673991558283747,0
N0P58,SEED_110,0,29,position paper,0.08655273033551042,0
N0P58,SEED_78,0,29,position paper,0.0228613868635909,0
N0P58,SEED_107,0,29,position paper,0.042538122034430435,0
N0P58,SEED_101,0,29,position paper,0.023490079101840138,0
N0P58,SEED_75,1,29,position paper,0.004317454748062883,0
N0P58,SEED_45,1,29,position paper,0.04818303463809887,0
N0P58,SEED_9,1,29,position paper,0.05790057358028041,0
N0P58,SEED_106,0,29,position paper,0.0396656199956952,0
N0P58,SEED_7,0,29,position paper,0.021341441722662596,0
N0P58,SEED_59,0,29,position paper,0.03537515898047227,0
N0P58,SEED_39,0,29,position paper,0.03555690750708022,0
N0P58,SEED_4,0,29,position paper,0.10778007277480268,0
N0P58,SEED_38,0,29,position paper,0.061179792753602406,0
N0P58,SEED_70,0,29,position paper,0.08172477101102746,0
N0P58,SEED_5,0,29,position paper,0.04891575446422762,0
N0P58,SEED_82,1,29,position paper,0.031946399533903824,0
N0P58,SEED_36,1,29,position paper,0.13828262665054547,0
N0P58,SEED_60,0,29,position paper,0.03900336059186124,0
N0P58,SEED_47,1,29,position paper,0.11197067729022589,0
N0P58,SEED_109,1,29,position paper,0.08741121552597077,0
N0P58,SEED_11,1,29,position paper,0.06461885091273475,0
N0P58,SEED_35,0,29,position paper,0.053243975534267386,0
N0P58,SEED_112,0,29,position paper,0.04763731112793226,0
N0P58,SEED_49,0,29,position paper,0.032768873721272004,0
N0P58,SEED_80,0,29,position paper,0.05412529367962349,0
N0P58,SEED_76,0,29,position paper,0.02911097510188564,0
N0P58,SEED_74,0,29,position paper,0.045788952881914514,0
N0P58,SEED_56,1,29,position paper,0.021739942781307576,0
N0P71,SEED_57,1,29,position paper,0.03673991558283747,0
N0P71,SEED_16,0,29,position paper,0.06580490852851562,0
N0P71,SEED_78,0,29,position paper,0.0228613868635909,0
N0P71,SEED_88,1,29,position paper,0.0751324199578783,0
N0P71,SEED_101,0,29,position paper,0.023490079101840138,0
N0P71,SEED_98,1,29,position paper,0.011894667691759708,0
N0P71,SEED_3,1,29,position paper,0.06798054115184436,0
N0P71,SEED_45,0,29,position paper,0.04818303463809887,0
N0P71,SEED_9,0,29,position paper,0.05790057358028041,0
N0P71,SEED_65,1,29,position paper,0.09967558011174742,0
N0P71,SEED_95,0,29,position paper,0.18268931412556882,0
N0P71,SEED_7,0,29,position paper,0.021341441722662596,0
N0P71,SEED_51,0,29,position paper,0.09567458183955731,0
N0P71,SEED_85,0,29,position paper,0.06585964077621878,0
N0P71,SEED_18,0,29,position paper,0.07930603337696131,0
N0P71,SEED_81,0,29,position paper,0.035788322601505926,0
N0P71,SEED_4,0,29,position paper,0.10778007277480268,0
N0P71,SEED_44,0,29,position paper,0.037266295783348585,0
N0P71,SEED_5,1,29,position paper,0.04891575446422762,0
N0P71,SEED_118,0,29,position paper,0.03264322768755141,0
N0P71,SEED_77,0,29,position paper,0.09597717740914226,0
N0P71,SEED_93,0,29,position paper,0.06110953885154956,0
N0P71,SEED_35,0,29,position paper,0.053243975534267386,0
N0P71,SEED_55,1,29,position paper,0.09584107046851154,0
N0P71,SEED_108,1,29,position paper,0.11699373395608792,0
N0P71,SEED_20,0,29,position paper,0.029535688085893946,0
N0P71,SEED_111,0,29,position paper,0.04969971145347565,0
N0P71,SEED_46,0,29,position paper,0.027379269989798654,0
N0P71,SEED_86,0,29,position paper,0.07467253707820579,0
N0P71,SEED_56,1,29,position paper,0.021739942781307576,0
N0P55,SEED_110,0,29,position paper,0.08655273033551042,0
N0P55,SEED_88,1,29,position paper,0.0751324199578783,0
N0P55,SEED_45,0,29,position paper,0.04818303463809887,0
N0P55,SEED_50,0,29,position paper,0.07323859452802539,0
N0P55,SEED_94,1,29,position paper,0.1502174121454999,0
N0P55,SEED_73,0,29,position paper,0.09938073079147507,0
N0P55,SEED_9,1,29,position paper,0.05790057358028041,0
N0P55,SEED_79,0,29,position paper,0.1318500750967745,0
N0P55,SEED_106,1,29,position paper,0.0396656199956952,0
N0P55,SEED_105,0,29,position paper,0.024092964382771427,0
N0P55,SEED_51,1,29,position paper,0.09567458183955731,0
N0P55,SEED_103,0,29,position paper,0.1317058804580309,0
N0P55,SEED_85,1,29,position paper,0.06585964077621878,0
N0P55,SEED_81,0,29,position paper,0.035788322601505926,0
N0P55,SEED_102,0,29,position paper,0.05485994308932408,0
N0P55,SEED_2,0,29,position paper,0.12297460110382108,0
N0P55,SEED_5,0,29,position paper,0.04891575446422762,0
N0P55,SEED_21,0,29,position paper,0.04332717025608329,0
N0P55,SEED_115,0,29,position paper,0.02209761458825523,0
N0P55,SEED_53,1,29,position paper,0.08163751252417001,0
N0P55,SEED_109,0,29,position paper,0.08741121552597077,0
N0P55,SEED_14,1,29,position paper,0.029758165991292006,0
N0P55,SEED_55,1,29,position paper,0.09584107046851154,0
N0P55,SEED_37,0,29,position paper,0.0916688018924311,0
N0P55,SEED_90,0,29,position paper,0.10168314958353901,0
N0P55,SEED_108,1,29,position paper,0.11699373395608792,0
N0P55,SEED_58,0,29,position paper,0.04043276523483182,0
N0P55,SEED_41,0,29,position paper,0.06663729499428636,0
N0P55,SEED_40,0,29,position paper,0.03616922310850126,0
N0P55,SEED_54,0,29,position paper,0.0252978715058926,0
N0P64,SEED_57,1,29,position paper,0.03673991558283747,0
N0P64,SEED_61,1,29,position paper,0.059968033729275456,0
N0P64,SEED_97,0,29,position paper,0.03609440995756307,0
N0P64,SEED_3,1,29,position paper,0.06798054115184436,0
N0P64,SEED_28,0,29,position paper,0.03690431206766,0
N0P64,SEED_15,0,29,position paper,0.12583525799894296,0
N0P64,SEED_32,1,29,position paper,0.09735164776405995,0
N0P64,SEED_65,0,29,position paper,0.09967558011174742,0
N0P64,SEED_102,0,29,position paper,0.05485994308932408,0
N0P64,SEED_17,0,29,position paper,0.029211956325465183,0
N0P64,SEED_44,0,29,position paper,0.037266295783348585,0
N0P64,SEED_116,0,29,position paper,0.15216520399588473,0
N0P64,SEED_70,1,29,position paper,0.08172477101102746,0
N0P64,SEED_99,0,29,position paper,0.058671135460116444,0
N0P64,SEED_82,0,29,position paper,0.031946399533903824,0
N0P64,SEED_36,0,29,position paper,0.13828262665054547,0
N0P64,SEED_10,0,29,position paper,0.2599772228262205,0
N0P64,SEED_47,0,29,position paper,0.11197067729022589,0
N0P64,SEED_53,1,29,position paper,0.08163751252417001,0
N0P64,SEED_77,1,29,position paper,0.09597717740914226,0
N0P64,SEED_66,0,29,position paper,0.009691035124209286,0
N0P64,SEED_6,1,29,position paper,0.03894507193462498,0
N0P64,SEED_11,0,29,position paper,0.06461885091273475,0
N0P64,SEED_91,0,29,position paper,0.037739388173408044,0
N0P64,SEED_55,1,29,position paper,0.09584107046851154,0
N0P64,SEED_34,0,29,position paper,0.08548426810230766,0
N0P64,SEED_20,0,29,position paper,0.029535688085893946,0
N0P64,SEED_111,0,29,position paper,0.04969971145347565,0
N0P64,SEED_18,1,29,position paper,0.07930603337696131,0
N0P64,SEED_13,0,29,position paper,0.030904771618012833,0
N0P50,SEED_87,1,29,literature review,0.14276304721670452,0
N0P50,SEED_42,0,29,literature review,0.051653349129091995,0
N0P50,SEED_16,0,29,literature review,0.06580490852851562,0
N0P50,SEED_92,0,29,literature review,0.05106624582263099,0
N0P50,SEED_101,0,29,literature review,0.023490079101840138,0
N0P50,SEED_75,0,29,literature review,0.004317454748062883,0
N0P50,SEED_98,1,29,literature review,0.011894667691759708,0
N0P50,SEED_45,0,29,literature review,0.04818303463809887,0
N0P50,SEED_94,1,29,literature review,0.1502174121454999,0
N0P50,SEED_71,0,29,literature review,0.01920486060179593,0
N0P50,SEED_15,0,29,literature review,0.12583525799894296,0
N0P50,SEED_12,0,29,literature review,0.06332329199540948,0
N0P50,SEED_106,0,29,literature review,0.0396656199956952,0
N0P50,SEED_95,1,29,literature review,0.18268931412556882,0
N0P50,SEED_7,0,29,literature review,0.021341441722662596,0
N0P50,SEED_103,0,29,literature review,0.1317058804580309,0
N0P50,SEED_85,0,29,literature review,0.06585964077621878,0
N0P50,SEED_19,1,29,literature review,0.04109700523383222,0
N0P50,SEED_36,0,29,literature review,0.13828262665054547,0
N0P50,SEED_60,0,29,literature review,0.03900336059186124,0
N0P50,SEED_10,0,29,literature review,0.2599772228262205,0
N0P50,SEED_115,0,29,literature review,0.02209761458825523,0
N0P50,SEED_104,0,29,literature review,0.027022006506890947,0
N0P50,SEED_47,1,29,literature review,0.11197067729022589,0
N0P50,SEED_6,1,29,literature review,0.03894507193462498,0
N0P50,SEED_11,1,29,literature review,0.06461885091273475,0
N0P50,SEED_8,1,29,literature review,0.06872182608709806,0
N0P50,SEED_52,0,29,literature review,0.0773265984984997,0
N0P50,SEED_55,1,29,literature review,0.09584107046851154,0
N0P50,SEED_54,0,29,literature review,0.0252978715058926,0
N0P53,SEED_114,0,29,literature review,0.05371749025215298,0
N0P53,SEED_94,1,29,literature review,0.1502174121454999,0
N0P53,SEED_79,0,29,literature review,0.1318500750967745,0
N0P53,SEED_106,0,29,literature review,0.0396656199956952,0
N0P53,SEED_65,0,29,literature review,0.09967558011174742,0
N0P53,SEED_105,0,29,literature review,0.024092964382771427,0
N0P53,SEED_113,0,29,literature review,0.03869600182636786,0
N0P53,SEED_62,1,29,literature review,0.04784216452869475,0
N0P53,SEED_27,1,29,literature review,0.1928425224241903,0
N0P53,SEED_44,0,29,literature review,0.037266295783348585,0
N0P53,SEED_19,0,29,literature review,0.04109700523383222,0
N0P53,SEED_116,0,29,literature review,0.15216520399588473,0
N0P53,SEED_99,1,29,literature review,0.058671135460116444,0
N0P53,SEED_36,1,29,literature review,0.13828262665054547,0
N0P53,SEED_10,0,29,literature review,0.2599772228262205,0
N0P53,SEED_72,0,29,literature review,0.07981472218677699,0
N0P53,SEED_53,1,29,literature review,0.08163751252417001,0
N0P53,SEED_77,0,29,literature review,0.09597717740914226,0
N0P53,SEED_6,1,29,literature review,0.03894507193462498,0
N0P53,SEED_14,1,29,literature review,0.029758165991292006,0
N0P53,SEED_84,0,29,literature review,0.07184420324302587,0
N0P53,SEED_55,0,29,literature review,0.09584107046851154,0
N0P53,SEED_34,0,29,literature review,0.08548426810230766,0
N0P53,SEED_20,1,29,literature review,0.029535688085893946,0
N0P53,SEED_111,0,29,literature review,0.04969971145347565,0
N0P53,SEED_76,0,29,literature review,0.02911097510188564,0
N0P53,SEED_96,1,29,literature review,0.10358875368385743,0
N0P53,SEED_86,0,29,literature review,0.07467253707820579,0
N0P53,SEED_54,0,29,literature review,0.0252978715058926,0
N0P53,SEED_56,0,29,literature review,0.021739942781307576,0
N0P68,SEED_89,0,29,position paper,0.013011664337656105,0
N0P68,SEED_42,0,29,position paper,0.051653349129091995,0
N0P68,SEED_43,0,29,position paper,0.05652341745969014,0
N0P68,SEED_87,0,29,position paper,0.14276304721670452,0
N0P68,SEED_61,1,29,position paper,0.059968033729275456,0
N0P68,SEED_100,0,29,position paper,0.022251536993773687,0
N0P68,SEED_98,1,29,position paper,0.011894667691759708,0
N0P68,SEED_45,0,29,position paper,0.04818303463809887,0
N0P68,SEED_94,1,29,position paper,0.1502174121454999,0
N0P68,SEED_106,0,29,position paper,0.0396656199956952,0
N0P68,SEED_59,0,29,position paper,0.03537515898047227,0
N0P68,SEED_113,0,29,position paper,0.03869600182636786,0
N0P68,SEED_30,0,29,position paper,0.045065154448624835,0
N0P68,SEED_17,0,29,position paper,0.029211956325465183,0
N0P68,SEED_44,1,29,position paper,0.037266295783348585,0
N0P68,SEED_99,0,29,position paper,0.058671135460116444,0
N0P68,SEED_5,1,29,position paper,0.04891575446422762,0
N0P68,SEED_82,0,29,position paper,0.031946399533903824,0
N0P68,SEED_23,1,29,position paper,0.24419454417762076,0
N0P68,SEED_69,0,29,position paper,0.01686621307186654,0
N0P68,SEED_93,1,29,position paper,0.06110953885154956,0
N0P68,SEED_8,1,29,position paper,0.06872182608709806,0
N0P68,SEED_22,1,29,position paper,0.05799342396218755,0
N0P68,SEED_84,0,29,position paper,0.07184420324302587,0
N0P68,SEED_58,0,29,position paper,0.04043276523483182,0
N0P68,SEED_80,0,29,position paper,0.05412529367962349,0
N0P68,SEED_74,0,29,position paper,0.045788952881914514,0
N0P68,SEED_96,0,29,position paper,0.10358875368385743,0
N0P68,SEED_13,1,29,position paper,0.030904771618012833,0
N0P68,SEED_118,0,29,position paper,0.03264322768755141,0
N0P97,SEED_64,1,29,position paper,0.07877200791990707,0
N0P97,SEED_86,0,29,position paper,0.07467253707820579,0
N0P97,SEED_110,0,29,position paper,0.08655273033551042,0
N0P97,SEED_98,1,29,position paper,0.011894667691759708,0
N0P97,SEED_94,1,29,position paper,0.1502174121454999,0
N0P97,SEED_73,1,29,position paper,0.09938073079147507,0
N0P97,SEED_28,0,29,position paper,0.03690431206766,0
N0P97,SEED_51,1,29,position paper,0.09567458183955731,0
N0P97,SEED_7,0,29,position paper,0.021341441722662596,0
N0P97,SEED_18,0,29,position paper,0.07930603337696131,0
N0P97,SEED_102,0,29,position paper,0.05485994308932408,0
N0P97,SEED_38,0,29,position paper,0.061179792753602406,0
N0P97,SEED_30,0,29,position paper,0.045065154448624835,0
N0P97,SEED_29,0,29,position paper,0.07042009300336129,0
N0P97,SEED_17,0,29,position paper,0.029211956325465183,0
N0P97,SEED_99,1,29,position paper,0.058671135460116444,0
N0P97,SEED_5,1,29,position paper,0.04891575446422762,0
N0P97,SEED_104,0,29,position paper,0.027022006506890947,0
N0P97,SEED_115,0,29,position paper,0.02209761458825523,0
N0P97,SEED_69,0,29,position paper,0.01686621307186654,0
N0P97,SEED_66,0,29,position paper,0.009691035124209286,0
N0P97,SEED_93,0,29,position paper,0.06110953885154956,0
N0P97,SEED_84,0,29,position paper,0.07184420324302587,0
N0P97,SEED_37,0,29,position paper,0.0916688018924311,0
N0P97,SEED_41,0,29,position paper,0.06663729499428636,0
N0P97,SEED_76,0,29,position paper,0.02911097510188564,0
N0P97,SEED_96,0,29,position paper,0.10358875368385743,0
N0P97,SEED_27,1,29,position paper,0.1928425224241903,0
N0P97,SEED_40,0,29,position paper,0.03616922310850126,0
N0P97,SEED_56,1,29,position paper,0.021739942781307576,0
N0P76,SEED_64,0,29,position paper,0.07877200791990707,0
N0P76,SEED_16,0,29,position paper,0.06580490852851562,0
N0P76,SEED_78,0,29,position paper,0.0228613868635909,0
N0P76,SEED_75,1,29,position paper,0.004317454748062883,0
N0P76,SEED_28,0,29,position paper,0.03690431206766,0
N0P76,SEED_32,1,29,position paper,0.09735164776405995,0
N0P76,SEED_81,0,29,position paper,0.035788322601505926,0
N0P76,SEED_38,0,29,position paper,0.061179792753602406,0
N0P76,SEED_44,0,29,position paper,0.037266295783348585,0
N0P76,SEED_19,1,29,position paper,0.04109700523383222,0
N0P76,SEED_68,0,29,position paper,0.022306762819201194,0
N0P76,SEED_116,0,29,position paper,0.15216520399588473,0
N0P76,SEED_70,0,29,position paper,0.08172477101102746,0
N0P76,SEED_117,0,29,position paper,0.058265813707136085,0
N0P76,SEED_82,0,29,position paper,0.031946399533903824,0
N0P76,SEED_36,0,29,position paper,0.13828262665054547,0
N0P76,SEED_21,1,29,position paper,0.04332717025608329,0
N0P76,SEED_10,1,29,position paper,0.2599772228262205,0
N0P76,SEED_66,1,29,position paper,0.009691035124209286,0
N0P76,SEED_11,0,29,position paper,0.06461885091273475,0
N0P76,SEED_25,1,29,position paper,0.03134650983079614,0
N0P76,SEED_119,0,29,position paper,0.07263413180061329,0
N0P76,SEED_35,0,29,position paper,0.053243975534267386,0
N0P76,SEED_90,1,29,position paper,0.10168314958353901,0
N0P76,SEED_108,1,29,position paper,0.11699373395608792,0
N0P76,SEED_20,1,29,position paper,0.029535688085893946,0
N0P76,SEED_41,0,29,position paper,0.06663729499428636,0
N0P76,SEED_80,0,29,position paper,0.05412529367962349,0
N0P76,SEED_74,0,29,position paper,0.045788952881914514,0
N0P76,SEED_118,0,29,position paper,0.03264322768755141,0
N0P61,SEED_89,0,29,literature review,0.013011664337656105,0
N0P61,SEED_42,0,29,literature review,0.051653349129091995,0
N0P61,SEED_87,0,29,literature review,0.14276304721670452,0
N0P61,SEED_48,1,29,literature review,0.029185376778173528,0
N0P61,SEED_16,0,29,literature review,0.06580490852851562,0
N0P61,SEED_43,0,29,literature review,0.05652341745969014,0
N0P61,SEED_97,0,29,literature review,0.03609440995756307,0
N0P61,SEED_101,0,29,literature review,0.023490079101840138,0
N0P61,SEED_67,1,29,literature review,0.05032975495304677,0
N0P61,SEED_94,1,29,literature review,0.1502174121454999,0
N0P61,SEED_71,0,29,literature review,0.01920486060179593,0
N0P61,SEED_106,0,29,literature review,0.0396656199956952,0
N0P61,SEED_65,1,29,literature review,0.09967558011174742,0
N0P61,SEED_113,0,29,literature review,0.03869600182636786,0
N0P61,SEED_39,0,29,literature review,0.03555690750708022,0
N0P61,SEED_85,1,29,literature review,0.06585964077621878,0
N0P61,SEED_62,1,29,literature review,0.04784216452869475,0
N0P61,SEED_116,0,29,literature review,0.15216520399588473,0
N0P61,SEED_2,0,29,literature review,0.12297460110382108,0
N0P61,SEED_82,0,29,literature review,0.031946399533903824,0
N0P61,SEED_104,0,29,literature review,0.027022006506890947,0
N0P61,SEED_10,1,29,literature review,0.2599772228262205,0
N0P61,SEED_23,0,29,literature review,0.24419454417762076,0
N0P61,SEED_11,0,29,literature review,0.06461885091273475,0
N0P61,SEED_90,0,29,literature review,0.10168314958353901,0
N0P61,SEED_108,1,29,literature review,0.11699373395608792,0
N0P61,SEED_46,0,29,literature review,0.027379269989798654,0
N0P61,SEED_76,0,29,literature review,0.02911097510188564,0
N0P61,SEED_27,1,29,literature review,0.1928425224241903,0
N0P61,SEED_54,0,29,literature review,0.0252978715058926,0
N0P110,SEED_110,1,29,literature review,0.08655273033551042,0
N0P110,SEED_92,0,29,literature review,0.05106624582263099,0
N0P110,SEED_87,0,29,literature review,0.14276304721670452,0
N0P110,SEED_48,1,29,literature review,0.029185376778173528,0
N0P110,SEED_61,1,29,literature review,0.059968033729275456,0
N0P110,SEED_100,0,29,literature review,0.022251536993773687,0
N0P110,SEED_101,0,29,literature review,0.023490079101840138,0
N0P110,SEED_71,0,29,literature review,0.01920486060179593,0
N0P110,SEED_31,1,29,literature review,0.033526494815073346,0
N0P110,SEED_73,0,29,literature review,0.09938073079147507,0
N0P110,SEED_106,0,29,literature review,0.0396656199956952,0
N0P110,SEED_103,0,29,literature review,0.1317058804580309,0
N0P110,SEED_38,0,29,literature review,0.061179792753602406,0
N0P110,SEED_17,0,29,literature review,0.029211956325465183,0
N0P110,SEED_99,0,29,literature review,0.058671135460116444,0
N0P110,SEED_63,0,29,literature review,0.04603307219547203,0
N0P110,SEED_10,1,29,literature review,0.2599772228262205,0
N0P110,SEED_21,1,29,literature review,0.04332717025608329,0
N0P110,SEED_53,1,29,literature review,0.08163751252417001,0
N0P110,SEED_66,0,29,literature review,0.009691035124209286,0
N0P110,SEED_8,0,29,literature review,0.06872182608709806,0
N0P110,SEED_35,0,29,literature review,0.053243975534267386,0
N0P110,SEED_52,1,29,literature review,0.0773265984984997,0
N0P110,SEED_37,0,29,literature review,0.0916688018924311,0
N0P110,SEED_55,1,29,literature review,0.09584107046851154,0
N0P110,SEED_1,0,29,literature review,0.13141875515524984,0
N0P110,SEED_49,0,29,literature review,0.032768873721272004,0
N0P110,SEED_34,0,29,literature review,0.08548426810230766,0
N0P110,SEED_18,0,29,literature review,0.07930603337696131,0
N0P110,SEED_118,1,29,literature review,0.03264322768755141,0
N0P109,SEED_57,1,29,literature review,0.03673991558283747,0
N0P109,SEED_16,0,29,literature review,0.06580490852851562,0
N0P109,SEED_114,0,29,literature review,0.05371749025215298,0
N0P109,SEED_107,0,29,literature review,0.042538122034430435,0
N0P109,SEED_97,0,29,literature review,0.03609440995756307,0
N0P109,SEED_101,0,29,literature review,0.023490079101840138,0
N0P109,SEED_3,1,29,literature review,0.06798054115184436,0
N0P109,SEED_45,0,29,literature review,0.04818303463809887,0
N0P109,SEED_94,1,29,literature review,0.1502174121454999,0
N0P109,SEED_71,0,29,literature review,0.01920486060179593,0
N0P109,SEED_0,1,29,literature review,0.03419115971424214,0
N0P109,SEED_65,1,29,literature review,0.09967558011174742,0
N0P109,SEED_105,0,29,literature review,0.024092964382771427,0
N0P109,SEED_95,1,29,literature review,0.18268931412556882,0
N0P109,SEED_39,0,29,literature review,0.03555690750708022,0
N0P109,SEED_116,0,29,literature review,0.15216520399588473,0
N0P109,SEED_70,0,29,literature review,0.08172477101102746,0
N0P109,SEED_115,0,29,literature review,0.02209761458825523,0
N0P109,SEED_23,1,29,literature review,0.24419454417762076,0
N0P109,SEED_11,1,29,literature review,0.06461885091273475,0
N0P109,SEED_52,0,29,literature review,0.0773265984984997,0
N0P109,SEED_55,1,29,literature review,0.09584107046851154,0
N0P109,SEED_91,0,29,literature review,0.037739388173408044,0
N0P109,SEED_49,0,29,literature review,0.032768873721272004,0
N0P109,SEED_34,0,29,literature review,0.08548426810230766,0
N0P109,SEED_46,0,29,literature review,0.027379269989798654,0
N0P109,SEED_76,0,29,literature review,0.02911097510188564,0
N0P109,SEED_40,0,29,literature review,0.03616922310850126,0
N0P109,SEED_13,1,29,literature review,0.030904771618012833,0
N0P109,SEED_56,0,29,literature review,0.021739942781307576,0
N0P10,SEED_89,0,29,literature review,0.013011664337656105,0
N0P10,SEED_110,1,29,literature review,0.08655273033551042,0
N0P10,SEED_42,0,29,literature review,0.051653349129091995,0
N0P10,SEED_48,1,29,literature review,0.029185376778173528,0
N0P10,SEED_100,0,29,literature review,0.022251536993773687,0
N0P10,SEED_3,1,29,literature review,0.06798054115184436,0
N0P10,SEED_94,1,29,literature review,0.1502174121454999,0
N0P10,SEED_31,0,29,literature review,0.033526494815073346,0
N0P10,SEED_28,0,29,literature review,0.03690431206766,0
N0P10,SEED_113,0,29,literature review,0.03869600182636786,0
N0P10,SEED_103,1,29,literature review,0.1317058804580309,0
N0P10,SEED_85,1,29,literature review,0.06585964077621878,0
N0P10,SEED_102,0,29,literature review,0.05485994308932408,0
N0P10,SEED_4,0,29,literature review,0.10778007277480268,0
N0P10,SEED_30,0,29,literature review,0.045065154448624835,0
N0P10,SEED_44,0,29,literature review,0.037266295783348585,0
N0P10,SEED_116,0,29,literature review,0.15216520399588473,0
N0P10,SEED_60,0,29,literature review,0.03900336059186124,0
N0P10,SEED_115,0,29,literature review,0.02209761458825523,0
N0P10,SEED_22,1,29,literature review,0.05799342396218755,0
N0P10,SEED_25,0,29,literature review,0.03134650983079614,0
N0P10,SEED_52,0,29,literature review,0.0773265984984997,0
N0P10,SEED_112,0,29,literature review,0.04763731112793226,0
N0P10,SEED_108,0,29,literature review,0.11699373395608792,0
N0P10,SEED_58,1,29,literature review,0.04043276523483182,0
N0P10,SEED_34,0,29,literature review,0.08548426810230766,0
N0P10,SEED_20,0,29,literature review,0.029535688085893946,0
N0P10,SEED_111,1,29,literature review,0.04969971145347565,0
N0P10,SEED_13,0,29,literature review,0.030904771618012833,0
N0P10,SEED_118,1,29,literature review,0.03264322768755141,0
N0P52,SEED_89,0,29,literature review,0.013011664337656105,0
N0P52,SEED_43,0,29,literature review,0.05652341745969014,0
N0P52,SEED_48,0,29,literature review,0.029185376778173528,0
N0P52,SEED_114,0,29,literature review,0.05371749025215298,0
N0P52,SEED_97,0,29,literature review,0.03609440995756307,0
N0P52,SEED_3,0,29,literature review,0.06798054115184436,0
N0P52,SEED_67,0,29,literature review,0.05032975495304677,0
N0P52,SEED_94,1,29,literature review,0.1502174121454999,0
N0P52,SEED_0,1,29,literature review,0.03419115971424214,0
N0P52,SEED_95,1,29,literature review,0.18268931412556882,0
N0P52,SEED_51,1,29,literature review,0.09567458183955731,0
N0P52,SEED_113,0,29,literature review,0.03869600182636786,0
N0P52,SEED_39,1,29,literature review,0.03555690750708022,0
N0P52,SEED_81,1,29,literature review,0.035788322601505926,0
N0P52,SEED_27,1,29,literature review,0.1928425224241903,0
N0P52,SEED_44,1,29,literature review,0.037266295783348585,0
N0P52,SEED_23,1,29,literature review,0.24419454417762076,0
N0P52,SEED_47,0,29,literature review,0.11197067729022589,0
N0P52,SEED_72,0,29,literature review,0.07981472218677699,0
N0P52,SEED_109,0,29,literature review,0.08741121552597077,0
N0P52,SEED_53,0,29,literature review,0.08163751252417001,0
N0P52,SEED_11,0,29,literature review,0.06461885091273475,0
N0P52,SEED_8,0,29,literature review,0.06872182608709806,0
N0P52,SEED_119,0,29,literature review,0.07263413180061329,0
N0P52,SEED_84,0,29,literature review,0.07184420324302587,0
N0P52,SEED_58,0,29,literature review,0.04043276523483182,0
N0P52,SEED_34,0,29,literature review,0.08548426810230766,0
N0P52,SEED_20,1,29,literature review,0.029535688085893946,0
N0P52,SEED_18,0,29,literature review,0.07930603337696131,0
N0P52,SEED_118,0,29,literature review,0.03264322768755141,0
N0P73,SEED_57,0,29,position paper,0.03673991558283747,0
N0P73,SEED_87,0,29,position paper,0.14276304721670452,0
N0P73,SEED_33,1,29,position paper,0.03666889624528128,0
N0P73,SEED_78,0,29,position paper,0.0228613868635909,0
N0P73,SEED_88,1,29,position paper,0.0751324199578783,0
N0P73,SEED_71,0,29,position paper,0.01920486060179593,0
N0P73,SEED_15,0,29,position paper,0.12583525799894296,0
N0P73,SEED_9,0,29,position paper,0.05790057358028041,0
N0P73,SEED_85,1,29,position paper,0.06585964077621878,0
N0P73,SEED_62,1,29,position paper,0.04784216452869475,0
N0P73,SEED_17,0,29,position paper,0.029211956325465183,0
N0P73,SEED_44,1,29,position paper,0.037266295783348585,0
N0P73,SEED_116,0,29,position paper,0.15216520399588473,0
N0P73,SEED_70,0,29,position paper,0.08172477101102746,0
N0P73,SEED_99,0,29,position paper,0.058671135460116444,0
N0P73,SEED_36,1,29,position paper,0.13828262665054547,0
N0P73,SEED_115,0,29,position paper,0.02209761458825523,0
N0P73,SEED_22,0,29,position paper,0.05799342396218755,0
N0P73,SEED_11,0,29,position paper,0.06461885091273475,0
N0P73,SEED_8,0,29,position paper,0.06872182608709806,0
N0P73,SEED_25,0,29,position paper,0.03134650983079614,0
N0P73,SEED_56,0,29,position paper,0.021739942781307576,0
N0P73,SEED_91,0,29,position paper,0.037739388173408044,0
N0P73,SEED_112,0,29,position paper,0.04763731112793226,0
N0P73,SEED_90,1,29,position paper,0.10168314958353901,0
N0P73,SEED_49,0,29,position paper,0.032768873721272004,0
N0P73,SEED_111,0,29,position paper,0.04969971145347565,0
N0P73,SEED_27,1,29,position paper,0.1928425224241903,0
N0P73,SEED_40,0,29,position paper,0.03616922310850126,0
N0P73,SEED_118,1,29,position paper,0.03264322768755141,0
N0P112,SEED_87,0,29,position paper,0.14276304721670452,0
N0P112,SEED_48,0,29,position paper,0.029185376778173528,0
N0P112,SEED_88,1,29,position paper,0.0751324199578783,0
N0P112,SEED_100,0,29,position paper,0.022251536993773687,0
N0P112,SEED_75,0,29,position paper,0.004317454748062883,0
N0P112,SEED_3,1,29,position paper,0.06798054115184436,0
N0P112,SEED_50,0,29,position paper,0.07323859452802539,0
N0P112,SEED_94,1,29,position paper,0.1502174121454999,0
N0P112,SEED_31,0,29,position paper,0.033526494815073346,0
N0P112,SEED_73,0,29,position paper,0.09938073079147507,0
N0P112,SEED_59,0,29,position paper,0.03537515898047227,0
N0P112,SEED_81,0,29,position paper,0.035788322601505926,0
N0P112,SEED_62,1,29,position paper,0.04784216452869475,0
N0P112,SEED_117,0,29,position paper,0.058265813707136085,0
N0P112,SEED_70,1,29,position paper,0.08172477101102746,0
N0P112,SEED_104,1,29,position paper,0.027022006506890947,0
N0P112,SEED_23,0,29,position paper,0.24419454417762076,0
N0P112,SEED_69,0,29,position paper,0.01686621307186654,0
N0P112,SEED_72,0,29,position paper,0.07981472218677699,0
N0P112,SEED_109,0,29,position paper,0.08741121552597077,0
N0P112,SEED_14,1,29,position paper,0.029758165991292006,0
N0P112,SEED_22,1,29,position paper,0.05799342396218755,0
N0P112,SEED_25,0,29,position paper,0.03134650983079614,0
N0P112,SEED_119,0,29,position paper,0.07263413180061329,0
N0P112,SEED_35,0,29,position paper,0.053243975534267386,0
N0P112,SEED_37,1,29,position paper,0.0916688018924311,0
N0P112,SEED_90,0,29,position paper,0.10168314958353901,0
N0P112,SEED_41,0,29,position paper,0.06663729499428636,0
N0P112,SEED_46,0,29,position paper,0.027379269989798654,0
N0P112,SEED_40,1,29,position paper,0.03616922310850126,0
N0P90,SEED_43,0,29,literature review,0.05652341745969014,0
N0P90,SEED_33,1,29,literature review,0.03666889624528128,0
N0P90,SEED_78,0,29,literature review,0.0228613868635909,0
N0P90,SEED_107,0,29,literature review,0.042538122034430435,0
N0P90,SEED_61,1,29,literature review,0.059968033729275456,0
N0P90,SEED_101,0,29,literature review,0.023490079101840138,0
N0P90,SEED_94,1,29,literature review,0.1502174121454999,0
N0P90,SEED_31,0,29,literature review,0.033526494815073346,0
N0P90,SEED_12,0,29,literature review,0.06332329199540948,0
N0P90,SEED_24,1,29,literature review,0.06525103738400904,0
N0P90,SEED_0,0,29,literature review,0.03419115971424214,0
N0P90,SEED_65,0,29,literature review,0.09967558011174742,0
N0P90,SEED_105,0,29,literature review,0.024092964382771427,0
N0P90,SEED_51,0,29,literature review,0.09567458183955731,0
N0P90,SEED_103,1,29,literature review,0.1317058804580309,0
N0P90,SEED_85,1,29,literature review,0.06585964077621878,0
N0P90,SEED_81,1,29,literature review,0.035788322601505926,0
N0P90,SEED_30,0,29,literature review,0.045065154448624835,0
N0P90,SEED_17,0,29,literature review,0.029211956325465183,0
N0P90,SEED_23,1,29,literature review,0.24419454417762076,0
N0P90,SEED_72,0,29,literature review,0.07981472218677699,0
N0P90,SEED_22,1,29,literature review,0.05799342396218755,0
N0P90,SEED_11,1,29,literature review,0.06461885091273475,0
N0P90,SEED_37,0,29,literature review,0.0916688018924311,0
N0P90,SEED_1,0,29,literature review,0.13141875515524984,0
N0P90,SEED_49,0,29,literature review,0.032768873721272004,0
N0P90,SEED_41,0,29,literature review,0.06663729499428636,0
N0P90,SEED_96,0,29,literature review,0.10358875368385743,0
N0P90,SEED_86,0,29,literature review,0.07467253707820579,0
N0P90,SEED_54,0,29,literature review,0.0252978715058926,0
N0P18,SEED_89,0,29,literature review,0.013011664337656105,0
N0P18,SEED_48,1,29,literature review,0.029185376778173528,0
N0P18,SEED_61,1,29,literature review,0.059968033729275456,0
N0P18,SEED_114,0,29,literature review,0.05371749025215298,0
N0P18,SEED_97,0,29,literature review,0.03609440995756307,0
N0P18,SEED_26,0,29,literature review,0.07104261452564097,0
N0P18,SEED_98,1,29,literature review,0.011894667691759708,0
N0P18,SEED_45,0,29,literature review,0.04818303463809887,0
N0P18,SEED_94,1,29,literature review,0.1502174121454999,0
N0P18,SEED_73,0,29,literature review,0.09938073079147507,0
N0P18,SEED_28,0,29,literature review,0.03690431206766,0
N0P18,SEED_106,0,29,literature review,0.0396656199956952,0
N0P18,SEED_0,1,29,literature review,0.03419115971424214,0
N0P18,SEED_95,0,29,literature review,0.18268931412556882,0
N0P18,SEED_7,1,29,literature review,0.021341441722662596,0
N0P18,SEED_38,0,29,literature review,0.061179792753602406,0
N0P18,SEED_62,1,29,literature review,0.04784216452869475,0
N0P18,SEED_68,0,29,literature review,0.022306762819201194,0
N0P18,SEED_2,0,29,literature review,0.12297460110382108,0
N0P18,SEED_115,0,29,literature review,0.02209761458825523,0
N0P18,SEED_69,1,29,literature review,0.01686621307186654,0
N0P18,SEED_109,0,29,literature review,0.08741121552597077,0
N0P18,SEED_53,1,29,literature review,0.08163751252417001,0
N0P18,SEED_77,0,29,literature review,0.09597717740914226,0
N0P18,SEED_93,0,29,literature review,0.06110953885154956,0
N0P18,SEED_119,0,29,literature review,0.07263413180061329,0
N0P18,SEED_49,0,29,literature review,0.032768873721272004,0
N0P18,SEED_34,0,29,literature review,0.08548426810230766,0
N0P18,SEED_74,1,29,literature review,0.045788952881914514,0
N0P18,SEED_96,0,29,literature review,0.10358875368385743,0
N0P35,SEED_64,0,29,literature review,0.07877200791990707,0
N0P35,SEED_57,1,29,literature review,0.03673991558283747,0
N0P35,SEED_89,0,29,literature review,0.013011664337656105,0
N0P35,SEED_43,0,29,literature review,0.05652341745969014,0
N0P35,SEED_92,0,29,literature review,0.05106624582263099,0
N0P35,SEED_42,1,29,literature review,0.051653349129091995,0
N0P35,SEED_61,1,29,literature review,0.059968033729275456,0
N0P35,SEED_48,1,29,literature review,0.029185376778173528,0
N0P35,SEED_100,0,29,literature review,0.022251536993773687,0
N0P35,SEED_101,0,29,literature review,0.023490079101840138,0
N0P35,SEED_98,1,29,literature review,0.011894667691759708,0
N0P35,SEED_75,0,29,literature review,0.004317454748062883,0
N0P35,SEED_24,1,29,literature review,0.06525103738400904,0
N0P35,SEED_0,1,29,literature review,0.03419115971424214,0
N0P35,SEED_105,0,29,literature review,0.024092964382771427,0
N0P35,SEED_38,0,29,literature review,0.061179792753602406,0
N0P35,SEED_62,1,29,literature review,0.04784216452869475,0
N0P35,SEED_44,0,29,literature review,0.037266295783348585,0
N0P35,SEED_19,0,29,literature review,0.04109700523383222,0
N0P35,SEED_68,0,29,literature review,0.022306762819201194,0
N0P35,SEED_70,0,29,literature review,0.08172477101102746,0
N0P35,SEED_36,1,29,literature review,0.13828262665054547,0
N0P35,SEED_69,0,29,literature review,0.01686621307186654,0
N0P35,SEED_53,1,29,literature review,0.08163751252417001,0
N0P35,SEED_109,0,29,literature review,0.08741121552597077,0
N0P35,SEED_84,0,29,literature review,0.07184420324302587,0
N0P35,SEED_58,0,29,literature review,0.04043276523483182,0
N0P35,SEED_34,0,29,literature review,0.08548426810230766,0
N0P35,SEED_41,0,29,literature review,0.06663729499428636,0
N0P35,SEED_74,0,29,literature review,0.045788952881914514,0
N0P115,SEED_57,1,29,position paper,0.03673991558283747,0
N0P115,SEED_64,0,29,position paper,0.07877200791990707,0
N0P115,SEED_33,0,29,position paper,0.03666889624528128,0
N0P115,SEED_107,0,29,position paper,0.042538122034430435,0
N0P115,SEED_61,1,29,position paper,0.059968033729275456,0
N0P115,SEED_88,1,29,position paper,0.0751324199578783,0
N0P115,SEED_101,1,29,position paper,0.023490079101840138,0
N0P115,SEED_98,1,29,position paper,0.011894667691759708,0
N0P115,SEED_75,0,29,position paper,0.004317454748062883,0
N0P115,SEED_3,1,29,position paper,0.06798054115184436,0
N0P115,SEED_50,0,29,position paper,0.07323859452802539,0
N0P115,SEED_71,0,29,position paper,0.01920486060179593,0
N0P115,SEED_73,0,29,position paper,0.09938073079147507,0
N0P115,SEED_28,0,29,position paper,0.03690431206766,0
N0P115,SEED_12,0,29,position paper,0.06332329199540948,0
N0P115,SEED_65,1,29,position paper,0.09967558011174742,0
N0P115,SEED_95,1,29,position paper,0.18268931412556882,0
N0P115,SEED_59,0,29,position paper,0.03537515898047227,0
N0P115,SEED_113,0,29,position paper,0.03869600182636786,0
N0P115,SEED_44,0,29,position paper,0.037266295783348585,0
N0P115,SEED_19,0,29,position paper,0.04109700523383222,0
N0P115,SEED_117,0,29,position paper,0.058265813707136085,0
N0P115,SEED_47,1,29,position paper,0.11197067729022589,0
N0P115,SEED_66,0,29,position paper,0.009691035124209286,0
N0P115,SEED_55,1,29,position paper,0.09584107046851154,0
N0P115,SEED_37,0,29,position paper,0.0916688018924311,0
N0P115,SEED_1,0,29,position paper,0.13141875515524984,0
N0P115,SEED_74,0,29,position paper,0.045788952881914514,0
N0P115,SEED_86,0,29,position paper,0.07467253707820579,0
N0P115,SEED_13,0,29,position paper,0.030904771618012833,0
N0P26,SEED_110,0,29,literature review,0.08655273033551042,0
N0P26,SEED_92,0,29,literature review,0.05106624582263099,0
N0P26,SEED_16,0,29,literature review,0.06580490852851562,0
N0P26,SEED_61,1,29,literature review,0.059968033729275456,0
N0P26,SEED_114,0,29,literature review,0.05371749025215298,0
N0P26,SEED_97,0,29,literature review,0.03609440995756307,0
N0P26,SEED_88,1,29,literature review,0.0751324199578783,0
N0P26,SEED_75,0,29,literature review,0.004317454748062883,0
N0P26,SEED_67,0,29,literature review,0.05032975495304677,0
N0P26,SEED_94,1,29,literature review,0.1502174121454999,0
N0P26,SEED_12,0,29,literature review,0.06332329199540948,0
N0P26,SEED_24,1,29,literature review,0.06525103738400904,0
N0P26,SEED_95,1,29,literature review,0.18268931412556882,0
N0P26,SEED_38,0,29,literature review,0.061179792753602406,0
N0P26,SEED_29,0,29,literature review,0.07042009300336129,0
N0P26,SEED_68,0,29,literature review,0.022306762819201194,0
N0P26,SEED_117,0,29,literature review,0.058265813707136085,0
N0P26,SEED_5,0,29,literature review,0.04891575446422762,0
N0P26,SEED_36,1,29,literature review,0.13828262665054547,0
N0P26,SEED_23,1,29,literature review,0.24419454417762076,0
N0P26,SEED_6,1,29,literature review,0.03894507193462498,0
N0P26,SEED_22,0,29,literature review,0.05799342396218755,0
N0P26,SEED_35,0,29,literature review,0.053243975534267386,0
N0P26,SEED_37,0,29,literature review,0.0916688018924311,0
N0P26,SEED_90,0,29,literature review,0.10168314958353901,0
N0P26,SEED_1,0,29,literature review,0.13141875515524984,0
N0P26,SEED_46,0,29,literature review,0.027379269989798654,0
N0P26,SEED_76,0,29,literature review,0.02911097510188564,0
N0P26,SEED_27,1,29,literature review,0.1928425224241903,0
N0P26,SEED_118,1,29,literature review,0.03264322768755141,0
N0P19,SEED_43,0,29,position paper,0.05652341745969014,0
N0P19,SEED_92,0,29,position paper,0.05106624582263099,0
N0P19,SEED_16,0,29,position paper,0.06580490852851562,0
N0P19,SEED_107,0,29,position paper,0.042538122034430435,0
N0P19,SEED_33,1,29,position paper,0.03666889624528128,0
N0P19,SEED_48,1,29,position paper,0.029185376778173528,0
N0P19,SEED_75,0,29,position paper,0.004317454748062883,0
N0P19,SEED_3,1,29,position paper,0.06798054115184436,0
N0P19,SEED_50,0,29,position paper,0.07323859452802539,0
N0P19,SEED_79,0,29,position paper,0.1318500750967745,0
N0P19,SEED_51,0,29,position paper,0.09567458183955731,0
N0P19,SEED_59,0,29,position paper,0.03537515898047227,0
N0P19,SEED_85,0,29,position paper,0.06585964077621878,0
N0P19,SEED_102,0,29,position paper,0.05485994308932408,0
N0P19,SEED_62,1,29,position paper,0.04784216452869475,0
N0P19,SEED_17,0,29,position paper,0.029211956325465183,0
N0P19,SEED_68,0,29,position paper,0.022306762819201194,0
N0P19,SEED_82,1,29,position paper,0.031946399533903824,0
N0P19,SEED_104,0,29,position paper,0.027022006506890947,0
N0P19,SEED_21,1,29,position paper,0.04332717025608329,0
N0P19,SEED_10,0,29,position paper,0.2599772228262205,0
N0P19,SEED_23,0,29,position paper,0.24419454417762076,0
N0P19,SEED_72,0,29,position paper,0.07981472218677699,0
N0P19,SEED_6,1,29,position paper,0.03894507193462498,0
N0P19,SEED_84,0,29,position paper,0.07184420324302587,0
N0P19,SEED_108,1,29,position paper,0.11699373395608792,0
N0P19,SEED_49,0,29,position paper,0.032768873721272004,0
N0P19,SEED_86,0,29,position paper,0.07467253707820579,0
N0P19,SEED_54,0,29,position paper,0.0252978715058926,0
N0P19,SEED_118,1,29,position paper,0.03264322768755141,0
N0P103,SEED_64,0,29,literature review,0.07877200791990707,0
N0P103,SEED_107,0,29,literature review,0.042538122034430435,0
N0P103,SEED_97,0,29,literature review,0.03609440995756307,0
N0P103,SEED_67,0,29,literature review,0.05032975495304677,0
N0P103,SEED_9,1,29,literature review,0.05790057358028041,0
N0P103,SEED_79,0,29,literature review,0.1318500750967745,0
N0P103,SEED_0,1,29,literature review,0.03419115971424214,0
N0P103,SEED_7,0,29,literature review,0.021341441722662596,0
N0P103,SEED_113,0,29,literature review,0.03869600182636786,0
N0P103,SEED_85,1,29,literature review,0.06585964077621878,0
N0P103,SEED_81,0,29,literature review,0.035788322601505926,0
N0P103,SEED_4,0,29,literature review,0.10778007277480268,0
N0P103,SEED_29,0,29,literature review,0.07042009300336129,0
N0P103,SEED_17,0,29,literature review,0.029211956325465183,0
N0P103,SEED_19,0,29,literature review,0.04109700523383222,0
N0P103,SEED_117,0,29,literature review,0.058265813707136085,0
N0P103,SEED_82,0,29,literature review,0.031946399533903824,0
N0P103,SEED_104,1,29,literature review,0.027022006506890947,0
N0P103,SEED_115,0,29,literature review,0.02209761458825523,0
N0P103,SEED_69,1,29,literature review,0.01686621307186654,0
N0P103,SEED_47,1,29,literature review,0.11197067729022589,0
N0P103,SEED_6,1,29,literature review,0.03894507193462498,0
N0P103,SEED_8,0,29,literature review,0.06872182608709806,0
N0P103,SEED_52,0,29,literature review,0.0773265984984997,0
N0P103,SEED_108,1,29,literature review,0.11699373395608792,0
N0P103,SEED_90,0,29,literature review,0.10168314958353901,0
N0P103,SEED_1,0,29,literature review,0.13141875515524984,0
N0P103,SEED_58,1,29,literature review,0.04043276523483182,0
N0P103,SEED_80,0,29,literature review,0.05412529367962349,0
N0P103,SEED_27,1,29,literature review,0.1928425224241903,0
N0P72,SEED_57,1,29,literature review,0.03673991558283747,0
N0P72,SEED_107,0,29,literature review,0.042538122034430435,0
N0P72,SEED_97,0,29,literature review,0.03609440995756307,0
N0P72,SEED_83,0,29,literature review,0.052741438587646794,0
N0P72,SEED_3,0,29,literature review,0.06798054115184436,0
N0P72,SEED_67,0,29,literature review,0.05032975495304677,0
N0P72,SEED_50,0,29,literature review,0.07323859452802539,0
N0P72,SEED_31,0,29,literature review,0.033526494815073346,0
N0P72,SEED_73,0,29,literature review,0.09938073079147507,0
N0P72,SEED_9,0,29,literature review,0.05790057358028041,0
N0P72,SEED_4,0,29,literature review,0.10778007277480268,0
N0P72,SEED_30,1,29,literature review,0.045065154448624835,0
N0P72,SEED_17,0,29,literature review,0.029211956325465183,0
N0P72,SEED_116,0,29,literature review,0.15216520399588473,0
N0P72,SEED_19,1,29,literature review,0.04109700523383222,0
N0P72,SEED_99,1,29,literature review,0.058671135460116444,0
N0P72,SEED_63,0,29,literature review,0.04603307219547203,0
N0P72,SEED_82,1,29,literature review,0.031946399533903824,0
N0P72,SEED_115,0,29,literature review,0.02209761458825523,0
N0P72,SEED_23,0,29,literature review,0.24419454417762076,0
N0P72,SEED_47,1,29,literature review,0.11197067729022589,0
N0P72,SEED_72,0,29,literature review,0.07981472218677699,0
N0P72,SEED_77,1,29,literature review,0.09597717740914226,0
N0P72,SEED_14,1,29,literature review,0.029758165991292006,0
N0P72,SEED_35,0,29,literature review,0.053243975534267386,0
N0P72,SEED_49,0,29,literature review,0.032768873721272004,0
N0P72,SEED_46,1,29,literature review,0.027379269989798654,0
N0P72,SEED_86,0,29,literature review,0.07467253707820579,0
N0P72,SEED_40,0,29,literature review,0.03616922310850126,0
N0P72,SEED_56,0,29,literature review,0.021739942781307576,0
N0P49,SEED_64,0,29,position paper,0.07877200791990707,0
N0P49,SEED_57,0,29,position paper,0.03673991558283747,0
N0P49,SEED_89,0,29,position paper,0.013011664337656105,0
N0P49,SEED_110,0,29,position paper,0.08655273033551042,0
N0P49,SEED_92,0,29,position paper,0.05106624582263099,0
N0P49,SEED_43,0,29,position paper,0.05652341745969014,0
N0P49,SEED_114,0,29,position paper,0.05371749025215298,0
N0P49,SEED_83,0,29,position paper,0.052741438587646794,0
N0P49,SEED_101,0,29,position paper,0.023490079101840138,0
N0P49,SEED_98,1,29,position paper,0.011894667691759708,0
N0P49,SEED_12,0,29,position paper,0.06332329199540948,0
N0P49,SEED_95,1,29,position paper,0.18268931412556882,0
N0P49,SEED_51,1,29,position paper,0.09567458183955731,0
N0P49,SEED_85,0,29,position paper,0.06585964077621878,0
N0P49,SEED_29,0,29,position paper,0.07042009300336129,0
N0P49,SEED_70,0,29,position paper,0.08172477101102746,0
N0P49,SEED_115,0,29,position paper,0.02209761458825523,0
N0P49,SEED_109,0,29,position paper,0.08741121552597077,0
N0P49,SEED_53,0,29,position paper,0.08163751252417001,0
N0P49,SEED_14,1,29,position paper,0.029758165991292006,0
N0P49,SEED_77,1,29,position paper,0.09597717740914226,0
N0P49,SEED_93,0,29,position paper,0.06110953885154956,0
N0P49,SEED_52,0,29,position paper,0.0773265984984997,0
N0P49,SEED_37,1,29,position paper,0.0916688018924311,0
N0P49,SEED_55,1,29,position paper,0.09584107046851154,0
N0P49,SEED_58,1,29,position paper,0.04043276523483182,0
N0P49,SEED_27,1,29,position paper,0.1928425224241903,0
N0P49,SEED_40,0,29,position paper,0.03616922310850126,0
N0P49,SEED_54,0,29,position paper,0.0252978715058926,0
N0P49,SEED_118,1,29,position paper,0.03264322768755141,0
N0P1,SEED_57,1,29,position paper,0.03673991558283747,0
N0P1,SEED_43,0,29,position paper,0.05652341745969014,0
N0P1,SEED_83,0,29,position paper,0.052741438587646794,0
N0P1,SEED_88,1,29,position paper,0.0751324199578783,0
N0P1,SEED_75,0,29,position paper,0.004317454748062883,0
N0P1,SEED_98,1,29,position paper,0.011894667691759708,0
N0P1,SEED_31,1,29,position paper,0.033526494815073346,0
N0P1,SEED_28,0,29,position paper,0.03690431206766,0
N0P1,SEED_15,0,29,position paper,0.12583525799894296,0
N0P1,SEED_9,0,29,position paper,0.05790057358028041,0
N0P1,SEED_0,1,29,position paper,0.03419115971424214,0
N0P1,SEED_51,1,29,position paper,0.09567458183955731,0
N0P1,SEED_39,0,29,position paper,0.03555690750708022,0
N0P1,SEED_85,0,29,position paper,0.06585964077621878,0
N0P1,SEED_102,0,29,position paper,0.05485994308932408,0
N0P1,SEED_29,0,29,position paper,0.07042009300336129,0
N0P1,SEED_70,1,29,position paper,0.08172477101102746,0
N0P1,SEED_2,0,29,position paper,0.12297460110382108,0
N0P1,SEED_118,1,29,position paper,0.03264322768755141,0
N0P1,SEED_69,1,29,position paper,0.01686621307186654,0
N0P1,SEED_47,1,29,position paper,0.11197067729022589,0
N0P1,SEED_66,0,29,position paper,0.009691035124209286,0
N0P1,SEED_93,0,29,position paper,0.06110953885154956,0
N0P1,SEED_8,0,29,position paper,0.06872182608709806,0
N0P1,SEED_25,0,29,position paper,0.03134650983079614,0
N0P1,SEED_91,0,29,position paper,0.037739388173408044,0
N0P1,SEED_90,0,29,position paper,0.10168314958353901,0
N0P1,SEED_80,0,29,position paper,0.05412529367962349,0
N0P1,SEED_96,0,29,position paper,0.10358875368385743,0
N0P1,SEED_56,0,29,position paper,0.021739942781307576,0
N0P32,SEED_42,0,29,position paper,0.051653349129091995,0
N0P32,SEED_97,0,29,position paper,0.03609440995756307,0
N0P32,SEED_88,1,29,position paper,0.0751324199578783,0
N0P32,SEED_101,0,29,position paper,0.023490079101840138,0
N0P32,SEED_32,1,29,position paper,0.09735164776405995,0
N0P32,SEED_65,0,29,position paper,0.09967558011174742,0
N0P32,SEED_51,0,29,position paper,0.09567458183955731,0
N0P32,SEED_113,0,29,position paper,0.03869600182636786,0
N0P32,SEED_85,0,29,position paper,0.06585964077621878,0
N0P32,SEED_81,1,29,position paper,0.035788322601505926,0
N0P32,SEED_4,0,29,position paper,0.10778007277480268,0
N0P32,SEED_62,1,29,position paper,0.04784216452869475,0
N0P32,SEED_44,0,29,position paper,0.037266295783348585,0
N0P32,SEED_116,0,29,position paper,0.15216520399588473,0
N0P32,SEED_70,0,29,position paper,0.08172477101102746,0
N0P32,SEED_63,0,29,position paper,0.04603307219547203,0
N0P32,SEED_36,0,29,position paper,0.13828262665054547,0
N0P32,SEED_60,0,29,position paper,0.03900336059186124,0
N0P32,SEED_104,1,29,position paper,0.027022006506890947,0
N0P32,SEED_14,1,29,position paper,0.029758165991292006,0
N0P32,SEED_11,1,29,position paper,0.06461885091273475,0
N0P32,SEED_84,0,29,position paper,0.07184420324302587,0
N0P32,SEED_52,0,29,position paper,0.0773265984984997,0
N0P32,SEED_112,0,29,position paper,0.04763731112793226,0
N0P32,SEED_58,0,29,position paper,0.04043276523483182,0
N0P32,SEED_20,1,29,position paper,0.029535688085893946,0
N0P32,SEED_41,0,29,position paper,0.06663729499428636,0
N0P32,SEED_111,0,29,position paper,0.04969971145347565,0
N0P32,SEED_40,0,29,position paper,0.03616922310850126,0
N0P32,SEED_13,0,29,position paper,0.030904771618012833,0
N0P116,SEED_57,1,29,position paper,0.03673991558283747,0
N0P116,SEED_89,0,29,position paper,0.013011664337656105,0
N0P116,SEED_43,0,29,position paper,0.05652341745969014,0
N0P116,SEED_92,0,29,position paper,0.05106624582263099,0
N0P116,SEED_61,1,29,position paper,0.059968033729275456,0
N0P116,SEED_26,0,29,position paper,0.07104261452564097,0
N0P116,SEED_100,0,29,position paper,0.022251536993773687,0
N0P116,SEED_12,0,29,position paper,0.06332329199540948,0
N0P116,SEED_106,0,29,position paper,0.0396656199956952,0
N0P116,SEED_113,0,29,position paper,0.03869600182636786,0
N0P116,SEED_39,0,29,position paper,0.03555690750708022,0
N0P116,SEED_38,0,29,position paper,0.061179792753602406,0
N0P116,SEED_44,0,29,position paper,0.037266295783348585,0
N0P116,SEED_117,0,29,position paper,0.058265813707136085,0
N0P116,SEED_2,0,29,position paper,0.12297460110382108,0
N0P116,SEED_5,0,29,position paper,0.04891575446422762,0
N0P116,SEED_82,1,29,position paper,0.031946399533903824,0
N0P116,SEED_60,0,29,position paper,0.03900336059186124,0
N0P116,SEED_10,1,29,position paper,0.2599772228262205,0
N0P116,SEED_14,1,29,position paper,0.029758165991292006,0
N0P116,SEED_66,1,29,position paper,0.009691035124209286,0
N0P116,SEED_93,0,29,position paper,0.06110953885154956,0
N0P116,SEED_8,0,29,position paper,0.06872182608709806,0
N0P116,SEED_119,0,29,position paper,0.07263413180061329,0
N0P116,SEED_90,0,29,position paper,0.10168314958353901,0
N0P116,SEED_58,1,29,position paper,0.04043276523483182,0
N0P116,SEED_111,1,29,position paper,0.04969971145347565,0
N0P116,SEED_18,0,29,position paper,0.07930603337696131,0
N0P116,SEED_40,0,29,position paper,0.03616922310850126,0
N0P116,SEED_56,1,29,position paper,0.021739942781307576,0
N0P69,SEED_42,0,29,position paper,0.051653349129091995,0
N0P69,SEED_83,0,29,position paper,0.052741438587646794,0
N0P69,SEED_101,0,29,position paper,0.023490079101840138,0
N0P69,SEED_45,0,29,position paper,0.04818303463809887,0
N0P69,SEED_50,1,29,position paper,0.07323859452802539,0
N0P69,SEED_15,0,29,position paper,0.12583525799894296,0
N0P69,SEED_32,1,29,position paper,0.09735164776405995,0
N0P69,SEED_24,1,29,position paper,0.06525103738400904,0
N0P69,SEED_65,1,29,position paper,0.09967558011174742,0
N0P69,SEED_51,0,29,position paper,0.09567458183955731,0
N0P69,SEED_113,0,29,position paper,0.03869600182636786,0
N0P69,SEED_39,0,29,position paper,0.03555690750708022,0
N0P69,SEED_4,0,29,position paper,0.10778007277480268,0
N0P69,SEED_117,0,29,position paper,0.058265813707136085,0
N0P69,SEED_5,0,29,position paper,0.04891575446422762,0
N0P69,SEED_82,0,29,position paper,0.031946399533903824,0
N0P69,SEED_36,0,29,position paper,0.13828262665054547,0
N0P69,SEED_104,1,29,position paper,0.027022006506890947,0
N0P69,SEED_60,0,29,position paper,0.03900336059186124,0
N0P69,SEED_69,0,29,position paper,0.01686621307186654,0
N0P69,SEED_47,1,29,position paper,0.11197067729022589,0
N0P69,SEED_6,1,29,position paper,0.03894507193462498,0
N0P69,SEED_25,0,29,position paper,0.03134650983079614,0
N0P69,SEED_56,0,29,position paper,0.021739942781307576,0
N0P69,SEED_37,1,29,position paper,0.0916688018924311,0
N0P69,SEED_55,1,29,position paper,0.09584107046851154,0
N0P69,SEED_34,0,29,position paper,0.08548426810230766,0
N0P69,SEED_96,0,29,position paper,0.10358875368385743,0
N0P69,SEED_40,0,29,position paper,0.03616922310850126,0
N0P69,SEED_118,1,29,position paper,0.03264322768755141,0
N0P29,SEED_57,1,29,literature review,0.03673991558283747,0
N0P29,SEED_89,0,29,literature review,0.013011664337656105,0
N0P29,SEED_87,0,29,literature review,0.14276304721670452,0
N0P29,SEED_33,1,29,literature review,0.03666889624528128,0
N0P29,SEED_88,1,29,literature review,0.0751324199578783,0
N0P29,SEED_101,0,29,literature review,0.023490079101840138,0
N0P29,SEED_75,0,29,literature review,0.004317454748062883,0
N0P29,SEED_9,1,29,literature review,0.05790057358028041,0
N0P29,SEED_0,1,29,literature review,0.03419115971424214,0
N0P29,SEED_4,0,29,literature review,0.10778007277480268,0
N0P29,SEED_102,0,29,literature review,0.05485994308932408,0
N0P29,SEED_30,0,29,literature review,0.045065154448624835,0
N0P29,SEED_29,0,29,literature review,0.07042009300336129,0
N0P29,SEED_116,0,29,literature review,0.15216520399588473,0
N0P29,SEED_70,0,29,literature review,0.08172477101102746,0
N0P29,SEED_36,1,29,literature review,0.13828262665054547,0
N0P29,SEED_60,0,29,literature review,0.03900336059186124,0
N0P29,SEED_10,1,29,literature review,0.2599772228262205,0
N0P29,SEED_22,1,29,literature review,0.05799342396218755,0
N0P29,SEED_119,0,29,literature review,0.07263413180061329,0
N0P29,SEED_84,1,29,literature review,0.07184420324302587,0
N0P29,SEED_52,0,29,literature review,0.0773265984984997,0
N0P29,SEED_37,0,29,literature review,0.0916688018924311,0
N0P29,SEED_112,0,29,literature review,0.04763731112793226,0
N0P29,SEED_90,0,29,literature review,0.10168314958353901,0
N0P29,SEED_58,1,29,literature review,0.04043276523483182,0
N0P29,SEED_20,0,29,literature review,0.029535688085893946,0
N0P29,SEED_80,0,29,literature review,0.05412529367962349,0
N0P29,SEED_76,0,29,literature review,0.02911097510188564,0
N0P29,SEED_118,0,29,literature review,0.03264322768755141,0
N0P92,SEED_57,0,29,literature review,0.03673991558283747,0
N0P92,SEED_89,0,29,literature review,0.013011664337656105,0
N0P92,SEED_87,0,29,literature review,0.14276304721670452,0
N0P92,SEED_61,1,29,literature review,0.059968033729275456,0
N0P92,SEED_107,0,29,literature review,0.042538122034430435,0
N0P92,SEED_97,0,29,literature review,0.03609440995756307,0
N0P92,SEED_67,0,29,literature review,0.05032975495304677,0
N0P92,SEED_31,0,29,literature review,0.033526494815073346,0
N0P92,SEED_28,0,29,literature review,0.03690431206766,0
N0P92,SEED_9,0,29,literature review,0.05790057358028041,0
N0P92,SEED_95,1,29,literature review,0.18268931412556882,0
N0P92,SEED_85,0,29,literature review,0.06585964077621878,0
N0P92,SEED_102,0,29,literature review,0.05485994308932408,0
N0P92,SEED_17,1,29,literature review,0.029211956325465183,0
N0P92,SEED_19,1,29,literature review,0.04109700523383222,0
N0P92,SEED_68,0,29,literature review,0.022306762819201194,0
N0P92,SEED_70,0,29,literature review,0.08172477101102746,0
N0P92,SEED_99,0,29,literature review,0.058671135460116444,0
N0P92,SEED_60,0,29,literature review,0.03900336059186124,0
N0P92,SEED_10,0,29,literature review,0.2599772228262205,0
N0P92,SEED_47,1,29,literature review,0.11197067729022589,0
N0P92,SEED_72,0,29,literature review,0.07981472218677699,0
N0P92,SEED_53,1,29,literature review,0.08163751252417001,0
N0P92,SEED_77,1,29,literature review,0.09597717740914226,0
N0P92,SEED_90,1,29,literature review,0.10168314958353901,0
N0P92,SEED_58,1,29,literature review,0.04043276523483182,0
N0P92,SEED_46,0,29,literature review,0.027379269989798654,0
N0P92,SEED_76,0,29,literature review,0.02911097510188564,0
N0P92,SEED_96,0,29,literature review,0.10358875368385743,0
N0P92,SEED_27,1,29,literature review,0.1928425224241903,0
N0P78,SEED_87,0,29,literature review,0.14276304721670452,0
N0P78,SEED_43,0,29,literature review,0.05652341745969014,0
N0P78,SEED_16,0,29,literature review,0.06580490852851562,0
N0P78,SEED_61,1,29,literature review,0.059968033729275456,0
N0P78,SEED_26,0,29,literature review,0.07104261452564097,0
N0P78,SEED_88,1,29,literature review,0.0751324199578783,0
N0P78,SEED_100,0,29,literature review,0.022251536993773687,0
N0P78,SEED_71,0,29,literature review,0.01920486060179593,0
N0P78,SEED_31,1,29,literature review,0.033526494815073346,0
N0P78,SEED_9,1,29,literature review,0.05790057358028041,0
N0P78,SEED_65,0,29,literature review,0.09967558011174742,0
N0P78,SEED_51,0,29,literature review,0.09567458183955731,0
N0P78,SEED_7,0,29,literature review,0.021341441722662596,0
N0P78,SEED_59,0,29,literature review,0.03537515898047227,0
N0P78,SEED_103,1,29,literature review,0.1317058804580309,0
N0P78,SEED_38,0,29,literature review,0.061179792753602406,0
N0P78,SEED_44,0,29,literature review,0.037266295783348585,0
N0P78,SEED_118,1,29,literature review,0.03264322768755141,0
N0P78,SEED_115,0,29,literature review,0.02209761458825523,0
N0P78,SEED_47,0,29,literature review,0.11197067729022589,0
N0P78,SEED_53,1,29,literature review,0.08163751252417001,0
N0P78,SEED_77,1,29,literature review,0.09597717740914226,0
N0P78,SEED_93,0,29,literature review,0.06110953885154956,0
N0P78,SEED_91,0,29,literature review,0.037739388173408044,0
N0P78,SEED_58,1,29,literature review,0.04043276523483182,0
N0P78,SEED_20,1,29,literature review,0.029535688085893946,0
N0P78,SEED_18,0,29,literature review,0.07930603337696131,0
N0P78,SEED_40,0,29,literature review,0.03616922310850126,0
N0P78,SEED_13,0,29,literature review,0.030904771618012833,0
N0P78,SEED_56,0,29,literature review,0.021739942781307576,0
N0P87,SEED_89,0,29,position paper,0.013011664337656105,0
N0P87,SEED_42,0,29,position paper,0.051653349129091995,0
N0P87,SEED_87,0,29,position paper,0.14276304721670452,0
N0P87,SEED_78,0,29,position paper,0.0228613868635909,0
N0P87,SEED_75,0,29,position paper,0.004317454748062883,0
N0P87,SEED_98,1,29,position paper,0.011894667691759708,0
N0P87,SEED_67,0,29,position paper,0.05032975495304677,0
N0P87,SEED_94,1,29,position paper,0.1502174121454999,0
N0P87,SEED_71,0,29,position paper,0.01920486060179593,0
N0P87,SEED_31,1,29,position paper,0.033526494815073346,0
N0P87,SEED_28,0,29,position paper,0.03690431206766,0
N0P87,SEED_12,0,29,position paper,0.06332329199540948,0
N0P87,SEED_0,1,29,position paper,0.03419115971424214,0
N0P87,SEED_105,1,29,position paper,0.024092964382771427,0
N0P87,SEED_85,0,29,position paper,0.06585964077621878,0
N0P87,SEED_81,1,29,position paper,0.035788322601505926,0
N0P87,SEED_30,0,29,position paper,0.045065154448624835,0
N0P87,SEED_29,0,29,position paper,0.07042009300336129,0
N0P87,SEED_17,0,29,position paper,0.029211956325465183,0
N0P87,SEED_116,0,29,position paper,0.15216520399588473,0
N0P87,SEED_68,0,29,position paper,0.022306762819201194,0
N0P87,SEED_60,0,29,position paper,0.03900336059186124,0
N0P87,SEED_6,1,29,position paper,0.03894507193462498,0
N0P87,SEED_25,1,29,position paper,0.03134650983079614,0
N0P87,SEED_52,0,29,position paper,0.0773265984984997,0
N0P87,SEED_91,0,29,position paper,0.037739388173408044,0
N0P87,SEED_112,1,29,position paper,0.04763731112793226,0
N0P87,SEED_34,0,29,position paper,0.08548426810230766,0
N0P87,SEED_13,0,29,position paper,0.030904771618012833,0
N0P87,SEED_118,0,29,position paper,0.03264322768755141,0
N0P114,SEED_89,0,29,position paper,0.013011664337656105,0
N0P114,SEED_78,0,29,position paper,0.0228613868635909,0
N0P114,SEED_97,0,29,position paper,0.03609440995756307,0
N0P114,SEED_88,1,29,position paper,0.0751324199578783,0
N0P114,SEED_101,0,29,position paper,0.023490079101840138,0
N0P114,SEED_98,1,29,position paper,0.011894667691759708,0
N0P114,SEED_45,0,29,position paper,0.04818303463809887,0
N0P114,SEED_31,0,29,position paper,0.033526494815073346,0
N0P114,SEED_51,1,29,position paper,0.09567458183955731,0
N0P114,SEED_103,1,29,position paper,0.1317058804580309,0
N0P114,SEED_85,0,29,position paper,0.06585964077621878,0
N0P114,SEED_81,1,29,position paper,0.035788322601505926,0
N0P114,SEED_4,0,29,position paper,0.10778007277480268,0
N0P114,SEED_68,0,29,position paper,0.022306762819201194,0
N0P114,SEED_117,0,29,position paper,0.058265813707136085,0
N0P114,SEED_5,0,29,position paper,0.04891575446422762,0
N0P114,SEED_82,0,29,position paper,0.031946399533903824,0
N0P114,SEED_10,1,29,position paper,0.2599772228262205,0
N0P114,SEED_21,1,29,position paper,0.04332717025608329,0
N0P114,SEED_69,0,29,position paper,0.01686621307186654,0
N0P114,SEED_72,0,29,position paper,0.07981472218677699,0
N0P114,SEED_53,1,29,position paper,0.08163751252417001,0
N0P114,SEED_93,0,29,position paper,0.06110953885154956,0
N0P114,SEED_84,0,29,position paper,0.07184420324302587,0
N0P114,SEED_111,0,29,position paper,0.04969971145347565,0
N0P114,SEED_46,0,29,position paper,0.027379269989798654,0
N0P114,SEED_76,0,29,position paper,0.02911097510188564,0
N0P114,SEED_86,0,29,position paper,0.07467253707820579,0
N0P114,SEED_13,0,29,position paper,0.030904771618012833,0
N0P114,SEED_118,1,29,position paper,0.03264322768755141,0
N0P99,SEED_57,0,29,position paper,0.03673991558283747,0
N0P99,SEED_86,0,29,position paper,0.07467253707820579,0
N0P99,SEED_42,0,29,position paper,0.051653349129091995,0
N0P99,SEED_92,0,29,position paper,0.05106624582263099,0
N0P99,SEED_48,0,29,position paper,0.029185376778173528,0
N0P99,SEED_26,0,29,position paper,0.07104261452564097,0
N0P99,SEED_67,1,29,position paper,0.05032975495304677,0
N0P99,SEED_71,0,29,position paper,0.01920486060179593,0
N0P99,SEED_31,0,29,position paper,0.033526494815073346,0
N0P99,SEED_32,1,29,position paper,0.09735164776405995,0
N0P99,SEED_24,0,29,position paper,0.06525103738400904,0
N0P99,SEED_59,0,29,position paper,0.03537515898047227,0
N0P99,SEED_7,0,29,position paper,0.021341441722662596,0
N0P99,SEED_103,1,29,position paper,0.1317058804580309,0
N0P99,SEED_38,0,29,position paper,0.061179792753602406,0
N0P99,SEED_17,0,29,position paper,0.029211956325465183,0
N0P99,SEED_68,0,29,position paper,0.022306762819201194,0
N0P99,SEED_82,1,29,position paper,0.031946399533903824,0
N0P99,SEED_10,0,29,position paper,0.2599772228262205,0
N0P99,SEED_47,1,29,position paper,0.11197067729022589,0
N0P99,SEED_109,1,29,position paper,0.08741121552597077,0
N0P99,SEED_53,1,29,position paper,0.08163751252417001,0
N0P99,SEED_6,0,29,position paper,0.03894507193462498,0
N0P99,SEED_11,1,29,position paper,0.06461885091273475,0
N0P99,SEED_52,0,29,position paper,0.0773265984984997,0
N0P99,SEED_112,0,29,position paper,0.04763731112793226,0
N0P99,SEED_90,1,29,position paper,0.10168314958353901,0
N0P99,SEED_49,0,29,position paper,0.032768873721272004,0
N0P99,SEED_34,0,29,position paper,0.08548426810230766,0
N0P99,SEED_18,1,29,position paper,0.07930603337696131,0
N0P91,SEED_64,0,29,literature review,0.07877200791990707,0
N0P91,SEED_42,0,29,literature review,0.051653349129091995,0
N0P91,SEED_92,1,29,literature review,0.05106624582263099,0
N0P91,SEED_33,1,29,literature review,0.03666889624528128,0
N0P91,SEED_87,1,29,literature review,0.14276304721670452,0
N0P91,SEED_78,0,29,literature review,0.0228613868635909,0
N0P91,SEED_83,0,29,literature review,0.052741438587646794,0
N0P91,SEED_88,1,29,literature review,0.0751324199578783,0
N0P91,SEED_73,1,29,literature review,0.09938073079147507,0
N0P91,SEED_15,1,29,literature review,0.12583525799894296,0
N0P91,SEED_7,0,29,literature review,0.021341441722662596,0
N0P91,SEED_59,0,29,literature review,0.03537515898047227,0
N0P91,SEED_51,1,29,literature review,0.09567458183955731,0
N0P91,SEED_39,0,29,literature review,0.03555690750708022,0
N0P91,SEED_85,0,29,literature review,0.06585964077621878,0
N0P91,SEED_81,0,29,literature review,0.035788322601505926,0
N0P91,SEED_102,0,29,literature review,0.05485994308932408,0
N0P91,SEED_38,0,29,literature review,0.061179792753602406,0
N0P91,SEED_30,0,29,literature review,0.045065154448624835,0
N0P91,SEED_104,0,29,literature review,0.027022006506890947,0
N0P91,SEED_47,1,29,literature review,0.11197067729022589,0
N0P91,SEED_37,0,29,literature review,0.0916688018924311,0
N0P91,SEED_90,0,29,literature review,0.10168314958353901,0
N0P91,SEED_1,0,29,literature review,0.13141875515524984,0
N0P91,SEED_108,1,29,literature review,0.11699373395608792,0
N0P91,SEED_34,0,29,literature review,0.08548426810230766,0
N0P91,SEED_20,1,29,literature review,0.029535688085893946,0
N0P91,SEED_74,0,29,literature review,0.045788952881914514,0
N0P91,SEED_46,0,29,literature review,0.027379269989798654,0
N0P91,SEED_96,0,29,literature review,0.10358875368385743,0
N0P9,SEED_87,0,29,literature review,0.14276304721670452,0
N0P9,SEED_16,0,29,literature review,0.06580490852851562,0
N0P9,SEED_26,0,29,literature review,0.07104261452564097,0
N0P9,SEED_88,1,29,literature review,0.0751324199578783,0
N0P9,SEED_45,0,29,literature review,0.04818303463809887,0
N0P9,SEED_71,1,29,literature review,0.01920486060179593,0
N0P9,SEED_31,1,29,literature review,0.033526494815073346,0
N0P9,SEED_9,0,29,literature review,0.05790057358028041,0
N0P9,SEED_79,0,29,literature review,0.1318500750967745,0
N0P9,SEED_106,1,29,literature review,0.0396656199956952,0
N0P9,SEED_113,0,29,literature review,0.03869600182636786,0
N0P9,SEED_39,0,29,literature review,0.03555690750708022,0
N0P9,SEED_103,0,29,literature review,0.1317058804580309,0
N0P9,SEED_85,0,29,literature review,0.06585964077621878,0
N0P9,SEED_4,0,29,literature review,0.10778007277480268,0
N0P9,SEED_19,1,29,literature review,0.04109700523383222,0
N0P9,SEED_70,0,29,literature review,0.08172477101102746,0
N0P9,SEED_99,0,29,literature review,0.058671135460116444,0
N0P9,SEED_5,0,29,literature review,0.04891575446422762,0
N0P9,SEED_69,0,29,literature review,0.01686621307186654,0
N0P9,SEED_47,1,29,literature review,0.11197067729022589,0
N0P9,SEED_14,1,29,literature review,0.029758165991292006,0
N0P9,SEED_119,0,29,literature review,0.07263413180061329,0
N0P9,SEED_52,0,29,literature review,0.0773265984984997,0
N0P9,SEED_55,1,29,literature review,0.09584107046851154,0
N0P9,SEED_1,1,29,literature review,0.13141875515524984,0
N0P9,SEED_74,0,29,literature review,0.045788952881914514,0
N0P9,SEED_46,1,29,literature review,0.027379269989798654,0
N0P9,SEED_18,0,29,literature review,0.07930603337696131,0
N0P9,SEED_13,0,29,literature review,0.030904771618012833,0
N0P28,SEED_57,1,29,position paper,0.03673991558283747,0
N0P28,SEED_48,1,29,position paper,0.029185376778173528,0
N0P28,SEED_107,0,29,position paper,0.042538122034430435,0
N0P28,SEED_78,0,29,position paper,0.0228613868635909,0
N0P28,SEED_97,0,29,position paper,0.03609440995756307,0
N0P28,SEED_26,0,29,position paper,0.07104261452564097,0
N0P28,SEED_101,0,29,position paper,0.023490079101840138,0
N0P28,SEED_75,0,29,position paper,0.004317454748062883,0
N0P28,SEED_71,0,29,position paper,0.01920486060179593,0
N0P28,SEED_31,1,29,position paper,0.033526494815073346,0
N0P28,SEED_28,0,29,position paper,0.03690431206766,0
N0P28,SEED_15,1,29,position paper,0.12583525799894296,0
N0P28,SEED_12,0,29,position paper,0.06332329199540948,0
N0P28,SEED_79,0,29,position paper,0.1318500750967745,0
N0P28,SEED_7,0,29,position paper,0.021341441722662596,0
N0P28,SEED_39,0,29,position paper,0.03555690750708022,0
N0P28,SEED_103,1,29,position paper,0.1317058804580309,0
N0P28,SEED_38,0,29,position paper,0.061179792753602406,0
N0P28,SEED_117,0,29,position paper,0.058265813707136085,0
N0P28,SEED_99,0,29,position paper,0.058671135460116444,0
N0P28,SEED_118,1,29,position paper,0.03264322768755141,0
N0P28,SEED_10,1,29,position paper,0.2599772228262205,0
N0P28,SEED_72,1,29,position paper,0.07981472218677699,0
N0P28,SEED_53,1,29,position paper,0.08163751252417001,0
N0P28,SEED_77,1,29,position paper,0.09597717740914226,0
N0P28,SEED_66,0,29,position paper,0.009691035124209286,0
N0P28,SEED_80,0,29,position paper,0.05412529367962349,0
N0P28,SEED_76,0,29,position paper,0.02911097510188564,0
N0P28,SEED_54,0,29,position paper,0.0252978715058926,0
N0P28,SEED_56,0,29,position paper,0.021739942781307576,0
N0P15,SEED_89,0,29,literature review,0.013011664337656105,0
N0P15,SEED_78,0,29,literature review,0.0228613868635909,0
N0P15,SEED_114,0,29,literature review,0.05371749025215298,0
N0P15,SEED_83,0,29,literature review,0.052741438587646794,0
N0P15,SEED_88,1,29,literature review,0.0751324199578783,0
N0P15,SEED_98,1,29,literature review,0.011894667691759708,0
N0P15,SEED_3,1,29,literature review,0.06798054115184436,0
N0P15,SEED_31,0,29,literature review,0.033526494815073346,0
N0P15,SEED_73,0,29,literature review,0.09938073079147507,0
N0P15,SEED_28,0,29,literature review,0.03690431206766,0
N0P15,SEED_9,0,29,literature review,0.05790057358028041,0
N0P15,SEED_24,0,29,literature review,0.06525103738400904,0
N0P15,SEED_0,1,29,literature review,0.03419115971424214,0
N0P15,SEED_51,1,29,literature review,0.09567458183955731,0
N0P15,SEED_103,1,29,literature review,0.1317058804580309,0
N0P15,SEED_117,0,29,literature review,0.058265813707136085,0
N0P15,SEED_63,0,29,literature review,0.04603307219547203,0
N0P15,SEED_5,0,29,literature review,0.04891575446422762,0
N0P15,SEED_60,0,29,literature review,0.03900336059186124,0
N0P15,SEED_53,0,29,literature review,0.08163751252417001,0
N0P15,SEED_22,1,29,literature review,0.05799342396218755,0
N0P15,SEED_25,0,29,literature review,0.03134650983079614,0
N0P15,SEED_91,0,29,literature review,0.037739388173408044,0
N0P15,SEED_108,1,29,literature review,0.11699373395608792,0
N0P15,SEED_58,0,29,literature review,0.04043276523483182,0
N0P15,SEED_49,0,29,literature review,0.032768873721272004,0
N0P15,SEED_80,0,29,literature review,0.05412529367962349,0
N0P15,SEED_18,0,29,literature review,0.07930603337696131,0
N0P15,SEED_13,0,29,literature review,0.030904771618012833,0
N0P15,SEED_54,1,29,literature review,0.0252978715058926,0
N0P119,SEED_78,0,29,literature review,0.0228613868635909,0
N0P119,SEED_88,1,29,literature review,0.0751324199578783,0
N0P119,SEED_75,0,29,literature review,0.004317454748062883,0
N0P119,SEED_45,1,29,literature review,0.04818303463809887,0
N0P119,SEED_15,1,29,literature review,0.12583525799894296,0
N0P119,SEED_79,0,29,literature review,0.1318500750967745,0
N0P119,SEED_65,0,29,literature review,0.09967558011174742,0
N0P119,SEED_113,0,29,literature review,0.03869600182636786,0
N0P119,SEED_39,0,29,literature review,0.03555690750708022,0
N0P119,SEED_18,0,29,literature review,0.07930603337696131,0
N0P119,SEED_102,0,29,literature review,0.05485994308932408,0
N0P119,SEED_38,0,29,literature review,0.061179792753602406,0
N0P119,SEED_30,0,29,literature review,0.045065154448624835,0
N0P119,SEED_17,0,29,literature review,0.029211956325465183,0
N0P119,SEED_44,1,29,literature review,0.037266295783348585,0
N0P119,SEED_104,1,29,literature review,0.027022006506890947,0
N0P119,SEED_10,0,29,literature review,0.2599772228262205,0
N0P119,SEED_23,1,29,literature review,0.24419454417762076,0
N0P119,SEED_47,1,29,literature review,0.11197067729022589,0
N0P119,SEED_53,1,29,literature review,0.08163751252417001,0
N0P119,SEED_14,0,29,literature review,0.029758165991292006,0
N0P119,SEED_22,0,29,literature review,0.05799342396218755,0
N0P119,SEED_112,0,29,literature review,0.04763731112793226,0
N0P119,SEED_108,1,29,literature review,0.11699373395608792,0
N0P119,SEED_90,0,29,literature review,0.10168314958353901,0
N0P119,SEED_58,1,29,literature review,0.04043276523483182,0
N0P119,SEED_49,0,29,literature review,0.032768873721272004,0
N0P119,SEED_76,0,29,literature review,0.02911097510188564,0
N0P119,SEED_86,0,29,literature review,0.07467253707820579,0
N0P119,SEED_40,0,29,literature review,0.03616922310850126,0
N0P34,SEED_107,1,29,position paper,0.042538122034430435,0
N0P34,SEED_61,0,29,position paper,0.059968033729275456,0
N0P34,SEED_31,0,29,position paper,0.033526494815073346,0
N0P34,SEED_28,1,29,position paper,0.03690431206766,0
N0P34,SEED_15,1,29,position paper,0.12583525799894296,0
N0P34,SEED_24,0,29,position paper,0.06525103738400904,0
N0P34,SEED_106,0,29,position paper,0.0396656199956952,0
N0P34,SEED_65,1,29,position paper,0.09967558011174742,0
N0P34,SEED_105,0,29,position paper,0.024092964382771427,0
N0P34,SEED_59,1,29,position paper,0.03537515898047227,0
N0P34,SEED_17,0,29,position paper,0.029211956325465183,0
N0P34,SEED_19,0,29,position paper,0.04109700523383222,0
N0P34,SEED_70,1,29,position paper,0.08172477101102746,0
N0P34,SEED_63,0,29,position paper,0.04603307219547203,0
N0P34,SEED_82,1,29,position paper,0.031946399533903824,0
N0P34,SEED_60,0,29,position paper,0.03900336059186124,0
N0P34,SEED_53,0,29,position paper,0.08163751252417001,0
N0P34,SEED_14,1,29,position paper,0.029758165991292006,0
N0P34,SEED_11,1,29,position paper,0.06461885091273475,0
N0P34,SEED_8,0,29,position paper,0.06872182608709806,0
N0P34,SEED_119,0,29,position paper,0.07263413180061329,0
N0P34,SEED_52,1,29,position paper,0.0773265984984997,0
N0P34,SEED_91,0,29,position paper,0.037739388173408044,0
N0P34,SEED_37,0,29,position paper,0.0916688018924311,0
N0P34,SEED_90,0,29,position paper,0.10168314958353901,0
N0P34,SEED_58,0,29,position paper,0.04043276523483182,0
N0P34,SEED_49,0,29,position paper,0.032768873721272004,0
N0P34,SEED_34,0,29,position paper,0.08548426810230766,0
N0P34,SEED_76,0,29,position paper,0.02911097510188564,0
N0P34,SEED_18,0,29,position paper,0.07930603337696131,0
N0P104,SEED_64,0,29,literature review,0.07877200791990707,0
N0P104,SEED_89,0,29,literature review,0.013011664337656105,0
N0P104,SEED_110,0,29,literature review,0.08655273033551042,0
N0P104,SEED_92,0,29,literature review,0.05106624582263099,0
N0P104,SEED_97,0,29,literature review,0.03609440995756307,0
N0P104,SEED_67,0,29,literature review,0.05032975495304677,0
N0P104,SEED_45,0,29,literature review,0.04818303463809887,0
N0P104,SEED_12,0,29,literature review,0.06332329199540948,0
N0P104,SEED_24,1,29,literature review,0.06525103738400904,0
N0P104,SEED_79,0,29,literature review,0.1318500750967745,0
N0P104,SEED_32,1,29,literature review,0.09735164776405995,0
N0P104,SEED_0,1,29,literature review,0.03419115971424214,0
N0P104,SEED_62,1,29,literature review,0.04784216452869475,0
N0P104,SEED_30,0,29,literature review,0.045065154448624835,0
N0P104,SEED_19,0,29,literature review,0.04109700523383222,0
N0P104,SEED_68,0,29,literature review,0.022306762819201194,0
N0P104,SEED_70,0,29,literature review,0.08172477101102746,0
N0P104,SEED_117,0,29,literature review,0.058265813707136085,0
N0P104,SEED_2,0,29,literature review,0.12297460110382108,0
N0P104,SEED_36,0,29,literature review,0.13828262665054547,0
N0P104,SEED_115,0,29,literature review,0.02209761458825523,0
N0P104,SEED_22,1,29,literature review,0.05799342396218755,0
N0P104,SEED_84,1,29,literature review,0.07184420324302587,0
N0P104,SEED_35,0,29,literature review,0.053243975534267386,0
N0P104,SEED_52,0,29,literature review,0.0773265984984997,0
N0P104,SEED_55,1,29,literature review,0.09584107046851154,0
N0P104,SEED_1,1,29,literature review,0.13141875515524984,0
N0P104,SEED_111,1,29,literature review,0.04969971145347565,0
N0P104,SEED_86,0,29,literature review,0.07467253707820579,0
N0P104,SEED_13,1,29,literature review,0.030904771618012833,0
N0P6,SEED_33,1,29,position paper,0.03666889624528128,0
N0P6,SEED_16,0,29,position paper,0.06580490852851562,0
N0P6,SEED_107,0,29,position paper,0.042538122034430435,0
N0P6,SEED_114,0,29,position paper,0.05371749025215298,0
N0P6,SEED_97,0,29,position paper,0.03609440995756307,0
N0P6,SEED_26,1,29,position paper,0.07104261452564097,0
N0P6,SEED_50,0,29,position paper,0.07323859452802539,0
N0P6,SEED_12,0,29,position paper,0.06332329199540948,0
N0P6,SEED_79,1,29,position paper,0.1318500750967745,0
N0P6,SEED_9,1,29,position paper,0.05790057358028041,0
N0P6,SEED_85,0,29,position paper,0.06585964077621878,0
N0P6,SEED_38,0,29,position paper,0.061179792753602406,0
N0P6,SEED_30,0,29,position paper,0.045065154448624835,0
N0P6,SEED_99,1,29,position paper,0.058671135460116444,0
N0P6,SEED_82,1,29,position paper,0.031946399533903824,0
N0P6,SEED_10,1,29,position paper,0.2599772228262205,0
N0P6,SEED_72,0,29,position paper,0.07981472218677699,0
N0P6,SEED_53,1,29,position paper,0.08163751252417001,0
N0P6,SEED_109,1,29,position paper,0.08741121552597077,0
N0P6,SEED_66,0,29,position paper,0.009691035124209286,0
N0P6,SEED_119,0,29,position paper,0.07263413180061329,0
N0P6,SEED_84,0,29,position paper,0.07184420324302587,0
N0P6,SEED_91,0,29,position paper,0.037739388173408044,0
N0P6,SEED_112,0,29,position paper,0.04763731112793226,0
N0P6,SEED_1,0,29,position paper,0.13141875515524984,0
N0P6,SEED_58,0,29,position paper,0.04043276523483182,0
N0P6,SEED_111,0,29,position paper,0.04969971145347565,0
N0P6,SEED_74,1,29,position paper,0.045788952881914514,0
N0P6,SEED_96,0,29,position paper,0.10358875368385743,0
N0P6,SEED_40,0,29,position paper,0.03616922310850126,0
N0P30,SEED_64,0,29,literature review,0.07877200791990707,0
N0P30,SEED_89,0,29,literature review,0.013011664337656105,0
N0P30,SEED_107,0,29,literature review,0.042538122034430435,0
N0P30,SEED_88,1,29,literature review,0.0751324199578783,0
N0P30,SEED_101,0,29,literature review,0.023490079101840138,0
N0P30,SEED_28,0,29,literature review,0.03690431206766,0
N0P30,SEED_15,1,29,literature review,0.12583525799894296,0
N0P30,SEED_9,1,29,literature review,0.05790057358028041,0
N0P30,SEED_105,0,29,literature review,0.024092964382771427,0
N0P30,SEED_95,1,29,literature review,0.18268931412556882,0
N0P30,SEED_7,0,29,literature review,0.021341441722662596,0
N0P30,SEED_59,0,29,literature review,0.03537515898047227,0
N0P30,SEED_51,1,29,literature review,0.09567458183955731,0
N0P30,SEED_113,0,29,literature review,0.03869600182636786,0
N0P30,SEED_39,0,29,literature review,0.03555690750708022,0
N0P30,SEED_38,0,29,literature review,0.061179792753602406,0
N0P30,SEED_19,0,29,literature review,0.04109700523383222,0
N0P30,SEED_117,0,29,literature review,0.058265813707136085,0
N0P30,SEED_63,0,29,literature review,0.04603307219547203,0
N0P30,SEED_82,1,29,literature review,0.031946399533903824,0
N0P30,SEED_36,1,29,literature review,0.13828262665054547,0
N0P30,SEED_21,1,29,literature review,0.04332717025608329,0
N0P30,SEED_69,0,29,literature review,0.01686621307186654,0
N0P30,SEED_72,0,29,literature review,0.07981472218677699,0
N0P30,SEED_14,1,29,literature review,0.029758165991292006,0
N0P30,SEED_34,0,29,literature review,0.08548426810230766,0
N0P30,SEED_76,0,29,literature review,0.02911097510188564,0
N0P30,SEED_18,0,29,literature review,0.07930603337696131,0
N0P30,SEED_54,1,29,literature review,0.0252978715058926,0
N0P30,SEED_56,0,29,literature review,0.021739942781307576,0
N0P27,SEED_89,1,29,literature review,0.013011664337656105,0
N0P27,SEED_43,0,29,literature review,0.05652341745969014,0
N0P27,SEED_87,0,29,literature review,0.14276304721670452,0
N0P27,SEED_16,0,29,literature review,0.06580490852851562,0
N0P27,SEED_61,1,29,literature review,0.059968033729275456,0
N0P27,SEED_73,0,29,literature review,0.09938073079147507,0
N0P27,SEED_32,1,29,literature review,0.09735164776405995,0
N0P27,SEED_9,0,29,literature review,0.05790057358028041,0
N0P27,SEED_106,0,29,literature review,0.0396656199956952,0
N0P27,SEED_51,0,29,literature review,0.09567458183955731,0
N0P27,SEED_113,1,29,literature review,0.03869600182636786,0
N0P27,SEED_81,1,29,literature review,0.035788322601505926,0
N0P27,SEED_102,0,29,literature review,0.05485994308932408,0
N0P27,SEED_62,1,29,literature review,0.04784216452869475,0
N0P27,SEED_19,1,29,literature review,0.04109700523383222,0
N0P27,SEED_36,1,29,literature review,0.13828262665054547,0
N0P27,SEED_60,0,29,literature review,0.03900336059186124,0
N0P27,SEED_115,0,29,literature review,0.02209761458825523,0
N0P27,SEED_23,0,29,literature review,0.24419454417762076,0
N0P27,SEED_109,0,29,literature review,0.08741121552597077,0
N0P27,SEED_14,1,29,literature review,0.029758165991292006,0
N0P27,SEED_6,1,29,literature review,0.03894507193462498,0
N0P27,SEED_8,0,29,literature review,0.06872182608709806,0
N0P27,SEED_37,0,29,literature review,0.0916688018924311,0
N0P27,SEED_1,0,29,literature review,0.13141875515524984,0
N0P27,SEED_111,0,29,literature review,0.04969971145347565,0
N0P27,SEED_80,0,29,literature review,0.05412529367962349,0
N0P27,SEED_96,0,29,literature review,0.10358875368385743,0
N0P27,SEED_13,0,29,literature review,0.030904771618012833,0
N0P27,SEED_56,0,29,literature review,0.021739942781307576,0
N1P7,SEED_89,0,17,position paper,0.013011664337656105,1
N1P7,SEED_97,0,17,position paper,0.03609440995756307,1
N1P7,SEED_26,1,17,position paper,0.07104261452564097,1
N1P7,SEED_3,1,17,position paper,0.06798054115184436,1
N1P7,SEED_94,1,17,position paper,0.1502174121454999,1
N1P7,SEED_51,0,17,position paper,0.09567458183955731,1
N1P7,SEED_113,0,17,position paper,0.03869600182636786,1
N1P7,SEED_103,0,17,position paper,0.1317058804580309,1
N1P7,SEED_38,0,17,position paper,0.061179792753602406,1
N1P7,SEED_27,1,17,position paper,0.1928425224241903,1
N1P7,SEED_29,0,17,position paper,0.07042009300336129,1
N1P7,SEED_99,0,17,position paper,0.058671135460116444,1
N1P7,SEED_60,1,17,position paper,0.03900336059186124,1
N1P7,SEED_69,0,17,position paper,0.01686621307186654,1
N1P7,SEED_93,0,17,position paper,0.06110953885154956,1
N1P7,SEED_37,0,17,position paper,0.0916688018924311,1
N1P7,SEED_49,0,17,position paper,0.032768873721272004,1
N1P7,SEED_18,0,17,position paper,0.07930603337696131,1
N1P90,SEED_16,0,14,literature review,0.06580490852851562,1
N1P90,SEED_100,0,14,literature review,0.022251536993773687,1
N1P90,SEED_31,0,14,literature review,0.033526494815073346,1
N1P90,SEED_9,1,14,literature review,0.05790057358028041,1
N1P90,SEED_85,0,14,literature review,0.06585964077621878,1
N1P90,SEED_81,1,14,literature review,0.035788322601505926,1
N1P90,SEED_2,0,14,literature review,0.12297460110382108,1
N1P90,SEED_5,0,14,literature review,0.04891575446422762,1
N1P90,SEED_10,1,14,literature review,0.2599772228262205,1
N1P90,SEED_115,0,14,literature review,0.02209761458825523,1
N1P90,SEED_47,1,14,literature review,0.11197067729022589,1
N1P90,SEED_72,0,14,literature review,0.07981472218677699,1
N1P90,SEED_84,1,14,literature review,0.07184420324302587,1
N1P90,SEED_112,0,14,literature review,0.04763731112793226,1
N1P90,SEED_20,1,14,literature review,0.029535688085893946,1
N1P81,SEED_9,1,9,position paper,0.05790057358028041,1
N1P81,SEED_0,1,9,position paper,0.03419115971424214,1
N1P81,SEED_105,0,9,position paper,0.024092964382771427,1
N1P81,SEED_59,0,9,position paper,0.03537515898047227,1
N1P81,SEED_85,1,9,position paper,0.06585964077621878,1
N1P81,SEED_63,0,9,position paper,0.04603307219547203,1
N1P81,SEED_47,1,9,position paper,0.11197067729022589,1
N1P81,SEED_84,0,9,position paper,0.07184420324302587,1
N1P81,SEED_35,0,9,position paper,0.053243975534267386,1
N1P81,SEED_96,1,9,position paper,0.10358875368385743,1
N1P30,SEED_89,0,13,position paper,0.013011664337656105,1
N1P30,SEED_110,0,13,position paper,0.08655273033551042,1
N1P30,SEED_94,1,13,position paper,0.1502174121454999,1
N1P30,SEED_71,0,13,position paper,0.01920486060179593,1
N1P30,SEED_113,0,13,position paper,0.03869600182636786,1
N1P30,SEED_85,0,13,position paper,0.06585964077621878,1
N1P30,SEED_5,0,13,position paper,0.04891575446422762,1
N1P30,SEED_36,1,13,position paper,0.13828262665054547,1
N1P30,SEED_8,1,13,position paper,0.06872182608709806,1
N1P30,SEED_52,0,13,position paper,0.0773265984984997,1
N1P30,SEED_55,1,13,position paper,0.09584107046851154,1
N1P30,SEED_41,0,13,position paper,0.06663729499428636,1
N1P30,SEED_96,0,13,position paper,0.10358875368385743,1
N1P30,SEED_86,0,13,position paper,0.07467253707820579,1
N1P11,SEED_89,0,15,position paper,0.013011664337656105,1
N1P11,SEED_88,1,15,position paper,0.0751324199578783,1
N1P11,SEED_3,1,15,position paper,0.06798054115184436,1
N1P11,SEED_32,1,15,position paper,0.09735164776405995,1
N1P11,SEED_51,0,15,position paper,0.09567458183955731,1
N1P11,SEED_29,0,15,position paper,0.07042009300336129,1
N1P11,SEED_11,1,15,position paper,0.06461885091273475,1
N1P11,SEED_8,0,15,position paper,0.06872182608709806,1
N1P11,SEED_55,1,15,position paper,0.09584107046851154,1
N1P11,SEED_37,0,15,position paper,0.0916688018924311,1
N1P11,SEED_90,0,15,position paper,0.10168314958353901,1
N1P11,SEED_58,0,15,position paper,0.04043276523483182,1
N1P11,SEED_111,0,15,position paper,0.04969971145347565,1
N1P11,SEED_41,0,15,position paper,0.06663729499428636,1
N1P11,SEED_27,1,15,position paper,0.1928425224241903,1
N1P11,SEED_40,0,15,position paper,0.03616922310850126,1
N1P62,SEED_110,0,9,position paper,0.08655273033551042,1
N1P62,SEED_48,1,9,position paper,0.029185376778173528,1
N1P62,SEED_50,0,9,position paper,0.07323859452802539,1
N1P62,SEED_51,1,9,position paper,0.09567458183955731,1
N1P62,SEED_113,0,9,position paper,0.03869600182636786,1
N1P62,SEED_19,0,9,position paper,0.04109700523383222,1
N1P62,SEED_53,1,9,position paper,0.08163751252417001,1
N1P62,SEED_52,0,9,position paper,0.0773265984984997,1
N1P62,SEED_20,1,9,position paper,0.029535688085893946,1
N1P62,SEED_40,0,9,position paper,0.03616922310850126,1
N1P47,SEED_78,1,11,position paper,0.0228613868635909,1
N1P47,SEED_101,1,11,position paper,0.023490079101840138,1
N1P47,SEED_15,0,11,position paper,0.12583525799894296,1
N1P47,SEED_32,1,11,position paper,0.09735164776405995,1
N1P47,SEED_106,0,11,position paper,0.0396656199956952,1
N1P47,SEED_30,0,11,position paper,0.045065154448624835,1
N1P47,SEED_116,0,11,position paper,0.15216520399588473,1
N1P47,SEED_82,1,11,position paper,0.031946399533903824,1
N1P47,SEED_47,1,11,position paper,0.11197067729022589,1
N1P47,SEED_119,0,11,position paper,0.07263413180061329,1
N1P47,SEED_37,0,11,position paper,0.0916688018924311,1
N1P47,SEED_46,0,11,position paper,0.027379269989798654,1
N1P109,SEED_43,1,13,position paper,0.05652341745969014,1
N1P109,SEED_33,1,13,position paper,0.03666889624528128,1
N1P109,SEED_114,0,13,position paper,0.05371749025215298,1
N1P109,SEED_98,1,13,position paper,0.011894667691759708,1
N1P109,SEED_0,1,13,position paper,0.03419115971424214,1
N1P109,SEED_7,0,13,position paper,0.021341441722662596,1
N1P109,SEED_51,1,13,position paper,0.09567458183955731,1
N1P109,SEED_68,0,13,position paper,0.022306762819201194,1
N1P109,SEED_2,0,13,position paper,0.12297460110382108,1
N1P109,SEED_5,0,13,position paper,0.04891575446422762,1
N1P109,SEED_82,1,13,position paper,0.031946399533903824,1
N1P109,SEED_72,0,13,position paper,0.07981472218677699,1
N1P109,SEED_96,0,13,position paper,0.10358875368385743,1
N1P109,SEED_118,0,13,position paper,0.03264322768755141,1
N1P78,SEED_89,0,15,literature review,0.013011664337656105,1
N1P78,SEED_48,1,15,literature review,0.029185376778173528,1
N1P78,SEED_114,0,15,literature review,0.05371749025215298,1
N1P78,SEED_31,0,15,literature review,0.033526494815073346,1
N1P78,SEED_113,0,15,literature review,0.03869600182636786,1
N1P78,SEED_99,0,15,literature review,0.058671135460116444,1
N1P78,SEED_22,1,15,literature review,0.05799342396218755,1
N1P78,SEED_25,1,15,literature review,0.03134650983079614,1
N1P78,SEED_84,0,15,literature review,0.07184420324302587,1
N1P78,SEED_52,0,15,literature review,0.0773265984984997,1
N1P78,SEED_91,0,15,literature review,0.037739388173408044,1
N1P78,SEED_108,1,15,literature review,0.11699373395608792,1
N1P78,SEED_58,0,15,literature review,0.04043276523483182,1
N1P78,SEED_111,0,15,literature review,0.04969971145347565,1
N1P78,SEED_86,0,15,literature review,0.07467253707820579,1
N1P78,SEED_54,0,15,literature review,0.0252978715058926,1
N1P20,SEED_107,0,10,position paper,0.042538122034430435,1
N1P20,SEED_75,0,10,position paper,0.004317454748062883,1
N1P20,SEED_94,1,10,position paper,0.1502174121454999,1
N1P20,SEED_65,1,10,position paper,0.09967558011174742,1
N1P20,SEED_95,0,10,position paper,0.18268931412556882,1
N1P20,SEED_30,0,10,position paper,0.045065154448624835,1
N1P20,SEED_116,0,10,position paper,0.15216520399588473,1
N1P20,SEED_47,0,10,position paper,0.11197067729022589,1
N1P20,SEED_72,0,10,position paper,0.07981472218677699,1
N1P20,SEED_77,1,10,position paper,0.09597717740914226,1
N1P20,SEED_37,0,10,position paper,0.0916688018924311,1
N1P85,SEED_42,0,11,position paper,0.051653349129091995,1
N1P85,SEED_110,0,11,position paper,0.08655273033551042,1
N1P85,SEED_43,0,11,position paper,0.05652341745969014,1
N1P85,SEED_107,0,11,position paper,0.042538122034430435,1
N1P85,SEED_83,0,11,position paper,0.052741438587646794,1
N1P85,SEED_94,1,11,position paper,0.1502174121454999,1
N1P85,SEED_73,1,11,position paper,0.09938073079147507,1
N1P85,SEED_113,0,11,position paper,0.03869600182636786,1
N1P85,SEED_116,0,11,position paper,0.15216520399588473,1
N1P85,SEED_58,1,11,position paper,0.04043276523483182,1
N1P85,SEED_18,0,11,position paper,0.07930603337696131,1
N1P85,SEED_56,0,11,position paper,0.021739942781307576,1
N1P66,SEED_64,0,12,position paper,0.07877200791990707,1
N1P66,SEED_86,0,12,position paper,0.07467253707820579,1
N1P66,SEED_16,0,12,position paper,0.06580490852851562,1
N1P66,SEED_26,0,12,position paper,0.07104261452564097,1
N1P66,SEED_67,1,12,position paper,0.05032975495304677,1
N1P66,SEED_117,0,12,position paper,0.058265813707136085,1
N1P66,SEED_112,0,12,position paper,0.04763731112793226,1
N1P66,SEED_90,0,12,position paper,0.10168314958353901,1
N1P66,SEED_76,0,12,position paper,0.02911097510188564,1
N1P66,SEED_27,1,12,position paper,0.1928425224241903,1
N1P66,SEED_13,1,12,position paper,0.030904771618012833,1
N1P66,SEED_54,1,12,position paper,0.0252978715058926,1
N1P66,SEED_56,0,12,position paper,0.021739942781307576,1
N1P4,SEED_42,0,16,literature review,0.051653349129091995,1
N1P4,SEED_48,1,16,literature review,0.029185376778173528,1
N1P4,SEED_97,0,16,literature review,0.03609440995756307,1
N1P4,SEED_100,0,16,literature review,0.022251536993773687,1
N1P4,SEED_94,1,16,literature review,0.1502174121454999,1
N1P4,SEED_106,1,16,literature review,0.0396656199956952,1
N1P4,SEED_39,1,16,literature review,0.03555690750708022,1
N1P4,SEED_85,0,16,literature review,0.06585964077621878,1
N1P4,SEED_17,1,16,literature review,0.029211956325465183,1
N1P4,SEED_44,0,16,literature review,0.037266295783348585,1
N1P4,SEED_2,0,16,literature review,0.12297460110382108,1
N1P4,SEED_5,0,16,literature review,0.04891575446422762,1
N1P4,SEED_36,1,16,literature review,0.13828262665054547,1
N1P4,SEED_72,0,16,literature review,0.07981472218677699,1
N1P4,SEED_84,0,16,literature review,0.07184420324302587,1
N1P4,SEED_74,0,16,literature review,0.045788952881914514,1
N1P4,SEED_13,0,16,literature review,0.030904771618012833,1
N1P15,SEED_57,1,11,literature review,0.03673991558283747,1
N1P15,SEED_16,0,11,literature review,0.06580490852851562,1
N1P15,SEED_114,1,11,literature review,0.05371749025215298,1
N1P15,SEED_101,0,11,literature review,0.023490079101840138,1
N1P15,SEED_59,1,11,literature review,0.03537515898047227,1
N1P15,SEED_5,0,11,literature review,0.04891575446422762,1
N1P15,SEED_53,1,11,literature review,0.08163751252417001,1
N1P15,SEED_77,1,11,literature review,0.09597717740914226,1
N1P15,SEED_119,0,11,literature review,0.07263413180061329,1
N1P15,SEED_49,0,11,literature review,0.032768873721272004,1
N1P15,SEED_18,0,11,literature review,0.07930603337696131,1
N1P15,SEED_54,1,11,literature review,0.0252978715058926,1
N1P117,SEED_88,1,15,position paper,0.0751324199578783,1
N1P117,SEED_45,0,15,position paper,0.04818303463809887,1
N1P117,SEED_94,1,15,position paper,0.1502174121454999,1
N1P117,SEED_71,0,15,position paper,0.01920486060179593,1
N1P117,SEED_116,0,15,position paper,0.15216520399588473,1
N1P117,SEED_19,0,15,position paper,0.04109700523383222,1
N1P117,SEED_63,0,15,position paper,0.04603307219547203,1
N1P117,SEED_5,0,15,position paper,0.04891575446422762,1
N1P117,SEED_93,1,15,position paper,0.06110953885154956,1
N1P117,SEED_37,0,15,position paper,0.0916688018924311,1
N1P117,SEED_90,0,15,position paper,0.10168314958353901,1
N1P117,SEED_34,0,15,position paper,0.08548426810230766,1
N1P117,SEED_20,1,15,position paper,0.029535688085893946,1
N1P117,SEED_41,0,15,position paper,0.06663729499428636,1
N1P117,SEED_46,0,15,position paper,0.027379269989798654,1
N1P117,SEED_76,0,15,position paper,0.02911097510188564,1
N1P50,SEED_92,0,17,position paper,0.05106624582263099,1
N1P50,SEED_16,0,17,position paper,0.06580490852851562,1
N1P50,SEED_33,0,17,position paper,0.03666889624528128,1
N1P50,SEED_98,1,17,position paper,0.011894667691759708,1
N1P50,SEED_0,1,17,position paper,0.03419115971424214,1
N1P50,SEED_65,1,17,position paper,0.09967558011174742,1
N1P50,SEED_7,0,17,position paper,0.021341441722662596,1
N1P50,SEED_51,1,17,position paper,0.09567458183955731,1
N1P50,SEED_27,1,17,position paper,0.1928425224241903,1
N1P50,SEED_17,0,17,position paper,0.029211956325465183,1
N1P50,SEED_63,0,17,position paper,0.04603307219547203,1
N1P50,SEED_21,1,17,position paper,0.04332717025608329,1
N1P50,SEED_66,0,17,position paper,0.009691035124209286,1
N1P50,SEED_119,0,17,position paper,0.07263413180061329,1
N1P50,SEED_84,0,17,position paper,0.07184420324302587,1
N1P50,SEED_52,0,17,position paper,0.0773265984984997,1
N1P50,SEED_34,0,17,position paper,0.08548426810230766,1
N1P50,SEED_86,0,17,position paper,0.07467253707820579,1
N1P94,SEED_61,1,12,position paper,0.059968033729275456,1
N1P94,SEED_26,0,12,position paper,0.07104261452564097,1
N1P94,SEED_88,0,12,position paper,0.0751324199578783,1
N1P94,SEED_98,0,12,position paper,0.011894667691759708,1
N1P94,SEED_32,0,12,position paper,0.09735164776405995,1
N1P94,SEED_106,0,12,position paper,0.0396656199956952,1
N1P94,SEED_113,0,12,position paper,0.03869600182636786,1
N1P94,SEED_117,0,12,position paper,0.058265813707136085,1
N1P94,SEED_6,1,12,position paper,0.03894507193462498,1
N1P94,SEED_25,0,12,position paper,0.03134650983079614,1
N1P94,SEED_84,0,12,position paper,0.07184420324302587,1
N1P94,SEED_108,0,12,position paper,0.11699373395608792,1
N1P94,SEED_41,1,12,position paper,0.06663729499428636,1
N1P110,SEED_64,0,14,position paper,0.07877200791990707,1
N1P110,SEED_89,0,14,position paper,0.013011664337656105,1
N1P110,SEED_110,0,14,position paper,0.08655273033551042,1
N1P110,SEED_61,1,14,position paper,0.059968033729275456,1
N1P110,SEED_83,0,14,position paper,0.052741438587646794,1
N1P110,SEED_67,1,14,position paper,0.05032975495304677,1
N1P110,SEED_71,0,14,position paper,0.01920486060179593,1
N1P110,SEED_104,1,14,position paper,0.027022006506890947,1
N1P110,SEED_60,0,14,position paper,0.03900336059186124,1
N1P110,SEED_14,1,14,position paper,0.029758165991292006,1
N1P110,SEED_84,1,14,position paper,0.07184420324302587,1
N1P110,SEED_112,0,14,position paper,0.04763731112793226,1
N1P110,SEED_1,0,14,position paper,0.13141875515524984,1
N1P110,SEED_20,1,14,position paper,0.029535688085893946,1
N1P110,SEED_80,0,14,position paper,0.05412529367962349,1
N1P26,SEED_43,0,16,position paper,0.05652341745969014,1
N1P26,SEED_78,0,16,position paper,0.0228613868635909,1
N1P26,SEED_83,1,16,position paper,0.052741438587646794,1
N1P26,SEED_100,0,16,position paper,0.022251536993773687,1
N1P26,SEED_28,0,16,position paper,0.03690431206766,1
N1P26,SEED_32,1,16,position paper,0.09735164776405995,1
N1P26,SEED_7,0,16,position paper,0.021341441722662596,1
N1P26,SEED_116,0,16,position paper,0.15216520399588473,1
N1P26,SEED_99,0,16,position paper,0.058671135460116444,1
N1P26,SEED_82,0,16,position paper,0.031946399533903824,1
N1P26,SEED_60,0,16,position paper,0.03900336059186124,1
N1P26,SEED_52,0,16,position paper,0.0773265984984997,1
N1P26,SEED_111,1,16,position paper,0.04969971145347565,1
N1P26,SEED_74,0,16,position paper,0.045788952881914514,1
N1P26,SEED_18,0,16,position paper,0.07930603337696131,1
N1P26,SEED_40,0,16,position paper,0.03616922310850126,1
N1P26,SEED_54,0,16,position paper,0.0252978715058926,1
N1P88,SEED_100,0,10,position paper,0.022251536993773687,1
N1P88,SEED_75,1,10,position paper,0.004317454748062883,1
N1P88,SEED_67,1,10,position paper,0.05032975495304677,1
N1P88,SEED_102,0,10,position paper,0.05485994308932408,1
N1P88,SEED_38,0,10,position paper,0.061179792753602406,1
N1P88,SEED_62,1,10,position paper,0.04784216452869475,1
N1P88,SEED_44,1,10,position paper,0.037266295783348585,1
N1P88,SEED_25,0,10,position paper,0.03134650983079614,1
N1P88,SEED_119,0,10,position paper,0.07263413180061329,1
N1P88,SEED_96,1,10,position paper,0.10358875368385743,1
N1P88,SEED_56,0,10,position paper,0.021739942781307576,1
N1P92,SEED_92,0,19,literature review,0.05106624582263099,1
N1P92,SEED_33,1,19,literature review,0.03666889624528128,1
N1P92,SEED_16,0,19,literature review,0.06580490852851562,1
N1P92,SEED_61,1,19,literature review,0.059968033729275456,1
N1P92,SEED_83,0,19,literature review,0.052741438587646794,1
N1P92,SEED_24,1,19,literature review,0.06525103738400904,1
N1P92,SEED_19,0,19,literature review,0.04109700523383222,1
N1P92,SEED_99,0,19,literature review,0.058671135460116444,1
N1P92,SEED_36,0,19,literature review,0.13828262665054547,1
N1P92,SEED_10,1,19,literature review,0.2599772228262205,1
N1P92,SEED_115,0,19,literature review,0.02209761458825523,1
N1P92,SEED_72,0,19,literature review,0.07981472218677699,1
N1P92,SEED_77,1,19,literature review,0.09597717740914226,1
N1P92,SEED_66,0,19,literature review,0.009691035124209286,1
N1P92,SEED_22,0,19,literature review,0.05799342396218755,1
N1P92,SEED_8,0,19,literature review,0.06872182608709806,1
N1P92,SEED_119,0,19,literature review,0.07263413180061329,1
N1P92,SEED_90,0,19,literature review,0.10168314958353901,1
N1P92,SEED_76,0,19,literature review,0.02911097510188564,1
N1P92,SEED_13,1,19,literature review,0.030904771618012833,1
N1P12,SEED_57,1,15,position paper,0.03673991558283747,1
N1P12,SEED_78,0,15,position paper,0.0228613868635909,1
N1P12,SEED_114,0,15,position paper,0.05371749025215298,1
N1P12,SEED_61,1,15,position paper,0.059968033729275456,1
N1P12,SEED_26,0,15,position paper,0.07104261452564097,1
N1P12,SEED_83,0,15,position paper,0.052741438587646794,1
N1P12,SEED_75,0,15,position paper,0.004317454748062883,1
N1P12,SEED_71,0,15,position paper,0.01920486060179593,1
N1P12,SEED_79,0,15,position paper,0.1318500750967745,1
N1P12,SEED_4,0,15,position paper,0.10778007277480268,1
N1P12,SEED_60,0,15,position paper,0.03900336059186124,1
N1P12,SEED_10,0,15,position paper,0.2599772228262205,1
N1P12,SEED_6,1,15,position paper,0.03894507193462498,1
N1P12,SEED_108,1,15,position paper,0.11699373395608792,1
N1P12,SEED_1,0,15,position paper,0.13141875515524984,1
N1P12,SEED_58,1,15,position paper,0.04043276523483182,1
N1P13,SEED_43,0,20,position paper,0.05652341745969014,1
N1P13,SEED_16,0,20,position paper,0.06580490852851562,1
N1P13,SEED_97,0,20,position paper,0.03609440995756307,1
N1P13,SEED_3,1,20,position paper,0.06798054115184436,1
N1P13,SEED_106,1,20,position paper,0.0396656199956952,1
N1P13,SEED_65,1,20,position paper,0.09967558011174742,1
N1P13,SEED_59,0,20,position paper,0.03537515898047227,1
N1P13,SEED_102,0,20,position paper,0.05485994308932408,1
N1P13,SEED_4,0,20,position paper,0.10778007277480268,1
N1P13,SEED_30,0,20,position paper,0.045065154448624835,1
N1P13,SEED_17,0,20,position paper,0.029211956325465183,1
N1P13,SEED_117,0,20,position paper,0.058265813707136085,1
N1P13,SEED_2,0,20,position paper,0.12297460110382108,1
N1P13,SEED_77,0,20,position paper,0.09597717740914226,1
N1P13,SEED_25,0,20,position paper,0.03134650983079614,1
N1P13,SEED_84,0,20,position paper,0.07184420324302587,1
N1P13,SEED_55,1,20,position paper,0.09584107046851154,1
N1P13,SEED_108,1,20,position paper,0.11699373395608792,1
N1P13,SEED_90,0,20,position paper,0.10168314958353901,1
N1P13,SEED_34,0,20,position paper,0.08548426810230766,1
N1P13,SEED_13,1,20,position paper,0.030904771618012833,1
N1P69,SEED_42,0,16,literature review,0.051653349129091995,1
N1P69,SEED_43,0,16,literature review,0.05652341745969014,1
N1P69,SEED_48,0,16,literature review,0.029185376778173528,1
N1P69,SEED_107,0,16,literature review,0.042538122034430435,1
N1P69,SEED_101,0,16,literature review,0.023490079101840138,1
N1P69,SEED_9,1,16,literature review,0.05790057358028041,1
N1P69,SEED_7,0,16,literature review,0.021341441722662596,1
N1P69,SEED_113,0,16,literature review,0.03869600182636786,1
N1P69,SEED_4,0,16,literature review,0.10778007277480268,1
N1P69,SEED_30,0,16,literature review,0.045065154448624835,1
N1P69,SEED_104,0,16,literature review,0.027022006506890947,1
N1P69,SEED_77,1,16,literature review,0.09597717740914226,1
N1P69,SEED_6,1,16,literature review,0.03894507193462498,1
N1P69,SEED_35,0,16,literature review,0.053243975534267386,1
N1P69,SEED_91,0,16,literature review,0.037739388173408044,1
N1P69,SEED_37,0,16,literature review,0.0916688018924311,1
N1P69,SEED_13,1,16,literature review,0.030904771618012833,1
N1P80,SEED_57,1,16,literature review,0.03673991558283747,1
N1P80,SEED_16,0,16,literature review,0.06580490852851562,1
N1P80,SEED_88,1,16,literature review,0.0751324199578783,1
N1P80,SEED_75,0,16,literature review,0.004317454748062883,1
N1P80,SEED_79,0,16,literature review,0.1318500750967745,1
N1P80,SEED_0,1,16,literature review,0.03419115971424214,1
N1P80,SEED_95,1,16,literature review,0.18268931412556882,1
N1P80,SEED_7,0,16,literature review,0.021341441722662596,1
N1P80,SEED_70,0,16,literature review,0.08172477101102746,1
N1P80,SEED_82,0,16,literature review,0.031946399533903824,1
N1P80,SEED_69,1,16,literature review,0.01686621307186654,1
N1P80,SEED_109,0,16,literature review,0.08741121552597077,1
N1P80,SEED_77,1,16,literature review,0.09597717740914226,1
N1P80,SEED_56,1,16,literature review,0.021739942781307576,1
N1P80,SEED_111,0,16,literature review,0.04969971145347565,1
N1P80,SEED_76,0,16,literature review,0.02911097510188564,1
N1P80,SEED_118,1,16,literature review,0.03264322768755141,1
N1P54,SEED_57,1,15,literature review,0.03673991558283747,1
N1P54,SEED_16,0,15,literature review,0.06580490852851562,1
N1P54,SEED_83,0,15,literature review,0.052741438587646794,1
N1P54,SEED_71,0,15,literature review,0.01920486060179593,1
N1P54,SEED_73,1,15,literature review,0.09938073079147507,1
N1P54,SEED_28,0,15,literature review,0.03690431206766,1
N1P54,SEED_32,1,15,literature review,0.09735164776405995,1
N1P54,SEED_106,0,15,literature review,0.0396656199956952,1
N1P54,SEED_65,1,15,literature review,0.09967558011174742,1
N1P54,SEED_103,1,15,literature review,0.1317058804580309,1
N1P54,SEED_116,0,15,literature review,0.15216520399588473,1
N1P54,SEED_99,0,15,literature review,0.058671135460116444,1
N1P54,SEED_77,1,15,literature review,0.09597717740914226,1
N1P54,SEED_84,1,15,literature review,0.07184420324302587,1
N1P54,SEED_74,0,15,literature review,0.045788952881914514,1
N1P54,SEED_56,0,15,literature review,0.021739942781307576,1
N1P115,SEED_87,0,16,literature review,0.14276304721670452,1
N1P115,SEED_33,0,16,literature review,0.03666889624528128,1
N1P115,SEED_92,1,16,literature review,0.05106624582263099,1
N1P115,SEED_107,1,16,literature review,0.042538122034430435,1
N1P115,SEED_75,0,16,literature review,0.004317454748062883,1
N1P115,SEED_28,0,16,literature review,0.03690431206766,1
N1P115,SEED_9,1,16,literature review,0.05790057358028041,1
N1P115,SEED_102,0,16,literature review,0.05485994308932408,1
N1P115,SEED_17,1,16,literature review,0.029211956325465183,1
N1P115,SEED_68,0,16,literature review,0.022306762819201194,1
N1P115,SEED_2,0,16,literature review,0.12297460110382108,1
N1P115,SEED_104,1,16,literature review,0.027022006506890947,1
N1P115,SEED_53,1,16,literature review,0.08163751252417001,1
N1P115,SEED_77,0,16,literature review,0.09597717740914226,1
N1P115,SEED_37,0,16,literature review,0.0916688018924311,1
N1P115,SEED_112,1,16,literature review,0.04763731112793226,1
N1P115,SEED_20,1,16,literature review,0.029535688085893946,1
N1P72,SEED_83,0,12,position paper,0.052741438587646794,1
N1P72,SEED_26,0,12,position paper,0.07104261452564097,1
N1P72,SEED_9,1,12,position paper,0.05790057358028041,1
N1P72,SEED_51,0,12,position paper,0.09567458183955731,1
N1P72,SEED_21,1,12,position paper,0.04332717025608329,1
N1P72,SEED_53,1,12,position paper,0.08163751252417001,1
N1P72,SEED_77,1,12,position paper,0.09597717740914226,1
N1P72,SEED_55,1,12,position paper,0.09584107046851154,1
N1P72,SEED_37,0,12,position paper,0.0916688018924311,1
N1P72,SEED_90,1,12,position paper,0.10168314958353901,1
N1P72,SEED_58,0,12,position paper,0.04043276523483182,1
N1P72,SEED_27,1,12,position paper,0.1928425224241903,1
N1P72,SEED_40,0,12,position paper,0.03616922310850126,1
N1P91,SEED_57,1,12,position paper,0.03673991558283747,1
N1P91,SEED_33,1,12,position paper,0.03666889624528128,1
N1P91,SEED_78,0,12,position paper,0.0228613868635909,1
N1P91,SEED_114,0,12,position paper,0.05371749025215298,1
N1P91,SEED_71,0,12,position paper,0.01920486060179593,1
N1P91,SEED_51,1,12,position paper,0.09567458183955731,1
N1P91,SEED_38,0,12,position paper,0.061179792753602406,1
N1P91,SEED_116,0,12,position paper,0.15216520399588473,1
N1P91,SEED_70,1,12,position paper,0.08172477101102746,1
N1P91,SEED_82,1,12,position paper,0.031946399533903824,1
N1P91,SEED_47,1,12,position paper,0.11197067729022589,1
N1P91,SEED_112,0,12,position paper,0.04763731112793226,1
N1P91,SEED_58,0,12,position paper,0.04043276523483182,1
N1P37,SEED_42,0,16,position paper,0.051653349129091995,1
N1P37,SEED_78,0,16,position paper,0.0228613868635909,1
N1P37,SEED_67,0,16,position paper,0.05032975495304677,1
N1P37,SEED_71,0,16,position paper,0.01920486060179593,1
N1P37,SEED_81,1,16,position paper,0.035788322601505926,1
N1P37,SEED_17,0,16,position paper,0.029211956325465183,1
N1P37,SEED_82,1,16,position paper,0.031946399533903824,1
N1P37,SEED_104,0,16,position paper,0.027022006506890947,1
N1P37,SEED_21,1,16,position paper,0.04332717025608329,1
N1P37,SEED_72,0,16,position paper,0.07981472218677699,1
N1P37,SEED_53,1,16,position paper,0.08163751252417001,1
N1P37,SEED_11,0,16,position paper,0.06461885091273475,1
N1P37,SEED_8,1,16,position paper,0.06872182608709806,1
N1P37,SEED_119,0,16,position paper,0.07263413180061329,1
N1P37,SEED_35,0,16,position paper,0.053243975534267386,1
N1P37,SEED_112,0,16,position paper,0.04763731112793226,1
N1P37,SEED_76,0,16,position paper,0.02911097510188564,1
N1P41,SEED_87,1,15,position paper,0.14276304721670452,1
N1P41,SEED_101,0,15,position paper,0.023490079101840138,1
N1P41,SEED_79,0,15,position paper,0.1318500750967745,1
N1P41,SEED_0,1,15,position paper,0.03419115971424214,1
N1P41,SEED_65,1,15,position paper,0.09967558011174742,1
N1P41,SEED_39,0,15,position paper,0.03555690750708022,1
N1P41,SEED_116,0,15,position paper,0.15216520399588473,1
N1P41,SEED_70,0,15,position paper,0.08172477101102746,1
N1P41,SEED_82,1,15,position paper,0.031946399533903824,1
N1P41,SEED_47,0,15,position paper,0.11197067729022589,1
N1P41,SEED_93,1,15,position paper,0.06110953885154956,1
N1P41,SEED_8,0,15,position paper,0.06872182608709806,1
N1P41,SEED_52,0,15,position paper,0.0773265984984997,1
N1P41,SEED_20,1,15,position paper,0.029535688085893946,1
N1P41,SEED_80,0,15,position paper,0.05412529367962349,1
N1P41,SEED_13,0,15,position paper,0.030904771618012833,1
N1P29,SEED_57,0,11,position paper,0.03673991558283747,1
N1P29,SEED_43,0,11,position paper,0.05652341745969014,1
N1P29,SEED_107,0,11,position paper,0.042538122034430435,1
N1P29,SEED_101,1,11,position paper,0.023490079101840138,1
N1P29,SEED_98,1,11,position paper,0.011894667691759708,1
N1P29,SEED_45,1,11,position paper,0.04818303463809887,1
N1P29,SEED_50,0,11,position paper,0.07323859452802539,1
N1P29,SEED_65,0,11,position paper,0.09967558011174742,1
N1P29,SEED_102,0,11,position paper,0.05485994308932408,1
N1P29,SEED_23,0,11,position paper,0.24419454417762076,1
N1P29,SEED_72,0,11,position paper,0.07981472218677699,1
N1P29,SEED_41,0,11,position paper,0.06663729499428636,1
N1P101,SEED_57,1,13,literature review,0.03673991558283747,1
N1P101,SEED_61,1,13,literature review,0.059968033729275456,1
N1P101,SEED_0,0,13,literature review,0.03419115971424214,1
N1P101,SEED_105,1,13,literature review,0.024092964382771427,1
N1P101,SEED_113,0,13,literature review,0.03869600182636786,1
N1P101,SEED_19,0,13,literature review,0.04109700523383222,1
N1P101,SEED_70,1,13,literature review,0.08172477101102746,1
N1P101,SEED_36,1,13,literature review,0.13828262665054547,1
N1P101,SEED_104,1,13,literature review,0.027022006506890947,1
N1P101,SEED_72,0,13,literature review,0.07981472218677699,1
N1P101,SEED_108,1,13,literature review,0.11699373395608792,1
N1P101,SEED_90,0,13,literature review,0.10168314958353901,1
N1P101,SEED_41,0,13,literature review,0.06663729499428636,1
N1P101,SEED_96,0,13,literature review,0.10358875368385743,1
N1P61,SEED_33,1,16,literature review,0.03666889624528128,1
N1P61,SEED_15,0,16,literature review,0.12583525799894296,1
N1P61,SEED_106,0,16,literature review,0.0396656199956952,1
N1P61,SEED_51,0,16,literature review,0.09567458183955731,1
N1P61,SEED_4,0,16,literature review,0.10778007277480268,1
N1P61,SEED_30,0,16,literature review,0.045065154448624835,1
N1P61,SEED_19,1,16,literature review,0.04109700523383222,1
N1P61,SEED_116,0,16,literature review,0.15216520399588473,1
N1P61,SEED_63,1,16,literature review,0.04603307219547203,1
N1P61,SEED_2,0,16,literature review,0.12297460110382108,1
N1P61,SEED_21,0,16,literature review,0.04332717025608329,1
N1P61,SEED_23,1,16,literature review,0.24419454417762076,1
N1P61,SEED_53,1,16,literature review,0.08163751252417001,1
N1P61,SEED_22,1,16,literature review,0.05799342396218755,1
N1P61,SEED_37,0,16,literature review,0.0916688018924311,1
N1P61,SEED_112,0,16,literature review,0.04763731112793226,1
N1P61,SEED_108,0,16,literature review,0.11699373395608792,1
N1P93,SEED_87,0,12,position paper,0.14276304721670452,1
N1P93,SEED_33,1,12,position paper,0.03666889624528128,1
N1P93,SEED_101,1,12,position paper,0.023490079101840138,1
N1P93,SEED_32,1,12,position paper,0.09735164776405995,1
N1P93,SEED_7,0,12,position paper,0.021341441722662596,1
N1P93,SEED_85,0,12,position paper,0.06585964077621878,1
N1P93,SEED_62,1,12,position paper,0.04784216452869475,1
N1P93,SEED_19,1,12,position paper,0.04109700523383222,1
N1P93,SEED_36,0,12,position paper,0.13828262665054547,1
N1P93,SEED_104,0,12,position paper,0.027022006506890947,1
N1P93,SEED_37,0,12,position paper,0.0916688018924311,1
N1P93,SEED_41,0,12,position paper,0.06663729499428636,1
N1P93,SEED_18,0,12,position paper,0.07930603337696131,1
N1P56,SEED_78,0,16,literature review,0.0228613868635909,1
N1P56,SEED_107,0,16,literature review,0.042538122034430435,1
N1P56,SEED_114,0,16,literature review,0.05371749025215298,1
N1P56,SEED_100,0,16,literature review,0.022251536993773687,1
N1P56,SEED_102,0,16,literature review,0.05485994308932408,1
N1P56,SEED_62,1,16,literature review,0.04784216452869475,1
N1P56,SEED_29,0,16,literature review,0.07042009300336129,1
N1P56,SEED_60,0,16,literature review,0.03900336059186124,1
N1P56,SEED_21,1,16,literature review,0.04332717025608329,1
N1P56,SEED_36,0,16,literature review,0.13828262665054547,1
N1P56,SEED_47,1,16,literature review,0.11197067729022589,1
N1P56,SEED_22,1,16,literature review,0.05799342396218755,1
N1P56,SEED_52,0,16,literature review,0.0773265984984997,1
N1P56,SEED_58,1,16,literature review,0.04043276523483182,1
N1P56,SEED_34,0,16,literature review,0.08548426810230766,1
N1P56,SEED_86,0,16,literature review,0.07467253707820579,1
N1P56,SEED_40,0,16,literature review,0.03616922310850126,1
N1P89,SEED_89,1,15,position paper,0.013011664337656105,1
N1P89,SEED_67,0,15,position paper,0.05032975495304677,1
N1P89,SEED_71,0,15,position paper,0.01920486060179593,1
N1P89,SEED_106,1,15,position paper,0.0396656199956952,1
N1P89,SEED_59,0,15,position paper,0.03537515898047227,1
N1P89,SEED_29,0,15,position paper,0.07042009300336129,1
N1P89,SEED_19,1,15,position paper,0.04109700523383222,1
N1P89,SEED_70,1,15,position paper,0.08172477101102746,1
N1P89,SEED_99,0,15,position paper,0.058671135460116444,1
N1P89,SEED_60,0,15,position paper,0.03900336059186124,1
N1P89,SEED_10,1,15,position paper,0.2599772228262205,1
N1P89,SEED_66,0,15,position paper,0.009691035124209286,1
N1P89,SEED_90,1,15,position paper,0.10168314958353901,1
N1P89,SEED_49,0,15,position paper,0.032768873721272004,1
N1P89,SEED_86,0,15,position paper,0.07467253707820579,1
N1P89,SEED_54,0,15,position paper,0.0252978715058926,1
N1P77,SEED_78,0,15,literature review,0.0228613868635909,1
N1P77,SEED_97,0,15,literature review,0.03609440995756307,1
N1P77,SEED_100,0,15,literature review,0.022251536993773687,1
N1P77,SEED_3,0,15,literature review,0.06798054115184436,1
N1P77,SEED_94,1,15,literature review,0.1502174121454999,1
N1P77,SEED_28,0,15,literature review,0.03690431206766,1
N1P77,SEED_105,0,15,literature review,0.024092964382771427,1
N1P77,SEED_62,1,15,literature review,0.04784216452869475,1
N1P77,SEED_53,1,15,literature review,0.08163751252417001,1
N1P77,SEED_109,0,15,literature review,0.08741121552597077,1
N1P77,SEED_14,1,15,literature review,0.029758165991292006,1
N1P77,SEED_77,1,15,literature review,0.09597717740914226,1
N1P77,SEED_35,0,15,literature review,0.053243975534267386,1
N1P77,SEED_91,0,15,literature review,0.037739388173408044,1
N1P77,SEED_74,0,15,literature review,0.045788952881914514,1
N1P77,SEED_86,0,15,literature review,0.07467253707820579,1
N1P64,SEED_42,0,12,position paper,0.051653349129091995,1
N1P64,SEED_33,1,12,position paper,0.03666889624528128,1
N1P64,SEED_88,1,12,position paper,0.0751324199578783,1
N1P64,SEED_100,0,12,position paper,0.022251536993773687,1
N1P64,SEED_71,0,12,position paper,0.01920486060179593,1
N1P64,SEED_79,0,12,position paper,0.1318500750967745,1
N1P64,SEED_65,1,12,position paper,0.09967558011174742,1
N1P64,SEED_62,1,12,position paper,0.04784216452869475,1
N1P64,SEED_117,0,12,position paper,0.058265813707136085,1
N1P64,SEED_70,0,12,position paper,0.08172477101102746,1
N1P64,SEED_53,1,12,position paper,0.08163751252417001,1
N1P64,SEED_49,0,12,position paper,0.032768873721272004,1
N1P64,SEED_111,0,12,position paper,0.04969971145347565,1
N1P75,SEED_89,0,14,position paper,0.013011664337656105,1
N1P75,SEED_16,0,14,position paper,0.06580490852851562,1
N1P75,SEED_100,0,14,position paper,0.022251536993773687,1
N1P75,SEED_73,1,14,position paper,0.09938073079147507,1
N1P75,SEED_12,0,14,position paper,0.06332329199540948,1
N1P75,SEED_9,0,14,position paper,0.05790057358028041,1
N1P75,SEED_65,1,14,position paper,0.09967558011174742,1
N1P75,SEED_70,0,14,position paper,0.08172477101102746,1
N1P75,SEED_72,0,14,position paper,0.07981472218677699,1
N1P75,SEED_109,0,14,position paper,0.08741121552597077,1
N1P75,SEED_53,1,14,position paper,0.08163751252417001,1
N1P75,SEED_6,1,14,position paper,0.03894507193462498,1
N1P75,SEED_66,0,14,position paper,0.009691035124209286,1
N1P75,SEED_108,1,14,position paper,0.11699373395608792,1
N1P75,SEED_90,0,14,position paper,0.10168314958353901,1
N1P8,SEED_43,0,13,literature review,0.05652341745969014,1
N1P8,SEED_45,0,13,literature review,0.04818303463809887,1
N1P8,SEED_7,0,13,literature review,0.021341441722662596,1
N1P8,SEED_51,0,13,literature review,0.09567458183955731,1
N1P8,SEED_19,1,13,literature review,0.04109700523383222,1
N1P8,SEED_68,0,13,literature review,0.022306762819201194,1
N1P8,SEED_63,1,13,literature review,0.04603307219547203,1
N1P8,SEED_36,1,13,literature review,0.13828262665054547,1
N1P8,SEED_8,1,13,literature review,0.06872182608709806,1
N1P8,SEED_41,0,13,literature review,0.06663729499428636,1
N1P8,SEED_46,0,13,literature review,0.027379269989798654,1
N1P8,SEED_76,0,13,literature review,0.02911097510188564,1
N1P8,SEED_27,1,13,literature review,0.1928425224241903,1
N1P8,SEED_118,0,13,literature review,0.03264322768755141,1
N1P73,SEED_89,0,10,literature review,0.013011664337656105,1
N1P73,SEED_87,0,10,literature review,0.14276304721670452,1
N1P73,SEED_50,0,10,literature review,0.07323859452802539,1
N1P73,SEED_32,1,10,literature review,0.09735164776405995,1
N1P73,SEED_0,1,10,literature review,0.03419115971424214,1
N1P73,SEED_7,0,10,literature review,0.021341441722662596,1
N1P73,SEED_29,0,10,literature review,0.07042009300336129,1
N1P73,SEED_35,0,10,literature review,0.053243975534267386,1
N1P73,SEED_34,0,10,literature review,0.08548426810230766,1
N1P73,SEED_111,0,10,literature review,0.04969971145347565,1
N1P73,SEED_118,1,10,literature review,0.03264322768755141,1
N1P10,SEED_87,1,16,position paper,0.14276304721670452,1
N1P10,SEED_97,0,16,position paper,0.03609440995756307,1
N1P10,SEED_26,0,16,position paper,0.07104261452564097,1
N1P10,SEED_75,0,16,position paper,0.004317454748062883,1
N1P10,SEED_45,1,16,position paper,0.04818303463809887,1
N1P10,SEED_31,1,16,position paper,0.033526494815073346,1
N1P10,SEED_79,0,16,position paper,0.1318500750967745,1
N1P10,SEED_106,0,16,position paper,0.0396656199956952,1
N1P10,SEED_0,1,16,position paper,0.03419115971424214,1
N1P10,SEED_54,0,16,position paper,0.0252978715058926,1
N1P10,SEED_72,1,16,position paper,0.07981472218677699,1
N1P10,SEED_66,0,16,position paper,0.009691035124209286,1
N1P10,SEED_35,0,16,position paper,0.053243975534267386,1
N1P10,SEED_52,0,16,position paper,0.0773265984984997,1
N1P10,SEED_108,1,16,position paper,0.11699373395608792,1
N1P10,SEED_41,0,16,position paper,0.06663729499428636,1
N1P10,SEED_76,0,16,position paper,0.02911097510188564,1
N1P52,SEED_107,0,12,position paper,0.042538122034430435,1
N1P52,SEED_61,1,12,position paper,0.059968033729275456,1
N1P52,SEED_83,0,12,position paper,0.052741438587646794,1
N1P52,SEED_78,0,12,position paper,0.0228613868635909,1
N1P52,SEED_73,0,12,position paper,0.09938073079147507,1
N1P52,SEED_15,1,12,position paper,0.12583525799894296,1
N1P52,SEED_85,1,12,position paper,0.06585964077621878,1
N1P52,SEED_4,1,12,position paper,0.10778007277480268,1
N1P52,SEED_29,0,12,position paper,0.07042009300336129,1
N1P52,SEED_60,0,12,position paper,0.03900336059186124,1
N1P52,SEED_104,0,12,position paper,0.027022006506890947,1
N1P52,SEED_93,0,12,position paper,0.06110953885154956,1
N1P52,SEED_35,0,12,position paper,0.053243975534267386,1
N1P44,SEED_97,0,13,literature review,0.03609440995756307,1
N1P44,SEED_45,1,13,literature review,0.04818303463809887,1
N1P44,SEED_31,1,13,literature review,0.033526494815073346,1
N1P44,SEED_73,1,13,literature review,0.09938073079147507,1
N1P44,SEED_24,0,13,literature review,0.06525103738400904,1
N1P44,SEED_7,0,13,literature review,0.021341441722662596,1
N1P44,SEED_102,0,13,literature review,0.05485994308932408,1
N1P44,SEED_63,0,13,literature review,0.04603307219547203,1
N1P44,SEED_5,0,13,literature review,0.04891575446422762,1
N1P44,SEED_52,0,13,literature review,0.0773265984984997,1
N1P44,SEED_34,0,13,literature review,0.08548426810230766,1
N1P44,SEED_46,0,13,literature review,0.027379269989798654,1
N1P44,SEED_80,1,13,literature review,0.05412529367962349,1
N1P44,SEED_76,0,13,literature review,0.02911097510188564,1
N1P96,SEED_64,1,12,literature review,0.07877200791990707,1
N1P96,SEED_87,0,12,literature review,0.14276304721670452,1
N1P96,SEED_75,0,12,literature review,0.004317454748062883,1
N1P96,SEED_94,1,12,literature review,0.1502174121454999,1
N1P96,SEED_0,1,12,literature review,0.03419115971424214,1
N1P96,SEED_95,0,12,literature review,0.18268931412556882,1
N1P96,SEED_51,1,12,literature review,0.09567458183955731,1
N1P96,SEED_113,0,12,literature review,0.03869600182636786,1
N1P96,SEED_17,1,12,literature review,0.029211956325465183,1
N1P96,SEED_2,0,12,literature review,0.12297460110382108,1
N1P96,SEED_93,0,12,literature review,0.06110953885154956,1
N1P96,SEED_74,0,12,literature review,0.045788952881914514,1
N1P96,SEED_76,0,12,literature review,0.02911097510188564,1
N1P33,SEED_33,1,15,position paper,0.03666889624528128,1
N1P33,SEED_114,0,15,position paper,0.05371749025215298,1
N1P33,SEED_83,0,15,position paper,0.052741438587646794,1
N1P33,SEED_26,0,15,position paper,0.07104261452564097,1
N1P33,SEED_88,1,15,position paper,0.0751324199578783,1
N1P33,SEED_67,0,15,position paper,0.05032975495304677,1
N1P33,SEED_31,1,15,position paper,0.033526494815073346,1
N1P33,SEED_32,1,15,position paper,0.09735164776405995,1
N1P33,SEED_0,1,15,position paper,0.03419115971424214,1
N1P33,SEED_105,0,15,position paper,0.024092964382771427,1
N1P33,SEED_38,0,15,position paper,0.061179792753602406,1
N1P33,SEED_60,0,15,position paper,0.03900336059186124,1
N1P33,SEED_21,1,15,position paper,0.04332717025608329,1
N1P33,SEED_37,0,15,position paper,0.0916688018924311,1
N1P33,SEED_90,0,15,position paper,0.10168314958353901,1
N1P33,SEED_58,1,15,position paper,0.04043276523483182,1
N1P28,SEED_48,1,15,position paper,0.029185376778173528,1
N1P28,SEED_83,0,15,position paper,0.052741438587646794,1
N1P28,SEED_97,0,15,position paper,0.03609440995756307,1
N1P28,SEED_50,0,15,position paper,0.07323859452802539,1
N1P28,SEED_31,1,15,position paper,0.033526494815073346,1
N1P28,SEED_28,1,15,position paper,0.03690431206766,1
N1P28,SEED_24,1,15,position paper,0.06525103738400904,1
N1P28,SEED_51,0,15,position paper,0.09567458183955731,1
N1P28,SEED_116,0,15,position paper,0.15216520399588473,1
N1P28,SEED_99,0,15,position paper,0.058671135460116444,1
N1P28,SEED_35,0,15,position paper,0.053243975534267386,1
N1P28,SEED_55,1,15,position paper,0.09584107046851154,1
N1P28,SEED_1,1,15,position paper,0.13141875515524984,1
N1P28,SEED_41,0,15,position paper,0.06663729499428636,1
N1P28,SEED_27,1,15,position paper,0.1928425224241903,1
N1P28,SEED_56,0,15,position paper,0.021739942781307576,1
N1P63,SEED_110,0,15,literature review,0.08655273033551042,1
N1P63,SEED_92,0,15,literature review,0.05106624582263099,1
N1P63,SEED_97,0,15,literature review,0.03609440995756307,1
N1P63,SEED_88,1,15,literature review,0.0751324199578783,1
N1P63,SEED_67,1,15,literature review,0.05032975495304677,1
N1P63,SEED_31,0,15,literature review,0.033526494815073346,1
N1P63,SEED_79,0,15,literature review,0.1318500750967745,1
N1P63,SEED_17,1,15,literature review,0.029211956325465183,1
N1P63,SEED_60,0,15,literature review,0.03900336059186124,1
N1P63,SEED_69,0,15,literature review,0.01686621307186654,1
N1P63,SEED_14,1,15,literature review,0.029758165991292006,1
N1P63,SEED_93,0,15,literature review,0.06110953885154956,1
N1P63,SEED_25,1,15,literature review,0.03134650983079614,1
N1P63,SEED_34,0,15,literature review,0.08548426810230766,1
N1P63,SEED_80,0,15,literature review,0.05412529367962349,1
N1P63,SEED_96,0,15,literature review,0.10358875368385743,1
N1P82,SEED_89,0,14,literature review,0.013011664337656105,1
N1P82,SEED_110,0,14,literature review,0.08655273033551042,1
N1P82,SEED_88,1,14,literature review,0.0751324199578783,1
N1P82,SEED_59,0,14,literature review,0.03537515898047227,1
N1P82,SEED_102,0,14,literature review,0.05485994308932408,1
N1P82,SEED_29,0,14,literature review,0.07042009300336129,1
N1P82,SEED_44,1,14,literature review,0.037266295783348585,1
N1P82,SEED_109,1,14,literature review,0.08741121552597077,1
N1P82,SEED_77,1,14,literature review,0.09597717740914226,1
N1P82,SEED_8,1,14,literature review,0.06872182608709806,1
N1P82,SEED_49,0,14,literature review,0.032768873721272004,1
N1P82,SEED_46,0,14,literature review,0.027379269989798654,1
N1P82,SEED_18,1,14,literature review,0.07930603337696131,1
N1P82,SEED_40,0,14,literature review,0.03616922310850126,1
N1P82,SEED_54,0,14,literature review,0.0252978715058926,1
N1P19,SEED_57,1,11,position paper,0.03673991558283747,1
N1P19,SEED_83,0,11,position paper,0.052741438587646794,1
N1P19,SEED_71,0,11,position paper,0.01920486060179593,1
N1P19,SEED_15,0,11,position paper,0.12583525799894296,1
N1P19,SEED_24,0,11,position paper,0.06525103738400904,1
N1P19,SEED_65,0,11,position paper,0.09967558011174742,1
N1P19,SEED_19,0,11,position paper,0.04109700523383222,1
N1P19,SEED_99,0,11,position paper,0.058671135460116444,1
N1P19,SEED_82,1,11,position paper,0.031946399533903824,1
N1P19,SEED_23,0,11,position paper,0.24419454417762076,1
N1P19,SEED_53,0,11,position paper,0.08163751252417001,1
N1P19,SEED_80,0,11,position paper,0.05412529367962349,1
N1P48,SEED_33,0,16,position paper,0.03666889624528128,1
N1P48,SEED_61,1,16,position paper,0.059968033729275456,1
N1P48,SEED_78,0,16,position paper,0.0228613868635909,1
N1P48,SEED_88,0,16,position paper,0.0751324199578783,1
N1P48,SEED_3,1,16,position paper,0.06798054115184436,1
N1P48,SEED_50,0,16,position paper,0.07323859452802539,1
N1P48,SEED_9,1,16,position paper,0.05790057358028041,1
N1P48,SEED_0,1,16,position paper,0.03419115971424214,1
N1P48,SEED_104,0,16,position paper,0.027022006506890947,1
N1P48,SEED_60,0,16,position paper,0.03900336059186124,1
N1P48,SEED_69,0,16,position paper,0.01686621307186654,1
N1P48,SEED_14,0,16,position paper,0.029758165991292006,1
N1P48,SEED_25,1,16,position paper,0.03134650983079614,1
N1P48,SEED_108,0,16,position paper,0.11699373395608792,1
N1P48,SEED_1,0,16,position paper,0.13141875515524984,1
N1P48,SEED_46,0,16,position paper,0.027379269989798654,1
N1P48,SEED_27,1,16,position paper,0.1928425224241903,1
N1P55,SEED_43,0,13,position paper,0.05652341745969014,1
N1P55,SEED_33,1,13,position paper,0.03666889624528128,1
N1P55,SEED_88,1,13,position paper,0.0751324199578783,1
N1P55,SEED_50,0,13,position paper,0.07323859452802539,1
N1P55,SEED_31,0,13,position paper,0.033526494815073346,1
N1P55,SEED_73,0,13,position paper,0.09938073079147507,1
N1P55,SEED_15,0,13,position paper,0.12583525799894296,1
N1P55,SEED_103,1,13,position paper,0.1317058804580309,1
N1P55,SEED_104,1,13,position paper,0.027022006506890947,1
N1P55,SEED_6,1,13,position paper,0.03894507193462498,1
N1P55,SEED_25,0,13,position paper,0.03134650983079614,1
N1P55,SEED_58,0,13,position paper,0.04043276523483182,1
N1P55,SEED_74,0,13,position paper,0.045788952881914514,1
N1P55,SEED_27,1,13,position paper,0.1928425224241903,1
N1P53,SEED_87,0,15,position paper,0.14276304721670452,1
N1P53,SEED_101,0,15,position paper,0.023490079101840138,1
N1P53,SEED_50,0,15,position paper,0.07323859452802539,1
N1P53,SEED_79,0,15,position paper,0.1318500750967745,1
N1P53,SEED_102,0,15,position paper,0.05485994308932408,1
N1P53,SEED_29,0,15,position paper,0.07042009300336129,1
N1P53,SEED_17,0,15,position paper,0.029211956325465183,1
N1P53,SEED_2,0,15,position paper,0.12297460110382108,1
N1P53,SEED_82,0,15,position paper,0.031946399533903824,1
N1P53,SEED_36,1,15,position paper,0.13828262665054547,1
N1P53,SEED_23,0,15,position paper,0.24419454417762076,1
N1P53,SEED_109,0,15,position paper,0.08741121552597077,1
N1P53,SEED_11,1,15,position paper,0.06461885091273475,1
N1P53,SEED_119,0,15,position paper,0.07263413180061329,1
N1P53,SEED_111,0,15,position paper,0.04969971145347565,1
N1P53,SEED_56,0,15,position paper,0.021739942781307576,1
N1P112,SEED_87,0,9,literature review,0.14276304721670452,1
N1P112,SEED_67,1,9,literature review,0.05032975495304677,1
N1P112,SEED_28,1,9,literature review,0.03690431206766,1
N1P112,SEED_15,1,9,literature review,0.12583525799894296,1
N1P112,SEED_65,1,9,literature review,0.09967558011174742,1
N1P112,SEED_51,1,9,literature review,0.09567458183955731,1
N1P112,SEED_68,0,9,literature review,0.022306762819201194,1
N1P112,SEED_82,1,9,literature review,0.031946399533903824,1
N1P112,SEED_25,0,9,literature review,0.03134650983079614,1
N1P112,SEED_27,1,9,literature review,0.1928425224241903,1
N1P70,SEED_110,1,17,position paper,0.08655273033551042,1
N1P70,SEED_78,0,17,position paper,0.0228613868635909,1
N1P70,SEED_88,1,17,position paper,0.0751324199578783,1
N1P70,SEED_50,0,17,position paper,0.07323859452802539,1
N1P70,SEED_73,1,17,position paper,0.09938073079147507,1
N1P70,SEED_65,0,17,position paper,0.09967558011174742,1
N1P70,SEED_105,0,17,position paper,0.024092964382771427,1
N1P70,SEED_85,1,17,position paper,0.06585964077621878,1
N1P70,SEED_116,0,17,position paper,0.15216520399588473,1
N1P70,SEED_117,0,17,position paper,0.058265813707136085,1
N1P70,SEED_2,0,17,position paper,0.12297460110382108,1
N1P70,SEED_8,0,17,position paper,0.06872182608709806,1
N1P70,SEED_37,0,17,position paper,0.0916688018924311,1
N1P70,SEED_90,0,17,position paper,0.10168314958353901,1
N1P70,SEED_58,1,17,position paper,0.04043276523483182,1
N1P70,SEED_49,0,17,position paper,0.032768873721272004,1
N1P70,SEED_27,1,17,position paper,0.1928425224241903,1
N1P70,SEED_13,1,17,position paper,0.030904771618012833,1
N1P111,SEED_42,0,14,literature review,0.051653349129091995,1
N1P111,SEED_94,1,14,literature review,0.1502174121454999,1
N1P111,SEED_71,0,14,literature review,0.01920486060179593,1
N1P111,SEED_79,0,14,literature review,0.1318500750967745,1
N1P111,SEED_51,1,14,literature review,0.09567458183955731,1
N1P111,SEED_104,1,14,literature review,0.027022006506890947,1
N1P111,SEED_115,1,14,literature review,0.02209761458825523,1
N1P111,SEED_69,0,14,literature review,0.01686621307186654,1
N1P111,SEED_22,1,14,literature review,0.05799342396218755,1
N1P111,SEED_11,0,14,literature review,0.06461885091273475,1
N1P111,SEED_25,0,14,literature review,0.03134650983079614,1
N1P111,SEED_37,1,14,literature review,0.0916688018924311,1
N1P111,SEED_49,0,14,literature review,0.032768873721272004,1
N1P111,SEED_40,0,14,literature review,0.03616922310850126,1
N1P111,SEED_56,0,14,literature review,0.021739942781307576,1
N1P100,SEED_57,1,14,literature review,0.03673991558283747,1
N1P100,SEED_26,0,14,literature review,0.07104261452564097,1
N1P100,SEED_50,0,14,literature review,0.07323859452802539,1
N1P100,SEED_0,1,14,literature review,0.03419115971424214,1
N1P100,SEED_65,0,14,literature review,0.09967558011174742,1
N1P100,SEED_51,0,14,literature review,0.09567458183955731,1
N1P100,SEED_81,1,14,literature review,0.035788322601505926,1
N1P100,SEED_68,0,14,literature review,0.022306762819201194,1
N1P100,SEED_82,1,14,literature review,0.031946399533903824,1
N1P100,SEED_115,0,14,literature review,0.02209761458825523,1
N1P100,SEED_53,0,14,literature review,0.08163751252417001,1
N1P100,SEED_109,0,14,literature review,0.08741121552597077,1
N1P100,SEED_77,1,14,literature review,0.09597717740914226,1
N1P100,SEED_58,1,14,literature review,0.04043276523483182,1
N1P100,SEED_74,0,14,literature review,0.045788952881914514,1
N1P35,SEED_89,1,14,position paper,0.013011664337656105,1
N1P35,SEED_48,1,14,position paper,0.029185376778173528,1
N1P35,SEED_107,1,14,position paper,0.042538122034430435,1
N1P35,SEED_97,0,14,position paper,0.03609440995756307,1
N1P35,SEED_100,0,14,position paper,0.022251536993773687,1
N1P35,SEED_38,0,14,position paper,0.061179792753602406,1
N1P35,SEED_44,1,14,position paper,0.037266295783348585,1
N1P35,SEED_99,1,14,position paper,0.058671135460116444,1
N1P35,SEED_63,0,14,position paper,0.04603307219547203,1
N1P35,SEED_90,1,14,position paper,0.10168314958353901,1
N1P35,SEED_34,0,14,position paper,0.08548426810230766,1
N1P35,SEED_41,0,14,position paper,0.06663729499428636,1
N1P35,SEED_80,0,14,position paper,0.05412529367962349,1
N1P35,SEED_54,0,14,position paper,0.0252978715058926,1
N1P35,SEED_118,1,14,position paper,0.03264322768755141,1
N1P68,SEED_87,0,18,literature review,0.14276304721670452,1
N1P68,SEED_107,0,18,literature review,0.042538122034430435,1
N1P68,SEED_61,1,18,literature review,0.059968033729275456,1
N1P68,SEED_50,0,18,literature review,0.07323859452802539,1
N1P68,SEED_106,0,18,literature review,0.0396656199956952,1
N1P68,SEED_0,1,18,literature review,0.03419115971424214,1
N1P68,SEED_85,1,18,literature review,0.06585964077621878,1
N1P68,SEED_4,0,18,literature review,0.10778007277480268,1
N1P68,SEED_19,1,18,literature review,0.04109700523383222,1
N1P68,SEED_117,0,18,literature review,0.058265813707136085,1
N1P68,SEED_63,1,18,literature review,0.04603307219547203,1
N1P68,SEED_82,0,18,literature review,0.031946399533903824,1
N1P68,SEED_109,0,18,literature review,0.08741121552597077,1
N1P68,SEED_35,0,18,literature review,0.053243975534267386,1
N1P68,SEED_112,0,18,literature review,0.04763731112793226,1
N1P68,SEED_1,0,18,literature review,0.13141875515524984,1
N1P68,SEED_20,1,18,literature review,0.029535688085893946,1
N1P68,SEED_46,1,18,literature review,0.027379269989798654,1
N1P68,SEED_40,0,18,literature review,0.03616922310850126,1
N1P116,SEED_48,1,12,literature review,0.029185376778173528,1
N1P116,SEED_78,0,12,literature review,0.0228613868635909,1
N1P116,SEED_100,0,12,literature review,0.022251536993773687,1
N1P116,SEED_32,1,12,literature review,0.09735164776405995,1
N1P116,SEED_79,0,12,literature review,0.1318500750967745,1
N1P116,SEED_106,1,12,literature review,0.0396656199956952,1
N1P116,SEED_51,1,12,literature review,0.09567458183955731,1
N1P116,SEED_39,0,12,literature review,0.03555690750708022,1
N1P116,SEED_103,1,12,literature review,0.1317058804580309,1
N1P116,SEED_38,0,12,literature review,0.061179792753602406,1
N1P116,SEED_53,1,12,literature review,0.08163751252417001,1
N1P116,SEED_91,0,12,literature review,0.037739388173408044,1
N1P116,SEED_90,0,12,literature review,0.10168314958353901,1
N1P0,SEED_43,1,15,position paper,0.05652341745969014,1
N1P0,SEED_33,1,15,position paper,0.03666889624528128,1
N1P0,SEED_31,1,15,position paper,0.033526494815073346,1
N1P0,SEED_51,0,15,position paper,0.09567458183955731,1
N1P0,SEED_68,0,15,position paper,0.022306762819201194,1
N1P0,SEED_70,1,15,position paper,0.08172477101102746,1
N1P0,SEED_5,0,15,position paper,0.04891575446422762,1
N1P0,SEED_36,1,15,position paper,0.13828262665054547,1
N1P0,SEED_115,0,15,position paper,0.02209761458825523,1
N1P0,SEED_72,0,15,position paper,0.07981472218677699,1
N1P0,SEED_77,0,15,position paper,0.09597717740914226,1
N1P0,SEED_37,0,15,position paper,0.0916688018924311,1
N1P0,SEED_108,1,15,position paper,0.11699373395608792,1
N1P0,SEED_90,0,15,position paper,0.10168314958353901,1
N1P0,SEED_49,0,15,position paper,0.032768873721272004,1
N1P0,SEED_18,1,15,position paper,0.07930603337696131,1
N1P40,SEED_64,1,22,position paper,0.07877200791990707,1
N1P40,SEED_89,0,22,position paper,0.013011664337656105,1
N1P40,SEED_87,0,22,position paper,0.14276304721670452,1
N1P40,SEED_16,0,22,position paper,0.06580490852851562,1
N1P40,SEED_48,1,22,position paper,0.029185376778173528,1
N1P40,SEED_26,0,22,position paper,0.07104261452564097,1
N1P40,SEED_3,1,22,position paper,0.06798054115184436,1
N1P40,SEED_24,0,22,position paper,0.06525103738400904,1
N1P40,SEED_7,0,22,position paper,0.021341441722662596,1
N1P40,SEED_113,0,22,position paper,0.03869600182636786,1
N1P40,SEED_81,1,22,position paper,0.035788322601505926,1
N1P40,SEED_102,0,22,position paper,0.05485994308932408,1
N1P40,SEED_116,0,22,position paper,0.15216520399588473,1
N1P40,SEED_117,0,22,position paper,0.058265813707136085,1
N1P40,SEED_99,0,22,position paper,0.058671135460116444,1
N1P40,SEED_60,1,22,position paper,0.03900336059186124,1
N1P40,SEED_93,0,22,position paper,0.06110953885154956,1
N1P40,SEED_119,0,22,position paper,0.07263413180061329,1
N1P40,SEED_52,0,22,position paper,0.0773265984984997,1
N1P40,SEED_112,0,22,position paper,0.04763731112793226,1
N1P40,SEED_58,1,22,position paper,0.04043276523483182,1
N1P40,SEED_34,0,22,position paper,0.08548426810230766,1
N1P40,SEED_74,0,22,position paper,0.045788952881914514,1
N1P86,SEED_57,1,18,position paper,0.03673991558283747,1
N1P86,SEED_61,1,18,position paper,0.059968033729275456,1
N1P86,SEED_97,0,18,position paper,0.03609440995756307,1
N1P86,SEED_26,1,18,position paper,0.07104261452564097,1
N1P86,SEED_101,0,18,position paper,0.023490079101840138,1
N1P86,SEED_50,0,18,position paper,0.07323859452802539,1
N1P86,SEED_12,0,18,position paper,0.06332329199540948,1
N1P86,SEED_24,1,18,position paper,0.06525103738400904,1
N1P86,SEED_39,0,18,position paper,0.03555690750708022,1
N1P86,SEED_81,0,18,position paper,0.035788322601505926,1
N1P86,SEED_102,0,18,position paper,0.05485994308932408,1
N1P86,SEED_68,0,18,position paper,0.022306762819201194,1
N1P86,SEED_99,0,18,position paper,0.058671135460116444,1
N1P86,SEED_118,1,18,position paper,0.03264322768755141,1
N1P86,SEED_66,0,18,position paper,0.009691035124209286,1
N1P86,SEED_11,0,18,position paper,0.06461885091273475,1
N1P86,SEED_112,0,18,position paper,0.04763731112793226,1
N1P86,SEED_58,0,18,position paper,0.04043276523483182,1
N1P86,SEED_56,0,18,position paper,0.021739942781307576,1
N1P16,SEED_33,0,14,position paper,0.03666889624528128,1
N1P16,SEED_83,0,14,position paper,0.052741438587646794,1
N1P16,SEED_71,0,14,position paper,0.01920486060179593,1
N1P16,SEED_65,1,14,position paper,0.09967558011174742,1
N1P16,SEED_59,0,14,position paper,0.03537515898047227,1
N1P16,SEED_62,1,14,position paper,0.04784216452869475,1
N1P16,SEED_2,0,14,position paper,0.12297460110382108,1
N1P16,SEED_104,0,14,position paper,0.027022006506890947,1
N1P16,SEED_77,1,14,position paper,0.09597717740914226,1
N1P16,SEED_6,1,14,position paper,0.03894507193462498,1
N1P16,SEED_91,1,14,position paper,0.037739388173408044,1
N1P16,SEED_112,0,14,position paper,0.04763731112793226,1
N1P16,SEED_49,0,14,position paper,0.032768873721272004,1
N1P16,SEED_111,1,14,position paper,0.04969971145347565,1
N1P16,SEED_18,1,14,position paper,0.07930603337696131,1
N1P51,SEED_50,0,11,literature review,0.07323859452802539,1
N1P51,SEED_31,0,11,literature review,0.033526494815073346,1
N1P51,SEED_32,1,11,literature review,0.09735164776405995,1
N1P51,SEED_65,1,11,literature review,0.09967558011174742,1
N1P51,SEED_105,0,11,literature review,0.024092964382771427,1
N1P51,SEED_99,1,11,literature review,0.058671135460116444,1
N1P51,SEED_63,0,11,literature review,0.04603307219547203,1
N1P51,SEED_21,1,11,literature review,0.04332717025608329,1
N1P51,SEED_115,1,11,literature review,0.02209761458825523,1
N1P51,SEED_23,1,11,literature review,0.24419454417762076,1
N1P51,SEED_20,1,11,literature review,0.029535688085893946,1
N1P51,SEED_56,0,11,literature review,0.021739942781307576,1
N1P114,SEED_33,1,12,literature review,0.03666889624528128,1
N1P114,SEED_101,1,12,literature review,0.023490079101840138,1
N1P114,SEED_9,1,12,literature review,0.05790057358028041,1
N1P114,SEED_79,0,12,literature review,0.1318500750967745,1
N1P114,SEED_85,0,12,literature review,0.06585964077621878,1
N1P114,SEED_4,0,12,literature review,0.10778007277480268,1
N1P114,SEED_82,0,12,literature review,0.031946399533903824,1
N1P114,SEED_23,1,12,literature review,0.24419454417762076,1
N1P114,SEED_72,0,12,literature review,0.07981472218677699,1
N1P114,SEED_109,0,12,literature review,0.08741121552597077,1
N1P114,SEED_84,0,12,literature review,0.07184420324302587,1
N1P114,SEED_1,0,12,literature review,0.13141875515524984,1
N1P114,SEED_27,1,12,literature review,0.1928425224241903,1
N1P1,SEED_57,1,9,literature review,0.03673991558283747,1
N1P1,SEED_75,1,9,literature review,0.004317454748062883,1
N1P1,SEED_73,1,9,literature review,0.09938073079147507,1
N1P1,SEED_65,1,9,literature review,0.09967558011174742,1
N1P1,SEED_104,1,9,literature review,0.027022006506890947,1
N1P1,SEED_47,0,9,literature review,0.11197067729022589,1
N1P1,SEED_72,0,9,literature review,0.07981472218677699,1
N1P1,SEED_58,1,9,literature review,0.04043276523483182,1
N1P1,SEED_111,1,9,literature review,0.04969971145347565,1
N1P1,SEED_74,0,9,literature review,0.045788952881914514,1
N1P71,SEED_64,0,13,literature review,0.07877200791990707,1
N1P71,SEED_12,0,13,literature review,0.06332329199540948,1
N1P71,SEED_59,1,13,literature review,0.03537515898047227,1
N1P71,SEED_39,0,13,literature review,0.03555690750708022,1
N1P71,SEED_30,1,13,literature review,0.045065154448624835,1
N1P71,SEED_5,0,13,literature review,0.04891575446422762,1
N1P71,SEED_23,1,13,literature review,0.24419454417762076,1
N1P71,SEED_53,1,13,literature review,0.08163751252417001,1
N1P71,SEED_66,0,13,literature review,0.009691035124209286,1
N1P71,SEED_112,0,13,literature review,0.04763731112793226,1
N1P71,SEED_108,1,13,literature review,0.11699373395608792,1
N1P71,SEED_74,1,13,literature review,0.045788952881914514,1
N1P71,SEED_27,1,13,literature review,0.1928425224241903,1
N1P71,SEED_40,0,13,literature review,0.03616922310850126,1
N1P79,SEED_110,0,18,literature review,0.08655273033551042,1
N1P79,SEED_16,0,18,literature review,0.06580490852851562,1
N1P79,SEED_114,0,18,literature review,0.05371749025215298,1
N1P79,SEED_100,0,18,literature review,0.022251536993773687,1
N1P79,SEED_67,0,18,literature review,0.05032975495304677,1
N1P79,SEED_15,1,18,literature review,0.12583525799894296,1
N1P79,SEED_79,0,18,literature review,0.1318500750967745,1
N1P79,SEED_44,1,18,literature review,0.037266295783348585,1
N1P79,SEED_104,0,18,literature review,0.027022006506890947,1
N1P79,SEED_69,0,18,literature review,0.01686621307186654,1
N1P79,SEED_47,0,18,literature review,0.11197067729022589,1
N1P79,SEED_66,0,18,literature review,0.009691035124209286,1
N1P79,SEED_11,1,18,literature review,0.06461885091273475,1
N1P79,SEED_84,0,18,literature review,0.07184420324302587,1
N1P79,SEED_35,0,18,literature review,0.053243975534267386,1
N1P79,SEED_49,0,18,literature review,0.032768873721272004,1
N1P79,SEED_18,0,18,literature review,0.07930603337696131,1
N1P79,SEED_54,0,18,literature review,0.0252978715058926,1
N1P79,SEED_118,1,18,literature review,0.03264322768755141,1
N1P98,SEED_64,0,12,position paper,0.07877200791990707,1
N1P98,SEED_87,0,12,position paper,0.14276304721670452,1
N1P98,SEED_94,1,12,position paper,0.1502174121454999,1
N1P98,SEED_73,1,12,position paper,0.09938073079147507,1
N1P98,SEED_81,0,12,position paper,0.035788322601505926,1
N1P98,SEED_70,1,12,position paper,0.08172477101102746,1
N1P98,SEED_104,1,12,position paper,0.027022006506890947,1
N1P98,SEED_36,1,12,position paper,0.13828262665054547,1
N1P98,SEED_72,0,12,position paper,0.07981472218677699,1
N1P98,SEED_53,1,12,position paper,0.08163751252417001,1
N1P98,SEED_35,0,12,position paper,0.053243975534267386,1
N1P98,SEED_80,0,12,position paper,0.05412529367962349,1
N1P98,SEED_56,0,12,position paper,0.021739942781307576,1
N1P105,SEED_43,0,16,literature review,0.05652341745969014,1
N1P105,SEED_92,0,16,literature review,0.05106624582263099,1
N1P105,SEED_107,0,16,literature review,0.042538122034430435,1
N1P105,SEED_83,0,16,literature review,0.052741438587646794,1
N1P105,SEED_65,1,16,literature review,0.09967558011174742,1
N1P105,SEED_113,0,16,literature review,0.03869600182636786,1
N1P105,SEED_38,0,16,literature review,0.061179792753602406,1
N1P105,SEED_29,0,16,literature review,0.07042009300336129,1
N1P105,SEED_21,1,16,literature review,0.04332717025608329,1
N1P105,SEED_115,0,16,literature review,0.02209761458825523,1
N1P105,SEED_72,1,16,literature review,0.07981472218677699,1
N1P105,SEED_11,1,16,literature review,0.06461885091273475,1
N1P105,SEED_35,0,16,literature review,0.053243975534267386,1
N1P105,SEED_91,0,16,literature review,0.037739388173408044,1
N1P105,SEED_55,1,16,literature review,0.09584107046851154,1
N1P105,SEED_27,1,16,literature review,0.1928425224241903,1
N1P105,SEED_40,0,16,literature review,0.03616922310850126,1
N1P39,SEED_89,0,16,position paper,0.013011664337656105,1
N1P39,SEED_78,0,16,position paper,0.0228613868635909,1
N1P39,SEED_26,0,16,position paper,0.07104261452564097,1
N1P39,SEED_105,0,16,position paper,0.024092964382771427,1
N1P39,SEED_7,0,16,position paper,0.021341441722662596,1
N1P39,SEED_113,0,16,position paper,0.03869600182636786,1
N1P39,SEED_4,0,16,position paper,0.10778007277480268,1
N1P39,SEED_19,1,16,position paper,0.04109700523383222,1
N1P39,SEED_68,0,16,position paper,0.022306762819201194,1
N1P39,SEED_82,1,16,position paper,0.031946399533903824,1
N1P39,SEED_104,1,16,position paper,0.027022006506890947,1
N1P39,SEED_21,0,16,position paper,0.04332717025608329,1
N1P39,SEED_109,1,16,position paper,0.08741121552597077,1
N1P39,SEED_119,0,16,position paper,0.07263413180061329,1
N1P39,SEED_90,0,16,position paper,0.10168314958353901,1
N1P39,SEED_58,0,16,position paper,0.04043276523483182,1
N1P39,SEED_40,0,16,position paper,0.03616922310850126,1
N1P58,SEED_43,0,13,position paper,0.05652341745969014,1
N1P58,SEED_87,1,13,position paper,0.14276304721670452,1
N1P58,SEED_107,0,13,position paper,0.042538122034430435,1
N1P58,SEED_97,0,13,position paper,0.03609440995756307,1
N1P58,SEED_59,0,13,position paper,0.03537515898047227,1
N1P58,SEED_51,1,13,position paper,0.09567458183955731,1
N1P58,SEED_36,0,13,position paper,0.13828262665054547,1
N1P58,SEED_60,0,13,position paper,0.03900336059186124,1
N1P58,SEED_10,1,13,position paper,0.2599772228262205,1
N1P58,SEED_47,0,13,position paper,0.11197067729022589,1
N1P58,SEED_14,1,13,position paper,0.029758165991292006,1
N1P58,SEED_6,1,13,position paper,0.03894507193462498,1
N1P58,SEED_108,1,13,position paper,0.11699373395608792,1
N1P58,SEED_41,0,13,position paper,0.06663729499428636,1
N1P3,SEED_92,0,15,literature review,0.05106624582263099,1
N1P3,SEED_107,0,15,literature review,0.042538122034430435,1
N1P3,SEED_97,0,15,literature review,0.03609440995756307,1
N1P3,SEED_83,0,15,literature review,0.052741438587646794,1
N1P3,SEED_67,0,15,literature review,0.05032975495304677,1
N1P3,SEED_32,1,15,literature review,0.09735164776405995,1
N1P3,SEED_51,0,15,literature review,0.09567458183955731,1
N1P3,SEED_39,0,15,literature review,0.03555690750708022,1
N1P3,SEED_14,1,15,literature review,0.029758165991292006,1
N1P3,SEED_25,1,15,literature review,0.03134650983079614,1
N1P3,SEED_119,0,15,literature review,0.07263413180061329,1
N1P3,SEED_84,0,15,literature review,0.07184420324302587,1
N1P3,SEED_1,1,15,literature review,0.13141875515524984,1
N1P3,SEED_58,0,15,literature review,0.04043276523483182,1
N1P3,SEED_20,0,15,literature review,0.029535688085893946,1
N1P3,SEED_27,1,15,literature review,0.1928425224241903,1
N1P42,SEED_64,1,15,literature review,0.07877200791990707,1
N1P42,SEED_98,1,15,literature review,0.011894667691759708,1
N1P42,SEED_75,0,15,literature review,0.004317454748062883,1
N1P42,SEED_45,0,15,literature review,0.04818303463809887,1
N1P42,SEED_50,0,15,literature review,0.07323859452802539,1
N1P42,SEED_9,0,15,literature review,0.05790057358028041,1
N1P42,SEED_105,0,15,literature review,0.024092964382771427,1
N1P42,SEED_95,1,15,literature review,0.18268931412556882,1
N1P42,SEED_62,0,15,literature review,0.04784216452869475,1
N1P42,SEED_2,0,15,literature review,0.12297460110382108,1
N1P42,SEED_115,0,15,literature review,0.02209761458825523,1
N1P42,SEED_6,1,15,literature review,0.03894507193462498,1
N1P42,SEED_11,0,15,literature review,0.06461885091273475,1
N1P42,SEED_22,0,15,literature review,0.05799342396218755,1
N1P42,SEED_41,0,15,literature review,0.06663729499428636,1
N1P42,SEED_118,1,15,literature review,0.03264322768755141,1
N1P60,SEED_64,0,17,literature review,0.07877200791990707,1
N1P60,SEED_42,1,17,literature review,0.051653349129091995,1
N1P60,SEED_33,0,17,literature review,0.03666889624528128,1
N1P60,SEED_101,0,17,literature review,0.023490079101840138,1
N1P60,SEED_9,0,17,literature review,0.05790057358028041,1
N1P60,SEED_105,0,17,literature review,0.024092964382771427,1
N1P60,SEED_51,1,17,literature review,0.09567458183955731,1
N1P60,SEED_113,0,17,literature review,0.03869600182636786,1
N1P60,SEED_27,1,17,literature review,0.1928425224241903,1
N1P60,SEED_36,1,17,literature review,0.13828262665054547,1
N1P60,SEED_69,0,17,literature review,0.01686621307186654,1
N1P60,SEED_77,1,17,literature review,0.09597717740914226,1
N1P60,SEED_66,0,17,literature review,0.009691035124209286,1
N1P60,SEED_90,1,17,literature review,0.10168314958353901,1
N1P60,SEED_49,0,17,literature review,0.032768873721272004,1
N1P60,SEED_41,0,17,literature review,0.06663729499428636,1
N1P60,SEED_74,0,17,literature review,0.045788952881914514,1
N1P60,SEED_18,0,17,literature review,0.07930603337696131,1
N1P99,SEED_64,1,14,literature review,0.07877200791990707,1
N1P99,SEED_42,0,14,literature review,0.051653349129091995,1
N1P99,SEED_100,0,14,literature review,0.022251536993773687,1
N1P99,SEED_3,1,14,literature review,0.06798054115184436,1
N1P99,SEED_28,0,14,literature review,0.03690431206766,1
N1P99,SEED_39,0,14,literature review,0.03555690750708022,1
N1P99,SEED_19,1,14,literature review,0.04109700523383222,1
N1P99,SEED_116,0,14,literature review,0.15216520399588473,1
N1P99,SEED_117,0,14,literature review,0.058265813707136085,1
N1P99,SEED_99,0,14,literature review,0.058671135460116444,1
N1P99,SEED_109,0,14,literature review,0.08741121552597077,1
N1P99,SEED_11,0,14,literature review,0.06461885091273475,1
N1P99,SEED_8,1,14,literature review,0.06872182608709806,1
N1P99,SEED_58,1,14,literature review,0.04043276523483182,1
N1P99,SEED_56,0,14,literature review,0.021739942781307576,1
N1P27,SEED_57,1,11,literature review,0.03673991558283747,1
N1P27,SEED_89,0,11,literature review,0.013011664337656105,1
N1P27,SEED_78,0,11,literature review,0.0228613868635909,1
N1P27,SEED_100,0,11,literature review,0.022251536993773687,1
N1P27,SEED_98,1,11,literature review,0.011894667691759708,1
N1P27,SEED_67,1,11,literature review,0.05032975495304677,1
N1P27,SEED_59,0,11,literature review,0.03537515898047227,1
N1P27,SEED_103,1,11,literature review,0.1317058804580309,1
N1P27,SEED_85,1,11,literature review,0.06585964077621878,1
N1P27,SEED_109,1,11,literature review,0.08741121552597077,1
N1P27,SEED_93,0,11,literature review,0.06110953885154956,1
N1P27,SEED_84,0,11,literature review,0.07184420324302587,1
N1P17,SEED_87,0,13,position paper,0.14276304721670452,1
N1P17,SEED_42,0,13,position paper,0.051653349129091995,1
N1P17,SEED_16,0,13,position paper,0.06580490852851562,1
N1P17,SEED_67,1,13,position paper,0.05032975495304677,1
N1P17,SEED_12,0,13,position paper,0.06332329199540948,1
N1P17,SEED_24,1,13,position paper,0.06525103738400904,1
N1P17,SEED_38,0,13,position paper,0.061179792753602406,1
N1P17,SEED_108,1,13,position paper,0.11699373395608792,1
N1P17,SEED_49,0,13,position paper,0.032768873721272004,1
N1P17,SEED_20,1,13,position paper,0.029535688085893946,1
N1P17,SEED_80,0,13,position paper,0.05412529367962349,1
N1P17,SEED_40,0,13,position paper,0.03616922310850126,1
N1P17,SEED_13,1,13,position paper,0.030904771618012833,1
N1P17,SEED_54,1,13,position paper,0.0252978715058926,1
N1P67,SEED_110,0,17,position paper,0.08655273033551042,1
N1P67,SEED_97,0,17,position paper,0.03609440995756307,1
N1P67,SEED_98,1,17,position paper,0.011894667691759708,1
N1P67,SEED_15,0,17,position paper,0.12583525799894296,1
N1P67,SEED_24,0,17,position paper,0.06525103738400904,1
N1P67,SEED_0,1,17,position paper,0.03419115971424214,1
N1P67,SEED_95,0,17,position paper,0.18268931412556882,1
N1P67,SEED_85,1,17,position paper,0.06585964077621878,1
N1P67,SEED_81,0,17,position paper,0.035788322601505926,1
N1P67,SEED_30,0,17,position paper,0.045065154448624835,1
N1P67,SEED_19,1,17,position paper,0.04109700523383222,1
N1P67,SEED_84,0,17,position paper,0.07184420324302587,1
N1P67,SEED_35,0,17,position paper,0.053243975534267386,1
N1P67,SEED_52,0,17,position paper,0.0773265984984997,1
N1P67,SEED_91,0,17,position paper,0.037739388173408044,1
N1P67,SEED_112,0,17,position paper,0.04763731112793226,1
N1P67,SEED_1,1,17,position paper,0.13141875515524984,1
N1P67,SEED_54,0,17,position paper,0.0252978715058926,1
N1P106,SEED_89,0,14,literature review,0.013011664337656105,1
N1P106,SEED_43,0,14,literature review,0.05652341745969014,1
N1P106,SEED_92,0,14,literature review,0.05106624582263099,1
N1P106,SEED_61,1,14,literature review,0.059968033729275456,1
N1P106,SEED_78,0,14,literature review,0.0228613868635909,1
N1P106,SEED_101,1,14,literature review,0.023490079101840138,1
N1P106,SEED_45,0,14,literature review,0.04818303463809887,1
N1P106,SEED_71,0,14,literature review,0.01920486060179593,1
N1P106,SEED_15,1,14,literature review,0.12583525799894296,1
N1P106,SEED_12,0,14,literature review,0.06332329199540948,1
N1P106,SEED_39,0,14,literature review,0.03555690750708022,1
N1P106,SEED_38,0,14,literature review,0.061179792753602406,1
N1P106,SEED_99,1,14,literature review,0.058671135460116444,1
N1P106,SEED_119,0,14,literature review,0.07263413180061329,1
N1P106,SEED_49,0,14,literature review,0.032768873721272004,1
N1P76,SEED_110,0,17,position paper,0.08655273033551042,1
N1P76,SEED_87,0,17,position paper,0.14276304721670452,1
N1P76,SEED_61,1,17,position paper,0.059968033729275456,1
N1P76,SEED_33,0,17,position paper,0.03666889624528128,1
N1P76,SEED_48,0,17,position paper,0.029185376778173528,1
N1P76,SEED_50,0,17,position paper,0.07323859452802539,1
N1P76,SEED_28,1,17,position paper,0.03690431206766,1
N1P76,SEED_95,0,17,position paper,0.18268931412556882,1
N1P76,SEED_59,0,17,position paper,0.03537515898047227,1
N1P76,SEED_4,0,17,position paper,0.10778007277480268,1
N1P76,SEED_99,0,17,position paper,0.058671135460116444,1
N1P76,SEED_36,0,17,position paper,0.13828262665054547,1
N1P76,SEED_72,0,17,position paper,0.07981472218677699,1
N1P76,SEED_109,1,17,position paper,0.08741121552597077,1
N1P76,SEED_119,0,17,position paper,0.07263413180061329,1
N1P76,SEED_35,0,17,position paper,0.053243975534267386,1
N1P76,SEED_108,1,17,position paper,0.11699373395608792,1
N1P76,SEED_27,1,17,position paper,0.1928425224241903,1
N1P104,SEED_16,0,13,position paper,0.06580490852851562,1
N1P104,SEED_75,0,13,position paper,0.004317454748062883,1
N1P104,SEED_28,0,13,position paper,0.03690431206766,1
N1P104,SEED_7,0,13,position paper,0.021341441722662596,1
N1P104,SEED_63,0,13,position paper,0.04603307219547203,1
N1P104,SEED_82,1,13,position paper,0.031946399533903824,1
N1P104,SEED_47,0,13,position paper,0.11197067729022589,1
N1P104,SEED_77,0,13,position paper,0.09597717740914226,1
N1P104,SEED_8,1,13,position paper,0.06872182608709806,1
N1P104,SEED_52,0,13,position paper,0.0773265984984997,1
N1P104,SEED_108,1,13,position paper,0.11699373395608792,1
N1P104,SEED_58,1,13,position paper,0.04043276523483182,1
N1P104,SEED_49,0,13,position paper,0.032768873721272004,1
N1P104,SEED_27,1,13,position paper,0.1928425224241903,1
N1P49,SEED_94,1,15,literature review,0.1502174121454999,1
N1P49,SEED_32,1,15,literature review,0.09735164776405995,1
N1P49,SEED_106,0,15,literature review,0.0396656199956952,1
N1P49,SEED_29,0,15,literature review,0.07042009300336129,1
N1P49,SEED_19,1,15,literature review,0.04109700523383222,1
N1P49,SEED_36,1,15,literature review,0.13828262665054547,1
N1P49,SEED_60,0,15,literature review,0.03900336059186124,1
N1P49,SEED_25,0,15,literature review,0.03134650983079614,1
N1P49,SEED_112,0,15,literature review,0.04763731112793226,1
N1P49,SEED_90,0,15,literature review,0.10168314958353901,1
N1P49,SEED_58,1,15,literature review,0.04043276523483182,1
N1P49,SEED_20,1,15,literature review,0.029535688085893946,1
N1P49,SEED_46,1,15,literature review,0.027379269989798654,1
N1P49,SEED_74,0,15,literature review,0.045788952881914514,1
N1P49,SEED_80,0,15,literature review,0.05412529367962349,1
N1P49,SEED_13,1,15,literature review,0.030904771618012833,1
N1P84,SEED_110,0,15,position paper,0.08655273033551042,1
N1P84,SEED_16,0,15,position paper,0.06580490852851562,1
N1P84,SEED_61,0,15,position paper,0.059968033729275456,1
N1P84,SEED_94,1,15,position paper,0.1502174121454999,1
N1P84,SEED_28,1,15,position paper,0.03690431206766,1
N1P84,SEED_9,1,15,position paper,0.05790057358028041,1
N1P84,SEED_95,0,15,position paper,0.18268931412556882,1
N1P84,SEED_39,0,15,position paper,0.03555690750708022,1
N1P84,SEED_62,1,15,position paper,0.04784216452869475,1
N1P84,SEED_2,0,15,position paper,0.12297460110382108,1
N1P84,SEED_36,1,15,position paper,0.13828262665054547,1
N1P84,SEED_72,0,15,position paper,0.07981472218677699,1
N1P84,SEED_119,0,15,position paper,0.07263413180061329,1
N1P84,SEED_55,1,15,position paper,0.09584107046851154,1
N1P84,SEED_108,1,15,position paper,0.11699373395608792,1
N1P84,SEED_40,0,15,position paper,0.03616922310850126,1
N1P34,SEED_33,1,14,position paper,0.03666889624528128,1
N1P34,SEED_75,1,14,position paper,0.004317454748062883,1
N1P34,SEED_15,0,14,position paper,0.12583525799894296,1
N1P34,SEED_32,1,14,position paper,0.09735164776405995,1
N1P34,SEED_24,0,14,position paper,0.06525103738400904,1
N1P34,SEED_102,0,14,position paper,0.05485994308932408,1
N1P34,SEED_36,0,14,position paper,0.13828262665054547,1
N1P34,SEED_60,0,14,position paper,0.03900336059186124,1
N1P34,SEED_109,1,14,position paper,0.08741121552597077,1
N1P34,SEED_66,0,14,position paper,0.009691035124209286,1
N1P34,SEED_55,1,14,position paper,0.09584107046851154,1
N1P34,SEED_108,1,14,position paper,0.11699373395608792,1
N1P34,SEED_1,1,14,position paper,0.13141875515524984,1
N1P34,SEED_34,0,14,position paper,0.08548426810230766,1
N1P34,SEED_118,0,14,position paper,0.03264322768755141,1
N1P38,SEED_114,0,9,literature review,0.05371749025215298,1
N1P38,SEED_83,0,9,literature review,0.052741438587646794,1
N1P38,SEED_75,1,9,literature review,0.004317454748062883,1
N1P38,SEED_51,1,9,literature review,0.09567458183955731,1
N1P38,SEED_59,0,9,literature review,0.03537515898047227,1
N1P38,SEED_17,0,9,literature review,0.029211956325465183,1
N1P38,SEED_60,0,9,literature review,0.03900336059186124,1
N1P38,SEED_14,1,9,literature review,0.029758165991292006,1
N1P38,SEED_58,0,9,literature review,0.04043276523483182,1
N1P38,SEED_86,0,9,literature review,0.07467253707820579,1
N1P23,SEED_57,1,13,literature review,0.03673991558283747,1
N1P23,SEED_87,0,13,literature review,0.14276304721670452,1
N1P23,SEED_50,0,13,literature review,0.07323859452802539,1
N1P23,SEED_105,0,13,literature review,0.024092964382771427,1
N1P23,SEED_95,0,13,literature review,0.18268931412556882,1
N1P23,SEED_7,0,13,literature review,0.021341441722662596,1
N1P23,SEED_68,1,13,literature review,0.022306762819201194,1
N1P23,SEED_70,1,13,literature review,0.08172477101102746,1
N1P23,SEED_99,1,13,literature review,0.058671135460116444,1
N1P23,SEED_10,1,13,literature review,0.2599772228262205,1
N1P23,SEED_23,0,13,literature review,0.24419454417762076,1
N1P23,SEED_77,1,13,literature review,0.09597717740914226,1
N1P23,SEED_8,0,13,literature review,0.06872182608709806,1
N1P23,SEED_112,0,13,literature review,0.04763731112793226,1
N1P97,SEED_33,0,15,position paper,0.03666889624528128,1
N1P97,SEED_98,1,15,position paper,0.011894667691759708,1
N1P97,SEED_31,1,15,position paper,0.033526494815073346,1
N1P97,SEED_65,0,15,position paper,0.09967558011174742,1
N1P97,SEED_59,0,15,position paper,0.03537515898047227,1
N1P97,SEED_85,1,15,position paper,0.06585964077621878,1
N1P97,SEED_30,0,15,position paper,0.045065154448624835,1
N1P97,SEED_29,0,15,position paper,0.07042009300336129,1
N1P97,SEED_68,0,15,position paper,0.022306762819201194,1
N1P97,SEED_82,0,15,position paper,0.031946399533903824,1
N1P97,SEED_104,1,15,position paper,0.027022006506890947,1
N1P97,SEED_41,0,15,position paper,0.06663729499428636,1
N1P97,SEED_80,0,15,position paper,0.05412529367962349,1
N1P97,SEED_46,0,15,position paper,0.027379269989798654,1
N1P97,SEED_27,1,15,position paper,0.1928425224241903,1
N1P97,SEED_40,0,15,position paper,0.03616922310850126,1
N1P57,SEED_64,0,19,position paper,0.07877200791990707,1
N1P57,SEED_43,0,19,position paper,0.05652341745969014,1
N1P57,SEED_42,0,19,position paper,0.051653349129091995,1
N1P57,SEED_61,1,19,position paper,0.059968033729275456,1
N1P57,SEED_45,0,19,position paper,0.04818303463809887,1
N1P57,SEED_50,0,19,position paper,0.07323859452802539,1
N1P57,SEED_15,0,19,position paper,0.12583525799894296,1
N1P57,SEED_113,0,19,position paper,0.03869600182636786,1
N1P57,SEED_27,1,19,position paper,0.1928425224241903,1
N1P57,SEED_17,0,19,position paper,0.029211956325465183,1
N1P57,SEED_5,0,19,position paper,0.04891575446422762,1
N1P57,SEED_60,0,19,position paper,0.03900336059186124,1
N1P57,SEED_72,0,19,position paper,0.07981472218677699,1
N1P57,SEED_109,0,19,position paper,0.08741121552597077,1
N1P57,SEED_119,1,19,position paper,0.07263413180061329,1
N1P57,SEED_52,0,19,position paper,0.0773265984984997,1
N1P57,SEED_55,1,19,position paper,0.09584107046851154,1
N1P57,SEED_1,0,19,position paper,0.13141875515524984,1
N1P57,SEED_74,0,19,position paper,0.045788952881914514,1
N1P57,SEED_18,0,19,position paper,0.07930603337696131,1
N1P118,SEED_64,0,15,literature review,0.07877200791990707,1
N1P118,SEED_42,0,15,literature review,0.051653349129091995,1
N1P118,SEED_43,0,15,literature review,0.05652341745969014,1
N1P118,SEED_78,0,15,literature review,0.0228613868635909,1
N1P118,SEED_88,1,15,literature review,0.0751324199578783,1
N1P118,SEED_100,0,15,literature review,0.022251536993773687,1
N1P118,SEED_67,1,15,literature review,0.05032975495304677,1
N1P118,SEED_71,0,15,literature review,0.01920486060179593,1
N1P118,SEED_12,0,15,literature review,0.06332329199540948,1
N1P118,SEED_81,1,15,literature review,0.035788322601505926,1
N1P118,SEED_5,0,15,literature review,0.04891575446422762,1
N1P118,SEED_84,0,15,literature review,0.07184420324302587,1
N1P118,SEED_55,1,15,literature review,0.09584107046851154,1
N1P118,SEED_58,1,15,literature review,0.04043276523483182,1
N1P118,SEED_49,0,15,literature review,0.032768873721272004,1
N1P118,SEED_54,0,15,literature review,0.0252978715058926,1
N1P25,SEED_57,0,19,position paper,0.03673991558283747,1
N1P25,SEED_64,0,19,position paper,0.07877200791990707,1
N1P25,SEED_89,0,19,position paper,0.013011664337656105,1
N1P25,SEED_16,0,19,position paper,0.06580490852851562,1
N1P25,SEED_100,0,19,position paper,0.022251536993773687,1
N1P25,SEED_3,1,19,position paper,0.06798054115184436,1
N1P25,SEED_9,1,19,position paper,0.05790057358028041,1
N1P25,SEED_32,1,19,position paper,0.09735164776405995,1
N1P25,SEED_13,0,19,position paper,0.030904771618012833,1
N1P25,SEED_62,0,19,position paper,0.04784216452869475,1
N1P25,SEED_5,0,19,position paper,0.04891575446422762,1
N1P25,SEED_36,1,19,position paper,0.13828262665054547,1
N1P25,SEED_21,0,19,position paper,0.04332717025608329,1
N1P25,SEED_118,1,19,position paper,0.03264322768755141,1
N1P25,SEED_10,0,19,position paper,0.2599772228262205,1
N1P25,SEED_104,0,19,position paper,0.027022006506890947,1
N1P25,SEED_55,1,19,position paper,0.09584107046851154,1
N1P25,SEED_46,0,19,position paper,0.027379269989798654,1
N1P25,SEED_74,0,19,position paper,0.045788952881914514,1
N1P25,SEED_56,0,19,position paper,0.021739942781307576,1
N1P18,SEED_16,0,13,position paper,0.06580490852851562,1
N1P18,SEED_114,0,13,position paper,0.05371749025215298,1
N1P18,SEED_75,1,13,position paper,0.004317454748062883,1
N1P18,SEED_45,1,13,position paper,0.04818303463809887,1
N1P18,SEED_103,1,13,position paper,0.1317058804580309,1
N1P18,SEED_85,0,13,position paper,0.06585964077621878,1
N1P18,SEED_68,0,13,position paper,0.022306762819201194,1
N1P18,SEED_99,0,13,position paper,0.058671135460116444,1
N1P18,SEED_82,0,13,position paper,0.031946399533903824,1
N1P18,SEED_60,0,13,position paper,0.03900336059186124,1
N1P18,SEED_77,1,13,position paper,0.09597717740914226,1
N1P18,SEED_14,1,13,position paper,0.029758165991292006,1
N1P18,SEED_8,0,13,position paper,0.06872182608709806,1
N1P18,SEED_119,0,13,position paper,0.07263413180061329,1
N1P102,SEED_57,1,13,literature review,0.03673991558283747,1
N1P102,SEED_110,0,13,literature review,0.08655273033551042,1
N1P102,SEED_73,1,13,literature review,0.09938073079147507,1
N1P102,SEED_59,0,13,literature review,0.03537515898047227,1
N1P102,SEED_17,1,13,literature review,0.029211956325465183,1
N1P102,SEED_115,1,13,literature review,0.02209761458825523,1
N1P102,SEED_69,0,13,literature review,0.01686621307186654,1
N1P102,SEED_84,0,13,literature review,0.07184420324302587,1
N1P102,SEED_52,1,13,literature review,0.0773265984984997,1
N1P102,SEED_35,1,13,literature review,0.053243975534267386,1
N1P102,SEED_41,0,13,literature review,0.06663729499428636,1
N1P102,SEED_80,0,13,literature review,0.05412529367962349,1
N1P102,SEED_76,0,13,literature review,0.02911097510188564,1
N1P102,SEED_18,0,13,literature review,0.07930603337696131,1
N1P6,SEED_42,0,11,literature review,0.051653349129091995,1
N1P6,SEED_114,1,11,literature review,0.05371749025215298,1
N1P6,SEED_9,1,11,literature review,0.05790057358028041,1
N1P6,SEED_95,1,11,literature review,0.18268931412556882,1
N1P6,SEED_39,0,11,literature review,0.03555690750708022,1
N1P6,SEED_103,1,11,literature review,0.1317058804580309,1
N1P6,SEED_36,1,11,literature review,0.13828262665054547,1
N1P6,SEED_37,1,11,literature review,0.0916688018924311,1
N1P6,SEED_90,1,11,literature review,0.10168314958353901,1
N1P6,SEED_74,0,11,literature review,0.045788952881914514,1
N1P6,SEED_96,0,11,literature review,0.10358875368385743,1
N1P6,SEED_18,1,11,literature review,0.07930603337696131,1
N1P32,SEED_87,0,13,literature review,0.14276304721670452,1
N1P32,SEED_48,1,13,literature review,0.029185376778173528,1
N1P32,SEED_79,0,13,literature review,0.1318500750967745,1
N1P32,SEED_105,0,13,literature review,0.024092964382771427,1
N1P32,SEED_95,0,13,literature review,0.18268931412556882,1
N1P32,SEED_44,1,13,literature review,0.037266295783348585,1
N1P32,SEED_68,1,13,literature review,0.022306762819201194,1
N1P32,SEED_47,1,13,literature review,0.11197067729022589,1
N1P32,SEED_119,0,13,literature review,0.07263413180061329,1
N1P32,SEED_112,0,13,literature review,0.04763731112793226,1
N1P32,SEED_108,1,13,literature review,0.11699373395608792,1
N1P32,SEED_34,0,13,literature review,0.08548426810230766,1
N1P32,SEED_13,0,13,literature review,0.030904771618012833,1
N1P32,SEED_54,0,13,literature review,0.0252978715058926,1
N1P43,SEED_57,1,15,literature review,0.03673991558283747,1
N1P43,SEED_89,0,15,literature review,0.013011664337656105,1
N1P43,SEED_45,1,15,literature review,0.04818303463809887,1
N1P43,SEED_28,0,15,literature review,0.03690431206766,1
N1P43,SEED_73,0,15,literature review,0.09938073079147507,1
N1P43,SEED_32,1,15,literature review,0.09735164776405995,1
N1P43,SEED_9,0,15,literature review,0.05790057358028041,1
N1P43,SEED_5,0,15,literature review,0.04891575446422762,1
N1P43,SEED_10,1,15,literature review,0.2599772228262205,1
N1P43,SEED_72,0,15,literature review,0.07981472218677699,1
N1P43,SEED_109,0,15,literature review,0.08741121552597077,1
N1P43,SEED_77,1,15,literature review,0.09597717740914226,1
N1P43,SEED_6,1,15,literature review,0.03894507193462498,1
N1P43,SEED_58,0,15,literature review,0.04043276523483182,1
N1P43,SEED_18,0,15,literature review,0.07930603337696131,1
N1P43,SEED_54,1,15,literature review,0.0252978715058926,1
N1P119,SEED_64,0,13,literature review,0.07877200791990707,1
N1P119,SEED_16,0,13,literature review,0.06580490852851562,1
N1P119,SEED_114,0,13,literature review,0.05371749025215298,1
N1P119,SEED_92,0,13,literature review,0.05106624582263099,1
N1P119,SEED_26,0,13,literature review,0.07104261452564097,1
N1P119,SEED_50,0,13,literature review,0.07323859452802539,1
N1P119,SEED_28,0,13,literature review,0.03690431206766,1
N1P119,SEED_106,0,13,literature review,0.0396656199956952,1
N1P119,SEED_51,1,13,literature review,0.09567458183955731,1
N1P119,SEED_59,1,13,literature review,0.03537515898047227,1
N1P119,SEED_70,0,13,literature review,0.08172477101102746,1
N1P119,SEED_117,0,13,literature review,0.058265813707136085,1
N1P119,SEED_52,0,13,literature review,0.0773265984984997,1
N1P119,SEED_18,0,13,literature review,0.07930603337696131,1
N1P103,SEED_43,1,17,literature review,0.05652341745969014,1
N1P103,SEED_33,1,17,literature review,0.03666889624528128,1
N1P103,SEED_42,0,17,literature review,0.051653349129091995,1
N1P103,SEED_78,1,17,literature review,0.0228613868635909,1
N1P103,SEED_61,1,17,literature review,0.059968033729275456,1
N1P103,SEED_107,0,17,literature review,0.042538122034430435,1
N1P103,SEED_75,0,17,literature review,0.004317454748062883,1
N1P103,SEED_67,0,17,literature review,0.05032975495304677,1
N1P103,SEED_94,1,17,literature review,0.1502174121454999,1
N1P103,SEED_102,0,17,literature review,0.05485994308932408,1
N1P103,SEED_116,0,17,literature review,0.15216520399588473,1
N1P103,SEED_11,0,17,literature review,0.06461885091273475,1
N1P103,SEED_84,0,17,literature review,0.07184420324302587,1
N1P103,SEED_35,0,17,literature review,0.053243975534267386,1
N1P103,SEED_90,0,17,literature review,0.10168314958353901,1
N1P103,SEED_41,0,17,literature review,0.06663729499428636,1
N1P103,SEED_74,0,17,literature review,0.045788952881914514,1
N1P103,SEED_86,0,17,literature review,0.07467253707820579,1
N1P83,SEED_16,0,16,literature review,0.06580490852851562,1
N1P83,SEED_114,0,16,literature review,0.05371749025215298,1
N1P83,SEED_78,0,16,literature review,0.0228613868635909,1
N1P83,SEED_71,0,16,literature review,0.01920486060179593,1
N1P83,SEED_31,0,16,literature review,0.033526494815073346,1
N1P83,SEED_73,1,16,literature review,0.09938073079147507,1
N1P83,SEED_51,0,16,literature review,0.09567458183955731,1
N1P83,SEED_59,0,16,literature review,0.03537515898047227,1
N1P83,SEED_62,0,16,literature review,0.04784216452869475,1
N1P83,SEED_82,0,16,literature review,0.031946399533903824,1
N1P83,SEED_23,0,16,literature review,0.24419454417762076,1
N1P83,SEED_115,1,16,literature review,0.02209761458825523,1
N1P83,SEED_69,0,16,literature review,0.01686621307186654,1
N1P83,SEED_77,1,16,literature review,0.09597717740914226,1
N1P83,SEED_25,1,16,literature review,0.03134650983079614,1
N1P83,SEED_112,1,16,literature review,0.04763731112793226,1
N1P83,SEED_58,0,16,literature review,0.04043276523483182,1
N1P107,SEED_45,0,16,position paper,0.04818303463809887,1
N1P107,SEED_94,1,16,position paper,0.1502174121454999,1
N1P107,SEED_71,0,16,position paper,0.01920486060179593,1
N1P107,SEED_31,1,16,position paper,0.033526494815073346,1
N1P107,SEED_15,1,16,position paper,0.12583525799894296,1
N1P107,SEED_106,1,16,position paper,0.0396656199956952,1
N1P107,SEED_0,1,16,position paper,0.03419115971424214,1
N1P107,SEED_103,1,16,position paper,0.1317058804580309,1
N1P107,SEED_4,0,16,position paper,0.10778007277480268,1
N1P107,SEED_19,0,16,position paper,0.04109700523383222,1
N1P107,SEED_60,1,16,position paper,0.03900336059186124,1
N1P107,SEED_21,0,16,position paper,0.04332717025608329,1
N1P107,SEED_55,1,16,position paper,0.09584107046851154,1
N1P107,SEED_112,0,16,position paper,0.04763731112793226,1
N1P107,SEED_58,0,16,position paper,0.04043276523483182,1
N1P107,SEED_111,0,16,position paper,0.04969971145347565,1
N1P107,SEED_86,0,16,position paper,0.07467253707820579,1
N1P36,SEED_100,0,10,literature review,0.022251536993773687,1
N1P36,SEED_71,0,10,literature review,0.01920486060179593,1
N1P36,SEED_95,0,10,literature review,0.18268931412556882,1
N1P36,SEED_38,0,10,literature review,0.061179792753602406,1
N1P36,SEED_36,1,10,literature review,0.13828262665054547,1
N1P36,SEED_23,0,10,literature review,0.24419454417762076,1
N1P36,SEED_109,1,10,literature review,0.08741121552597077,1
N1P36,SEED_84,0,10,literature review,0.07184420324302587,1
N1P36,SEED_37,1,10,literature review,0.0916688018924311,1
N1P36,SEED_111,0,10,literature review,0.04969971145347565,1
N1P36,SEED_40,0,10,literature review,0.03616922310850126,1
N1P74,SEED_42,0,13,position paper,0.051653349129091995,1
N1P74,SEED_92,1,13,position paper,0.05106624582263099,1
N1P74,SEED_110,0,13,position paper,0.08655273033551042,1
N1P74,SEED_101,0,13,position paper,0.023490079101840138,1
N1P74,SEED_45,0,13,position paper,0.04818303463809887,1
N1P74,SEED_116,0,13,position paper,0.15216520399588473,1
N1P74,SEED_115,0,13,position paper,0.02209761458825523,1
N1P74,SEED_109,0,13,position paper,0.08741121552597077,1
N1P74,SEED_8,1,13,position paper,0.06872182608709806,1
N1P74,SEED_84,0,13,position paper,0.07184420324302587,1
N1P74,SEED_34,0,13,position paper,0.08548426810230766,1
N1P74,SEED_20,1,13,position paper,0.029535688085893946,1
N1P74,SEED_111,0,13,position paper,0.04969971145347565,1
N1P74,SEED_74,0,13,position paper,0.045788952881914514,1
N1P59,SEED_67,0,12,literature review,0.05032975495304677,1
N1P59,SEED_106,0,12,literature review,0.0396656199956952,1
N1P59,SEED_113,0,12,literature review,0.03869600182636786,1
N1P59,SEED_81,0,12,literature review,0.035788322601505926,1
N1P59,SEED_102,0,12,literature review,0.05485994308932408,1
N1P59,SEED_115,0,12,literature review,0.02209761458825523,1
N1P59,SEED_6,1,12,literature review,0.03894507193462498,1
N1P59,SEED_22,1,12,literature review,0.05799342396218755,1
N1P59,SEED_111,0,12,literature review,0.04969971145347565,1
N1P59,SEED_41,0,12,literature review,0.06663729499428636,1
N1P59,SEED_76,0,12,literature review,0.02911097510188564,1
N1P59,SEED_40,0,12,literature review,0.03616922310850126,1
N1P59,SEED_118,0,12,literature review,0.03264322768755141,1
N1P24,SEED_57,1,15,literature review,0.03673991558283747,1
N1P24,SEED_67,1,15,literature review,0.05032975495304677,1
N1P24,SEED_28,0,15,literature review,0.03690431206766,1
N1P24,SEED_79,0,15,literature review,0.1318500750967745,1
N1P24,SEED_32,1,15,literature review,0.09735164776405995,1
N1P24,SEED_51,0,15,literature review,0.09567458183955731,1
N1P24,SEED_117,0,15,literature review,0.058265813707136085,1
N1P24,SEED_63,1,15,literature review,0.04603307219547203,1
N1P24,SEED_5,0,15,literature review,0.04891575446422762,1
N1P24,SEED_69,0,15,literature review,0.01686621307186654,1
N1P24,SEED_53,1,15,literature review,0.08163751252417001,1
N1P24,SEED_111,0,15,literature review,0.04969971145347565,1
N1P24,SEED_96,0,15,literature review,0.10358875368385743,1
N1P24,SEED_18,1,15,literature review,0.07930603337696131,1
N1P24,SEED_40,1,15,literature review,0.03616922310850126,1
N1P24,SEED_54,0,15,literature review,0.0252978715058926,1
N1P45,SEED_87,0,18,literature review,0.14276304721670452,1
N1P45,SEED_107,0,18,literature review,0.042538122034430435,1
N1P45,SEED_78,0,18,literature review,0.0228613868635909,1
N1P45,SEED_88,1,18,literature review,0.0751324199578783,1
N1P45,SEED_3,1,18,literature review,0.06798054115184436,1
N1P45,SEED_12,0,18,literature review,0.06332329199540948,1
N1P45,SEED_32,1,18,literature review,0.09735164776405995,1
N1P45,SEED_95,0,18,literature review,0.18268931412556882,1
N1P45,SEED_51,0,18,literature review,0.09567458183955731,1
N1P45,SEED_18,0,18,literature review,0.07930603337696131,1
N1P45,SEED_4,0,18,literature review,0.10778007277480268,1
N1P45,SEED_21,1,18,literature review,0.04332717025608329,1
N1P45,SEED_84,0,18,literature review,0.07184420324302587,1
N1P45,SEED_91,0,18,literature review,0.037739388173408044,1
N1P45,SEED_112,0,18,literature review,0.04763731112793226,1
N1P45,SEED_49,0,18,literature review,0.032768873721272004,1
N1P45,SEED_20,1,18,literature review,0.029535688085893946,1
N1P45,SEED_86,0,18,literature review,0.07467253707820579,1
N1P45,SEED_13,0,18,literature review,0.030904771618012833,1
N1P9,SEED_42,0,13,position paper,0.051653349129091995,1
N1P9,SEED_114,0,13,position paper,0.05371749025215298,1
N1P9,SEED_83,0,13,position paper,0.052741438587646794,1
N1P9,SEED_26,1,13,position paper,0.07104261452564097,1
N1P9,SEED_100,0,13,position paper,0.022251536993773687,1
N1P9,SEED_71,0,13,position paper,0.01920486060179593,1
N1P9,SEED_103,1,13,position paper,0.1317058804580309,1
N1P9,SEED_85,0,13,position paper,0.06585964077621878,1
N1P9,SEED_116,0,13,position paper,0.15216520399588473,1
N1P9,SEED_82,0,13,position paper,0.031946399533903824,1
N1P9,SEED_60,0,13,position paper,0.03900336059186124,1
N1P9,SEED_115,0,13,position paper,0.02209761458825523,1
N1P9,SEED_74,0,13,position paper,0.045788952881914514,1
N1P9,SEED_96,0,13,position paper,0.10358875368385743,1
N1P2,SEED_33,0,13,literature review,0.03666889624528128,1
N1P2,SEED_75,0,13,literature review,0.004317454748062883,1
N1P2,SEED_3,1,13,literature review,0.06798054115184436,1
N1P2,SEED_65,0,13,literature review,0.09967558011174742,1
N1P2,SEED_62,1,13,literature review,0.04784216452869475,1
N1P2,SEED_23,0,13,literature review,0.24419454417762076,1
N1P2,SEED_60,0,13,literature review,0.03900336059186124,1
N1P2,SEED_47,0,13,literature review,0.11197067729022589,1
N1P2,SEED_11,0,13,literature review,0.06461885091273475,1
N1P2,SEED_55,1,13,literature review,0.09584107046851154,1
N1P2,SEED_90,0,13,literature review,0.10168314958353901,1
N1P2,SEED_111,0,13,literature review,0.04969971145347565,1
N1P2,SEED_96,0,13,literature review,0.10358875368385743,1
N1P2,SEED_118,1,13,literature review,0.03264322768755141,1
N1P113,SEED_16,0,12,literature review,0.06580490852851562,1
N1P113,SEED_97,0,12,literature review,0.03609440995756307,1
N1P113,SEED_88,1,12,literature review,0.0751324199578783,1
N1P113,SEED_3,1,12,literature review,0.06798054115184436,1
N1P113,SEED_28,0,12,literature review,0.03690431206766,1
N1P113,SEED_59,1,12,literature review,0.03537515898047227,1
N1P113,SEED_44,1,12,literature review,0.037266295783348585,1
N1P113,SEED_99,1,12,literature review,0.058671135460116444,1
N1P113,SEED_63,0,12,literature review,0.04603307219547203,1
N1P113,SEED_2,0,12,literature review,0.12297460110382108,1
N1P113,SEED_5,0,12,literature review,0.04891575446422762,1
N1P113,SEED_36,1,12,literature review,0.13828262665054547,1
N1P113,SEED_25,1,12,literature review,0.03134650983079614,1
N1P5,SEED_64,0,15,position paper,0.07877200791990707,1
N1P5,SEED_98,1,15,position paper,0.011894667691759708,1
N1P5,SEED_28,0,15,position paper,0.03690431206766,1
N1P5,SEED_9,0,15,position paper,0.05790057358028041,1
N1P5,SEED_81,0,15,position paper,0.035788322601505926,1
N1P5,SEED_19,0,15,position paper,0.04109700523383222,1
N1P5,SEED_2,0,15,position paper,0.12297460110382108,1
N1P5,SEED_36,1,15,position paper,0.13828262665054547,1
N1P5,SEED_118,0,15,position paper,0.03264322768755141,1
N1P5,SEED_72,0,15,position paper,0.07981472218677699,1
N1P5,SEED_14,1,15,position paper,0.029758165991292006,1
N1P5,SEED_35,0,15,position paper,0.053243975534267386,1
N1P5,SEED_20,1,15,position paper,0.029535688085893946,1
N1P5,SEED_74,0,15,position paper,0.045788952881914514,1
N1P5,SEED_96,1,15,position paper,0.10358875368385743,1
N1P5,SEED_56,0,15,position paper,0.021739942781307576,1
N1P21,SEED_16,0,10,position paper,0.06580490852851562,1
N1P21,SEED_88,0,10,position paper,0.0751324199578783,1
N1P21,SEED_75,0,10,position paper,0.004317454748062883,1
N1P21,SEED_73,1,10,position paper,0.09938073079147507,1
N1P21,SEED_95,1,10,position paper,0.18268931412556882,1
N1P21,SEED_85,1,10,position paper,0.06585964077621878,1
N1P21,SEED_99,0,10,position paper,0.058671135460116444,1
N1P21,SEED_6,1,10,position paper,0.03894507193462498,1
N1P21,SEED_90,1,10,position paper,0.10168314958353901,1
N1P21,SEED_111,0,10,position paper,0.04969971145347565,1
N1P21,SEED_74,0,10,position paper,0.045788952881914514,1
N1P14,SEED_42,0,11,literature review,0.051653349129091995,1
N1P14,SEED_110,0,11,literature review,0.08655273033551042,1
N1P14,SEED_101,0,11,literature review,0.023490079101840138,1
N1P14,SEED_67,1,11,literature review,0.05032975495304677,1
N1P14,SEED_95,1,11,literature review,0.18268931412556882,1
N1P14,SEED_18,0,11,literature review,0.07930603337696131,1
N1P14,SEED_2,0,11,literature review,0.12297460110382108,1
N1P14,SEED_21,1,11,literature review,0.04332717025608329,1
N1P14,SEED_6,0,11,literature review,0.03894507193462498,1
N1P14,SEED_25,1,11,literature review,0.03134650983079614,1
N1P14,SEED_108,1,11,literature review,0.11699373395608792,1
N1P14,SEED_86,0,11,literature review,0.07467253707820579,1
N1P95,SEED_64,1,15,literature review,0.07877200791990707,1
N1P95,SEED_48,0,15,literature review,0.029185376778173528,1
N1P95,SEED_61,1,15,literature review,0.059968033729275456,1
N1P95,SEED_94,1,15,literature review,0.1502174121454999,1
N1P95,SEED_79,0,15,literature review,0.1318500750967745,1
N1P95,SEED_113,0,15,literature review,0.03869600182636786,1
N1P95,SEED_39,1,15,literature review,0.03555690750708022,1
N1P95,SEED_81,0,15,literature review,0.035788322601505926,1
N1P95,SEED_38,0,15,literature review,0.061179792753602406,1
N1P95,SEED_17,0,15,literature review,0.029211956325465183,1
N1P95,SEED_2,0,15,literature review,0.12297460110382108,1
N1P95,SEED_23,0,15,literature review,0.24419454417762076,1
N1P95,SEED_69,1,15,literature review,0.01686621307186654,1
N1P95,SEED_10,0,15,literature review,0.2599772228262205,1
N1P95,SEED_6,1,15,literature review,0.03894507193462498,1
N1P95,SEED_119,0,15,literature review,0.07263413180061329,1
N1P65,SEED_64,0,12,literature review,0.07877200791990707,1
N1P65,SEED_89,0,12,literature review,0.013011664337656105,1
N1P65,SEED_110,0,12,literature review,0.08655273033551042,1
N1P65,SEED_87,0,12,literature review,0.14276304721670452,1
N1P65,SEED_100,0,12,literature review,0.022251536993773687,1
N1P65,SEED_65,1,12,literature review,0.09967558011174742,1
N1P65,SEED_105,0,12,literature review,0.024092964382771427,1
N1P65,SEED_103,1,12,literature review,0.1317058804580309,1
N1P65,SEED_81,1,12,literature review,0.035788322601505926,1
N1P65,SEED_117,0,12,literature review,0.058265813707136085,1
N1P65,SEED_55,1,12,literature review,0.09584107046851154,1
N1P65,SEED_108,1,12,literature review,0.11699373395608792,1
N1P65,SEED_74,0,12,literature review,0.045788952881914514,1
N1P22,SEED_43,0,11,literature review,0.05652341745969014,1
N1P22,SEED_16,0,11,literature review,0.06580490852851562,1
N1P22,SEED_81,1,11,literature review,0.035788322601505926,1
N1P22,SEED_17,0,11,literature review,0.029211956325465183,1
N1P22,SEED_117,0,11,literature review,0.058265813707136085,1
N1P22,SEED_63,1,11,literature review,0.04603307219547203,1
N1P22,SEED_5,0,11,literature review,0.04891575446422762,1
N1P22,SEED_66,0,11,literature review,0.009691035124209286,1
N1P22,SEED_52,0,11,literature review,0.0773265984984997,1
N1P22,SEED_91,0,11,literature review,0.037739388173408044,1
N1P22,SEED_46,1,11,literature review,0.027379269989798654,1
N1P22,SEED_18,0,11,literature review,0.07930603337696131,1
N1P31,SEED_87,0,17,literature review,0.14276304721670452,1
N1P31,SEED_16,0,17,literature review,0.06580490852851562,1
N1P31,SEED_107,1,17,literature review,0.042538122034430435,1
N1P31,SEED_61,1,17,literature review,0.059968033729275456,1
N1P31,SEED_75,1,17,literature review,0.004317454748062883,1
N1P31,SEED_45,0,17,literature review,0.04818303463809887,1
N1P31,SEED_0,1,17,literature review,0.03419115971424214,1
N1P31,SEED_95,0,17,literature review,0.18268931412556882,1
N1P31,SEED_4,0,17,literature review,0.10778007277480268,1
N1P31,SEED_115,0,17,literature review,0.02209761458825523,1
N1P31,SEED_84,0,17,literature review,0.07184420324302587,1
N1P31,SEED_52,0,17,literature review,0.0773265984984997,1
N1P31,SEED_58,0,17,literature review,0.04043276523483182,1
N1P31,SEED_34,0,17,literature review,0.08548426810230766,1
N1P31,SEED_80,0,17,literature review,0.05412529367962349,1
N1P31,SEED_76,0,17,literature review,0.02911097510188564,1
N1P31,SEED_40,0,17,literature review,0.03616922310850126,1
N1P31,SEED_56,0,17,literature review,0.021739942781307576,1
N1P87,SEED_88,1,17,literature review,0.0751324199578783,1
N1P87,SEED_45,0,17,literature review,0.04818303463809887,1
N1P87,SEED_28,0,17,literature review,0.03690431206766,1
N1P87,SEED_9,1,17,literature review,0.05790057358028041,1
N1P87,SEED_7,0,17,literature review,0.021341441722662596,1
N1P87,SEED_59,0,17,literature review,0.03537515898047227,1
N1P87,SEED_44,1,17,literature review,0.037266295783348585,1
N1P87,SEED_63,0,17,literature review,0.04603307219547203,1
N1P87,SEED_2,0,17,literature review,0.12297460110382108,1
N1P87,SEED_82,0,17,literature review,0.031946399533903824,1
N1P87,SEED_72,0,17,literature review,0.07981472218677699,1
N1P87,SEED_53,1,17,literature review,0.08163751252417001,1
N1P87,SEED_77,1,17,literature review,0.09597717740914226,1
N1P87,SEED_93,0,17,literature review,0.06110953885154956,1
N1P87,SEED_91,0,17,literature review,0.037739388173408044,1
N1P87,SEED_108,1,17,literature review,0.11699373395608792,1
N1P87,SEED_74,0,17,literature review,0.045788952881914514,1
N1P87,SEED_18,0,17,literature review,0.07930603337696131,1
N1P108,SEED_64,0,15,position paper,0.07877200791990707,1
N1P108,SEED_87,0,15,position paper,0.14276304721670452,1
N1P108,SEED_78,1,15,position paper,0.0228613868635909,1
N1P108,SEED_83,0,15,position paper,0.052741438587646794,1
N1P108,SEED_105,0,15,position paper,0.024092964382771427,1
N1P108,SEED_102,0,15,position paper,0.05485994308932408,1
N1P108,SEED_44,1,15,position paper,0.037266295783348585,1
N1P108,SEED_63,0,15,position paper,0.04603307219547203,1
N1P108,SEED_2,0,15,position paper,0.12297460110382108,1
N1P108,SEED_109,0,15,position paper,0.08741121552597077,1
N1P108,SEED_66,0,15,position paper,0.009691035124209286,1
N1P108,SEED_25,1,15,position paper,0.03134650983079614,1
N1P108,SEED_84,0,15,position paper,0.07184420324302587,1
N1P108,SEED_46,1,15,position paper,0.027379269989798654,1
N1P108,SEED_40,1,15,position paper,0.03616922310850126,1
N1P108,SEED_56,0,15,position paper,0.021739942781307576,1
N1P46,SEED_114,0,16,literature review,0.05371749025215298,1
N1P46,SEED_107,0,16,literature review,0.042538122034430435,1
N1P46,SEED_75,0,16,literature review,0.004317454748062883,1
N1P46,SEED_45,0,16,literature review,0.04818303463809887,1
N1P46,SEED_15,1,16,literature review,0.12583525799894296,1
N1P46,SEED_12,0,16,literature review,0.06332329199540948,1
N1P46,SEED_105,0,16,literature review,0.024092964382771427,1
N1P46,SEED_7,0,16,literature review,0.021341441722662596,1
N1P46,SEED_2,0,16,literature review,0.12297460110382108,1
N1P46,SEED_82,0,16,literature review,0.031946399533903824,1
N1P46,SEED_36,1,16,literature review,0.13828262665054547,1
N1P46,SEED_84,0,16,literature review,0.07184420324302587,1
N1P46,SEED_52,0,16,literature review,0.0773265984984997,1
N1P46,SEED_80,0,16,literature review,0.05412529367962349,1
N1P46,SEED_27,1,16,literature review,0.1928425224241903,1
N1P46,SEED_13,1,16,literature review,0.030904771618012833,1
N1P46,SEED_118,1,16,literature review,0.03264322768755141,1
N2P93,SEED_71,0,10,position paper,0.01920486060179593,2
N2P93,SEED_12,0,10,position paper,0.06332329199540948,2
N2P93,SEED_62,1,10,position paper,0.04784216452869475,2
N2P93,SEED_23,1,10,position paper,0.24419454417762076,2
N2P93,SEED_72,0,10,position paper,0.07981472218677699,2
N2P93,SEED_66,0,10,position paper,0.009691035124209286,2
N2P93,SEED_22,1,10,position paper,0.05799342396218755,2
N2P93,SEED_52,0,10,position paper,0.0773265984984997,2
N2P93,SEED_37,1,10,position paper,0.0916688018924311,2
N2P93,SEED_91,0,10,position paper,0.037739388173408044,2
N2P93,SEED_34,0,10,position paper,0.08548426810230766,2
N2P113,SEED_107,0,11,position paper,0.042538122034430435,2
N2P113,SEED_85,0,11,position paper,0.06585964077621878,2
N2P113,SEED_29,0,11,position paper,0.07042009300336129,2
N2P113,SEED_23,1,11,position paper,0.24419454417762076,2
N2P113,SEED_66,0,11,position paper,0.009691035124209286,2
N2P113,SEED_52,0,11,position paper,0.0773265984984997,2
N2P113,SEED_90,0,11,position paper,0.10168314958353901,2
N2P113,SEED_111,0,11,position paper,0.04969971145347565,2
N2P113,SEED_46,1,11,position paper,0.027379269989798654,2
N2P113,SEED_80,1,11,position paper,0.05412529367962349,2
N2P113,SEED_27,1,11,position paper,0.1928425224241903,2
N2P113,SEED_56,0,11,position paper,0.021739942781307576,2
N2P97,SEED_43,0,9,literature review,0.05652341745969014,2
N2P97,SEED_28,1,9,literature review,0.03690431206766,2
N2P97,SEED_15,0,9,literature review,0.12583525799894296,2
N2P97,SEED_116,0,9,literature review,0.15216520399588473,2
N2P97,SEED_117,0,9,literature review,0.058265813707136085,2
N2P97,SEED_2,0,9,literature review,0.12297460110382108,2
N2P97,SEED_47,1,9,literature review,0.11197067729022589,2
N2P97,SEED_37,1,9,literature review,0.0916688018924311,2
N2P97,SEED_20,1,9,literature review,0.029535688085893946,2
N2P97,SEED_54,1,9,literature review,0.0252978715058926,2
N2P89,SEED_89,1,7,literature review,0.013011664337656105,2
N2P89,SEED_48,1,7,literature review,0.029185376778173528,2
N2P89,SEED_106,1,7,literature review,0.0396656199956952,2
N2P89,SEED_30,0,7,literature review,0.045065154448624835,2
N2P89,SEED_70,1,7,literature review,0.08172477101102746,2
N2P89,SEED_99,1,7,literature review,0.058671135460116444,2
N2P89,SEED_119,0,7,literature review,0.07263413180061329,2
N2P89,SEED_1,0,7,literature review,0.13141875515524984,2
N2P99,SEED_92,0,8,position paper,0.05106624582263099,2
N2P99,SEED_88,1,8,position paper,0.0751324199578783,2
N2P99,SEED_75,0,8,position paper,0.004317454748062883,2
N2P99,SEED_0,1,8,position paper,0.03419115971424214,2
N2P99,SEED_105,0,8,position paper,0.024092964382771427,2
N2P99,SEED_38,0,8,position paper,0.061179792753602406,2
N2P99,SEED_10,1,8,position paper,0.2599772228262205,2
N2P99,SEED_72,0,8,position paper,0.07981472218677699,2
N2P99,SEED_108,1,8,position paper,0.11699373395608792,2
N2P75,SEED_61,1,7,position paper,0.059968033729275456,2
N2P75,SEED_97,0,7,position paper,0.03609440995756307,2
N2P75,SEED_24,0,7,position paper,0.06525103738400904,2
N2P75,SEED_85,1,7,position paper,0.06585964077621878,2
N2P75,SEED_81,1,7,position paper,0.035788322601505926,2
N2P75,SEED_8,1,7,position paper,0.06872182608709806,2
N2P75,SEED_108,1,7,position paper,0.11699373395608792,2
N2P75,SEED_74,0,7,position paper,0.045788952881914514,2
N2P98,SEED_50,0,3,position paper,0.07323859452802539,2
N2P98,SEED_39,1,3,position paper,0.03555690750708022,2
N2P98,SEED_35,0,3,position paper,0.053243975534267386,2
N2P98,SEED_111,1,3,position paper,0.04969971145347565,2
N2P110,SEED_107,1,9,literature review,0.042538122034430435,2
N2P110,SEED_94,1,9,literature review,0.1502174121454999,2
N2P110,SEED_31,1,9,literature review,0.033526494815073346,2
N2P110,SEED_7,1,9,literature review,0.021341441722662596,2
N2P110,SEED_39,0,9,literature review,0.03555690750708022,2
N2P110,SEED_103,1,9,literature review,0.1317058804580309,2
N2P110,SEED_2,0,9,literature review,0.12297460110382108,2
N2P110,SEED_21,1,9,literature review,0.04332717025608329,2
N2P110,SEED_14,0,9,literature review,0.029758165991292006,2
N2P110,SEED_41,0,9,literature review,0.06663729499428636,2
N2P108,SEED_107,1,10,position paper,0.042538122034430435,2
N2P108,SEED_61,1,10,position paper,0.059968033729275456,2
N2P108,SEED_31,1,10,position paper,0.033526494815073346,2
N2P108,SEED_7,0,10,position paper,0.021341441722662596,2
N2P108,SEED_2,0,10,position paper,0.12297460110382108,2
N2P108,SEED_5,0,10,position paper,0.04891575446422762,2
N2P108,SEED_35,0,10,position paper,0.053243975534267386,2
N2P108,SEED_37,1,10,position paper,0.0916688018924311,2
N2P108,SEED_108,1,10,position paper,0.11699373395608792,2
N2P108,SEED_13,0,10,position paper,0.030904771618012833,2
N2P108,SEED_56,0,10,position paper,0.021739942781307576,2
N2P109,SEED_113,0,7,position paper,0.03869600182636786,2
N2P109,SEED_109,0,7,position paper,0.08741121552597077,2
N2P109,SEED_77,0,7,position paper,0.09597717740914226,2
N2P109,SEED_93,0,7,position paper,0.06110953885154956,2
N2P109,SEED_84,0,7,position paper,0.07184420324302587,2
N2P109,SEED_90,1,7,position paper,0.10168314958353901,2
N2P109,SEED_76,0,7,position paper,0.02911097510188564,2
N2P109,SEED_13,0,7,position paper,0.030904771618012833,2
N2P44,SEED_107,0,9,literature review,0.042538122034430435,2
N2P44,SEED_106,1,9,literature review,0.0396656199956952,2
N2P44,SEED_0,1,9,literature review,0.03419115971424214,2
N2P44,SEED_6,1,9,literature review,0.03894507193462498,2
N2P44,SEED_58,1,9,literature review,0.04043276523483182,2
N2P44,SEED_20,1,9,literature review,0.029535688085893946,2
N2P44,SEED_111,0,9,literature review,0.04969971145347565,2
N2P44,SEED_46,1,9,literature review,0.027379269989798654,2
N2P44,SEED_18,0,9,literature review,0.07930603337696131,2
N2P44,SEED_118,0,9,literature review,0.03264322768755141,2
N2P100,SEED_61,1,3,literature review,0.059968033729275456,2
N2P100,SEED_67,1,3,literature review,0.05032975495304677,2
N2P100,SEED_53,1,3,literature review,0.08163751252417001,2
N2P100,SEED_93,0,3,literature review,0.06110953885154956,2
N2P94,SEED_43,0,9,literature review,0.05652341745969014,2
N2P94,SEED_95,1,9,literature review,0.18268931412556882,2
N2P94,SEED_103,1,9,literature review,0.1317058804580309,2
N2P94,SEED_38,0,9,literature review,0.061179792753602406,2
N2P94,SEED_17,0,9,literature review,0.029211956325465183,2
N2P94,SEED_63,0,9,literature review,0.04603307219547203,2
N2P94,SEED_109,0,9,literature review,0.08741121552597077,2
N2P94,SEED_90,0,9,literature review,0.10168314958353901,2
N2P94,SEED_96,0,9,literature review,0.10358875368385743,2
N2P94,SEED_54,1,9,literature review,0.0252978715058926,2
N2P66,SEED_98,1,6,position paper,0.011894667691759708,2
N2P66,SEED_4,0,6,position paper,0.10778007277480268,2
N2P66,SEED_60,1,6,position paper,0.03900336059186124,2
N2P66,SEED_77,1,6,position paper,0.09597717740914226,2
N2P66,SEED_6,1,6,position paper,0.03894507193462498,2
N2P66,SEED_111,0,6,position paper,0.04969971145347565,2
N2P66,SEED_76,0,6,position paper,0.02911097510188564,2
N2P79,SEED_61,1,8,literature review,0.059968033729275456,2
N2P79,SEED_97,0,8,literature review,0.03609440995756307,2
N2P79,SEED_9,1,8,literature review,0.05790057358028041,2
N2P79,SEED_23,0,8,literature review,0.24419454417762076,2
N2P79,SEED_22,0,8,literature review,0.05799342396218755,2
N2P79,SEED_8,0,8,literature review,0.06872182608709806,2
N2P79,SEED_55,1,8,literature review,0.09584107046851154,2
N2P79,SEED_96,0,8,literature review,0.10358875368385743,2
N2P79,SEED_54,1,8,literature review,0.0252978715058926,2
N2P104,SEED_87,0,8,literature review,0.14276304721670452,2
N2P104,SEED_48,1,8,literature review,0.029185376778173528,2
N2P104,SEED_73,1,8,literature review,0.09938073079147507,2
N2P104,SEED_113,0,8,literature review,0.03869600182636786,2
N2P104,SEED_102,0,8,literature review,0.05485994308932408,2
N2P104,SEED_69,0,8,literature review,0.01686621307186654,2
N2P104,SEED_49,0,8,literature review,0.032768873721272004,2
N2P104,SEED_34,1,8,literature review,0.08548426810230766,2
N2P104,SEED_111,0,8,literature review,0.04969971145347565,2
N2P8,SEED_3,0,8,literature review,0.06798054115184436,2
N2P8,SEED_9,1,8,literature review,0.05790057358028041,2
N2P8,SEED_85,1,8,literature review,0.06585964077621878,2
N2P8,SEED_30,1,8,literature review,0.045065154448624835,2
N2P8,SEED_116,0,8,literature review,0.15216520399588473,2
N2P8,SEED_93,0,8,literature review,0.06110953885154956,2
N2P8,SEED_46,0,8,literature review,0.027379269989798654,2
N2P8,SEED_76,0,8,literature review,0.02911097510188564,2
N2P8,SEED_54,1,8,literature review,0.0252978715058926,2
N2P76,SEED_4,1,3,position paper,0.10778007277480268,2
N2P76,SEED_17,1,3,position paper,0.029211956325465183,2
N2P76,SEED_2,0,3,position paper,0.12297460110382108,2
N2P76,SEED_49,1,3,position paper,0.032768873721272004,2
N2P67,SEED_117,0,3,position paper,0.058265813707136085,2
N2P67,SEED_5,0,3,position paper,0.04891575446422762,2
N2P67,SEED_22,1,3,position paper,0.05799342396218755,2
N2P67,SEED_93,0,3,position paper,0.06110953885154956,2
N2P72,SEED_64,1,9,literature review,0.07877200791990707,2
N2P72,SEED_57,1,9,literature review,0.03673991558283747,2
N2P72,SEED_83,0,9,literature review,0.052741438587646794,2
N2P72,SEED_79,0,9,literature review,0.1318500750967745,2
N2P72,SEED_17,0,9,literature review,0.029211956325465183,2
N2P72,SEED_22,1,9,literature review,0.05799342396218755,2
N2P72,SEED_91,0,9,literature review,0.037739388173408044,2
N2P72,SEED_90,1,9,literature review,0.10168314958353901,2
N2P72,SEED_20,1,9,literature review,0.029535688085893946,2
N2P72,SEED_18,0,9,literature review,0.07930603337696131,2
N2P54,SEED_43,0,7,literature review,0.05652341745969014,2
N2P54,SEED_59,1,7,literature review,0.03537515898047227,2
N2P54,SEED_19,1,7,literature review,0.04109700523383222,2
N2P54,SEED_68,0,7,literature review,0.022306762819201194,2
N2P54,SEED_5,0,7,literature review,0.04891575446422762,2
N2P54,SEED_77,1,7,literature review,0.09597717740914226,2
N2P54,SEED_90,1,7,literature review,0.10168314958353901,2
N2P54,SEED_46,0,7,literature review,0.027379269989798654,2
N2P73,SEED_57,1,7,position paper,0.03673991558283747,2
N2P73,SEED_116,0,7,position paper,0.15216520399588473,2
N2P73,SEED_117,0,7,position paper,0.058265813707136085,2
N2P73,SEED_70,1,7,position paper,0.08172477101102746,2
N2P73,SEED_99,1,7,position paper,0.058671135460116444,2
N2P73,SEED_84,0,7,position paper,0.07184420324302587,2
N2P73,SEED_76,0,7,position paper,0.02911097510188564,2
N2P73,SEED_56,0,7,position paper,0.021739942781307576,2
N2P0,SEED_87,1,6,position paper,0.14276304721670452,2
N2P0,SEED_94,1,6,position paper,0.1502174121454999,2
N2P0,SEED_9,1,6,position paper,0.05790057358028041,2
N2P0,SEED_36,1,6,position paper,0.13828262665054547,2
N2P0,SEED_96,0,6,position paper,0.10358875368385743,2
N2P0,SEED_27,1,6,position paper,0.1928425224241903,2
N2P0,SEED_54,0,6,position paper,0.0252978715058926,2
N2P11,SEED_48,0,11,position paper,0.029185376778173528,2
N2P11,SEED_71,0,11,position paper,0.01920486060179593,2
N2P11,SEED_29,0,11,position paper,0.07042009300336129,2
N2P11,SEED_17,0,11,position paper,0.029211956325465183,2
N2P11,SEED_47,1,11,position paper,0.11197067729022589,2
N2P11,SEED_53,1,11,position paper,0.08163751252417001,2
N2P11,SEED_84,0,11,position paper,0.07184420324302587,2
N2P11,SEED_91,0,11,position paper,0.037739388173408044,2
N2P11,SEED_112,0,11,position paper,0.04763731112793226,2
N2P11,SEED_20,1,11,position paper,0.029535688085893946,2
N2P11,SEED_74,1,11,position paper,0.045788952881914514,2
N2P11,SEED_56,0,11,position paper,0.021739942781307576,2
N2P35,SEED_105,0,6,position paper,0.024092964382771427,2
N2P35,SEED_18,0,6,position paper,0.07930603337696131,2
N2P35,SEED_81,1,6,position paper,0.035788322601505926,2
N2P35,SEED_5,0,6,position paper,0.04891575446422762,2
N2P35,SEED_84,0,6,position paper,0.07184420324302587,2
N2P35,SEED_80,1,6,position paper,0.05412529367962349,2
N2P35,SEED_27,1,6,position paper,0.1928425224241903,2
N2P87,SEED_43,0,11,position paper,0.05652341745969014,2
N2P87,SEED_83,0,11,position paper,0.052741438587646794,2
N2P87,SEED_88,1,11,position paper,0.0751324199578783,2
N2P87,SEED_3,0,11,position paper,0.06798054115184436,2
N2P87,SEED_45,0,11,position paper,0.04818303463809887,2
N2P87,SEED_67,1,11,position paper,0.05032975495304677,2
N2P87,SEED_21,1,11,position paper,0.04332717025608329,2
N2P87,SEED_115,0,11,position paper,0.02209761458825523,2
N2P87,SEED_109,0,11,position paper,0.08741121552597077,2
N2P87,SEED_55,1,11,position paper,0.09584107046851154,2
N2P87,SEED_1,0,11,position paper,0.13141875515524984,2
N2P87,SEED_40,0,11,position paper,0.03616922310850126,2
N2P77,SEED_42,1,8,literature review,0.051653349129091995,2
N2P77,SEED_48,1,8,literature review,0.029185376778173528,2
N2P77,SEED_83,0,8,literature review,0.052741438587646794,2
N2P77,SEED_75,1,8,literature review,0.004317454748062883,2
N2P77,SEED_10,1,8,literature review,0.2599772228262205,2
N2P77,SEED_47,0,8,literature review,0.11197067729022589,2
N2P77,SEED_91,0,8,literature review,0.037739388173408044,2
N2P77,SEED_58,0,8,literature review,0.04043276523483182,2
N2P77,SEED_13,0,8,literature review,0.030904771618012833,2
N2P119,SEED_4,0,5,literature review,0.10778007277480268,2
N2P119,SEED_22,1,5,literature review,0.05799342396218755,2
N2P119,SEED_112,0,5,literature review,0.04763731112793226,2
N2P119,SEED_41,0,5,literature review,0.06663729499428636,2
N2P119,SEED_74,1,5,literature review,0.045788952881914514,2
N2P119,SEED_118,1,5,literature review,0.03264322768755141,2
N2P23,SEED_64,0,18,literature review,0.07877200791990707,2
N2P23,SEED_87,0,18,literature review,0.14276304721670452,2
N2P23,SEED_43,0,18,literature review,0.05652341745969014,2
N2P23,SEED_42,0,18,literature review,0.051653349129091995,2
N2P23,SEED_61,1,18,literature review,0.059968033729275456,2
N2P23,SEED_31,1,18,literature review,0.033526494815073346,2
N2P23,SEED_32,0,18,literature review,0.09735164776405995,2
N2P23,SEED_0,1,18,literature review,0.03419115971424214,2
N2P23,SEED_105,0,18,literature review,0.024092964382771427,2
N2P23,SEED_102,0,18,literature review,0.05485994308932408,2
N2P23,SEED_38,0,18,literature review,0.061179792753602406,2
N2P23,SEED_29,0,18,literature review,0.07042009300336129,2
N2P23,SEED_68,0,18,literature review,0.022306762819201194,2
N2P23,SEED_35,0,18,literature review,0.053243975534267386,2
N2P23,SEED_49,0,18,literature review,0.032768873721272004,2
N2P23,SEED_41,0,18,literature review,0.06663729499428636,2
N2P23,SEED_111,0,18,literature review,0.04969971145347565,2
N2P23,SEED_96,0,18,literature review,0.10358875368385743,2
N2P23,SEED_27,1,18,literature review,0.1928425224241903,2
N2P61,SEED_97,0,11,literature review,0.03609440995756307,2
N2P61,SEED_100,0,11,literature review,0.022251536993773687,2
N2P61,SEED_94,1,11,literature review,0.1502174121454999,2
N2P61,SEED_24,1,11,literature review,0.06525103738400904,2
N2P61,SEED_103,1,11,literature review,0.1317058804580309,2
N2P61,SEED_38,0,11,literature review,0.061179792753602406,2
N2P61,SEED_29,0,11,literature review,0.07042009300336129,2
N2P61,SEED_44,1,11,literature review,0.037266295783348585,2
N2P61,SEED_116,1,11,literature review,0.15216520399588473,2
N2P61,SEED_68,0,11,literature review,0.022306762819201194,2
N2P61,SEED_22,1,11,literature review,0.05799342396218755,2
N2P61,SEED_66,0,11,literature review,0.009691035124209286,2
N2P57,SEED_89,0,13,literature review,0.013011664337656105,2
N2P57,SEED_42,1,13,literature review,0.051653349129091995,2
N2P57,SEED_16,0,13,literature review,0.06580490852851562,2
N2P57,SEED_92,0,13,literature review,0.05106624582263099,2
N2P57,SEED_67,0,13,literature review,0.05032975495304677,2
N2P57,SEED_50,0,13,literature review,0.07323859452802539,2
N2P57,SEED_62,1,13,literature review,0.04784216452869475,2
N2P57,SEED_27,1,13,literature review,0.1928425224241903,2
N2P57,SEED_29,0,13,literature review,0.07042009300336129,2
N2P57,SEED_70,1,13,literature review,0.08172477101102746,2
N2P57,SEED_22,1,13,literature review,0.05799342396218755,2
N2P57,SEED_25,0,13,literature review,0.03134650983079614,2
N2P57,SEED_58,0,13,literature review,0.04043276523483182,2
N2P57,SEED_86,0,13,literature review,0.07467253707820579,2
N2P41,SEED_92,0,9,position paper,0.05106624582263099,2
N2P41,SEED_16,0,9,position paper,0.06580490852851562,2
N2P41,SEED_78,0,9,position paper,0.0228613868635909,2
N2P41,SEED_107,1,9,position paper,0.042538122034430435,2
N2P41,SEED_39,0,9,position paper,0.03555690750708022,2
N2P41,SEED_116,1,9,position paper,0.15216520399588473,2
N2P41,SEED_47,0,9,position paper,0.11197067729022589,2
N2P41,SEED_108,1,9,position paper,0.11699373395608792,2
N2P41,SEED_111,0,9,position paper,0.04969971145347565,2
N2P41,SEED_96,0,9,position paper,0.10358875368385743,2
N2P26,SEED_24,0,6,position paper,0.06525103738400904,2
N2P26,SEED_85,1,6,position paper,0.06585964077621878,2
N2P26,SEED_70,1,6,position paper,0.08172477101102746,2
N2P26,SEED_63,1,6,position paper,0.04603307219547203,2
N2P26,SEED_14,1,6,position paper,0.029758165991292006,2
N2P26,SEED_119,0,6,position paper,0.07263413180061329,2
N2P26,SEED_49,0,6,position paper,0.032768873721272004,2
N2P71,SEED_64,1,9,literature review,0.07877200791990707,2
N2P71,SEED_95,1,9,literature review,0.18268931412556882,2
N2P71,SEED_51,1,9,literature review,0.09567458183955731,2
N2P71,SEED_4,0,9,literature review,0.10778007277480268,2
N2P71,SEED_29,0,9,literature review,0.07042009300336129,2
N2P71,SEED_17,1,9,literature review,0.029211956325465183,2
N2P71,SEED_22,1,9,literature review,0.05799342396218755,2
N2P71,SEED_41,0,9,literature review,0.06663729499428636,2
N2P71,SEED_74,0,9,literature review,0.045788952881914514,2
N2P71,SEED_27,1,9,literature review,0.1928425224241903,2
N2P36,SEED_33,0,8,position paper,0.03666889624528128,2
N2P36,SEED_50,0,8,position paper,0.07323859452802539,2
N2P36,SEED_28,1,8,position paper,0.03690431206766,2
N2P36,SEED_4,0,8,position paper,0.10778007277480268,2
N2P36,SEED_21,1,8,position paper,0.04332717025608329,2
N2P36,SEED_115,1,8,position paper,0.02209761458825523,2
N2P36,SEED_84,0,8,position paper,0.07184420324302587,2
N2P36,SEED_112,0,8,position paper,0.04763731112793226,2
N2P36,SEED_111,1,8,position paper,0.04969971145347565,2
N2P60,SEED_114,0,8,literature review,0.05371749025215298,2
N2P60,SEED_68,0,8,literature review,0.022306762819201194,2
N2P60,SEED_99,1,8,literature review,0.058671135460116444,2
N2P60,SEED_47,0,8,literature review,0.11197067729022589,2
N2P60,SEED_84,0,8,literature review,0.07184420324302587,2
N2P60,SEED_35,0,8,literature review,0.053243975534267386,2
N2P60,SEED_112,1,8,literature review,0.04763731112793226,2
N2P60,SEED_108,1,8,literature review,0.11699373395608792,2
N2P60,SEED_76,0,8,literature review,0.02911097510188564,2
N2P49,SEED_88,1,8,position paper,0.0751324199578783,2
N2P49,SEED_116,0,8,position paper,0.15216520399588473,2
N2P49,SEED_115,0,8,position paper,0.02209761458825523,2
N2P49,SEED_22,1,8,position paper,0.05799342396218755,2
N2P49,SEED_1,0,8,position paper,0.13141875515524984,2
N2P49,SEED_49,0,8,position paper,0.032768873721272004,2
N2P49,SEED_41,0,8,position paper,0.06663729499428636,2
N2P49,SEED_96,1,8,position paper,0.10358875368385743,2
N2P49,SEED_56,0,8,position paper,0.021739942781307576,2
N2P52,SEED_42,0,9,literature review,0.051653349129091995,2
N2P52,SEED_3,1,9,literature review,0.06798054115184436,2
N2P52,SEED_71,0,9,literature review,0.01920486060179593,2
N2P52,SEED_95,0,9,literature review,0.18268931412556882,2
N2P52,SEED_7,0,9,literature review,0.021341441722662596,2
N2P52,SEED_11,1,9,literature review,0.06461885091273475,2
N2P52,SEED_90,0,9,literature review,0.10168314958353901,2
N2P52,SEED_111,0,9,literature review,0.04969971145347565,2
N2P52,SEED_46,0,9,literature review,0.027379269989798654,2
N2P52,SEED_76,0,9,literature review,0.02911097510188564,2
N2P21,SEED_114,0,9,literature review,0.05371749025215298,2
N2P21,SEED_24,1,9,literature review,0.06525103738400904,2
N2P21,SEED_7,0,9,literature review,0.021341441722662596,2
N2P21,SEED_68,0,9,literature review,0.022306762819201194,2
N2P21,SEED_36,1,9,literature review,0.13828262665054547,2
N2P21,SEED_66,0,9,literature review,0.009691035124209286,2
N2P21,SEED_35,0,9,literature review,0.053243975534267386,2
N2P21,SEED_55,1,9,literature review,0.09584107046851154,2
N2P21,SEED_108,1,9,literature review,0.11699373395608792,2
N2P21,SEED_46,1,9,literature review,0.027379269989798654,2
N2P105,SEED_89,1,6,position paper,0.013011664337656105,2
N2P105,SEED_102,0,6,position paper,0.05485994308932408,2
N2P105,SEED_17,1,6,position paper,0.029211956325465183,2
N2P105,SEED_99,1,6,position paper,0.058671135460116444,2
N2P105,SEED_82,0,6,position paper,0.031946399533903824,2
N2P105,SEED_104,0,6,position paper,0.027022006506890947,2
N2P105,SEED_6,1,6,position paper,0.03894507193462498,2
N2P102,SEED_98,1,11,literature review,0.011894667691759708,2
N2P102,SEED_40,0,11,literature review,0.03616922310850126,2
N2P102,SEED_45,0,11,literature review,0.04818303463809887,2
N2P102,SEED_106,1,11,literature review,0.0396656199956952,2
N2P102,SEED_17,1,11,literature review,0.029211956325465183,2
N2P102,SEED_19,0,11,literature review,0.04109700523383222,2
N2P102,SEED_68,0,11,literature review,0.022306762819201194,2
N2P102,SEED_14,1,11,literature review,0.029758165991292006,2
N2P102,SEED_93,0,11,literature review,0.06110953885154956,2
N2P102,SEED_119,0,11,literature review,0.07263413180061329,2
N2P102,SEED_37,1,11,literature review,0.0916688018924311,2
N2P102,SEED_58,1,11,literature review,0.04043276523483182,2
N2P78,SEED_79,0,10,literature review,0.1318500750967745,2
N2P78,SEED_0,1,10,literature review,0.03419115971424214,2
N2P78,SEED_30,1,10,literature review,0.045065154448624835,2
N2P78,SEED_82,1,10,literature review,0.031946399533903824,2
N2P78,SEED_104,0,10,literature review,0.027022006506890947,2
N2P78,SEED_69,0,10,literature review,0.01686621307186654,2
N2P78,SEED_6,1,10,literature review,0.03894507193462498,2
N2P78,SEED_52,0,10,literature review,0.0773265984984997,2
N2P78,SEED_108,1,10,literature review,0.11699373395608792,2
N2P78,SEED_58,1,10,literature review,0.04043276523483182,2
N2P78,SEED_41,0,10,literature review,0.06663729499428636,2
N2P30,SEED_57,1,9,literature review,0.03673991558283747,2
N2P30,SEED_64,0,9,literature review,0.07877200791990707,2
N2P30,SEED_48,1,9,literature review,0.029185376778173528,2
N2P30,SEED_15,0,9,literature review,0.12583525799894296,2
N2P30,SEED_7,0,9,literature review,0.021341441722662596,2
N2P30,SEED_17,0,9,literature review,0.029211956325465183,2
N2P30,SEED_2,0,9,literature review,0.12297460110382108,2
N2P30,SEED_90,1,9,literature review,0.10168314958353901,2
N2P30,SEED_96,0,9,literature review,0.10358875368385743,2
N2P30,SEED_27,1,9,literature review,0.1928425224241903,2
N2P85,SEED_107,1,9,position paper,0.042538122034430435,2
N2P85,SEED_114,1,9,position paper,0.05371749025215298,2
N2P85,SEED_71,0,9,position paper,0.01920486060179593,2
N2P85,SEED_79,0,9,position paper,0.1318500750967745,2
N2P85,SEED_117,0,9,position paper,0.058265813707136085,2
N2P85,SEED_108,1,9,position paper,0.11699373395608792,2
N2P85,SEED_1,0,9,position paper,0.13141875515524984,2
N2P85,SEED_58,0,9,position paper,0.04043276523483182,2
N2P85,SEED_46,1,9,position paper,0.027379269989798654,2
N2P85,SEED_27,1,9,position paper,0.1928425224241903,2
N2P59,SEED_89,0,8,position paper,0.013011664337656105,2
N2P59,SEED_24,0,8,position paper,0.06525103738400904,2
N2P59,SEED_32,1,8,position paper,0.09735164776405995,2
N2P59,SEED_0,1,8,position paper,0.03419115971424214,2
N2P59,SEED_95,1,8,position paper,0.18268931412556882,2
N2P59,SEED_51,1,8,position paper,0.09567458183955731,2
N2P59,SEED_115,0,8,position paper,0.02209761458825523,2
N2P59,SEED_93,0,8,position paper,0.06110953885154956,2
N2P59,SEED_58,1,8,position paper,0.04043276523483182,2
N2P107,SEED_33,1,6,literature review,0.03666889624528128,2
N2P107,SEED_78,1,6,literature review,0.0228613868635909,2
N2P107,SEED_0,1,6,literature review,0.03419115971424214,2
N2P107,SEED_119,0,6,literature review,0.07263413180061329,2
N2P107,SEED_112,0,6,literature review,0.04763731112793226,2
N2P107,SEED_90,1,6,literature review,0.10168314958353901,2
N2P107,SEED_108,1,6,literature review,0.11699373395608792,2
N2P24,SEED_78,0,10,position paper,0.0228613868635909,2
N2P24,SEED_61,1,10,position paper,0.059968033729275456,2
N2P24,SEED_98,1,10,position paper,0.011894667691759708,2
N2P24,SEED_30,0,10,position paper,0.045065154448624835,2
N2P24,SEED_117,0,10,position paper,0.058265813707136085,2
N2P24,SEED_36,1,10,position paper,0.13828262665054547,2
N2P24,SEED_10,0,10,position paper,0.2599772228262205,2
N2P24,SEED_47,1,10,position paper,0.11197067729022589,2
N2P24,SEED_72,0,10,position paper,0.07981472218677699,2
N2P24,SEED_25,0,10,position paper,0.03134650983079614,2
N2P24,SEED_35,0,10,position paper,0.053243975534267386,2
N2P96,SEED_33,1,8,position paper,0.03666889624528128,2
N2P96,SEED_97,0,8,position paper,0.03609440995756307,2
N2P96,SEED_67,1,8,position paper,0.05032975495304677,2
N2P96,SEED_45,0,8,position paper,0.04818303463809887,2
N2P96,SEED_27,0,8,position paper,0.1928425224241903,2
N2P96,SEED_72,0,8,position paper,0.07981472218677699,2
N2P96,SEED_55,1,8,position paper,0.09584107046851154,2
N2P96,SEED_96,0,8,position paper,0.10358875368385743,2
N2P96,SEED_118,0,8,position paper,0.03264322768755141,2
N2P91,SEED_61,1,7,position paper,0.059968033729275456,2
N2P91,SEED_98,1,7,position paper,0.011894667691759708,2
N2P91,SEED_106,0,7,position paper,0.0396656199956952,2
N2P91,SEED_95,0,7,position paper,0.18268931412556882,2
N2P91,SEED_30,0,7,position paper,0.045065154448624835,2
N2P91,SEED_21,1,7,position paper,0.04332717025608329,2
N2P91,SEED_52,0,7,position paper,0.0773265984984997,2
N2P91,SEED_27,1,7,position paper,0.1928425224241903,2
N2P101,SEED_45,1,7,literature review,0.04818303463809887,2
N2P101,SEED_71,0,7,literature review,0.01920486060179593,2
N2P101,SEED_30,0,7,literature review,0.045065154448624835,2
N2P101,SEED_62,1,7,literature review,0.04784216452869475,2
N2P101,SEED_116,0,7,literature review,0.15216520399588473,2
N2P101,SEED_109,1,7,literature review,0.08741121552597077,2
N2P101,SEED_55,1,7,literature review,0.09584107046851154,2
N2P101,SEED_1,1,7,literature review,0.13141875515524984,2
N2P7,SEED_43,1,10,literature review,0.05652341745969014,2
N2P7,SEED_114,0,10,literature review,0.05371749025215298,2
N2P7,SEED_97,0,10,literature review,0.03609440995756307,2
N2P7,SEED_45,1,10,literature review,0.04818303463809887,2
N2P7,SEED_94,1,10,literature review,0.1502174121454999,2
N2P7,SEED_73,1,10,literature review,0.09938073079147507,2
N2P7,SEED_12,0,10,literature review,0.06332329199540948,2
N2P7,SEED_7,0,10,literature review,0.021341441722662596,2
N2P7,SEED_19,1,10,literature review,0.04109700523383222,2
N2P7,SEED_115,0,10,literature review,0.02209761458825523,2
N2P7,SEED_40,0,10,literature review,0.03616922310850126,2
N2P51,SEED_114,0,5,literature review,0.05371749025215298,2
N2P51,SEED_9,1,5,literature review,0.05790057358028041,2
N2P51,SEED_115,1,5,literature review,0.02209761458825523,2
N2P51,SEED_58,0,5,literature review,0.04043276523483182,2
N2P51,SEED_111,0,5,literature review,0.04969971145347565,2
N2P51,SEED_86,0,5,literature review,0.07467253707820579,2
N2P27,SEED_87,0,12,literature review,0.14276304721670452,2
N2P27,SEED_92,0,12,literature review,0.05106624582263099,2
N2P27,SEED_78,0,12,literature review,0.0228613868635909,2
N2P27,SEED_26,0,12,literature review,0.07104261452564097,2
N2P27,SEED_3,1,12,literature review,0.06798054115184436,2
N2P27,SEED_15,0,12,literature review,0.12583525799894296,2
N2P27,SEED_13,0,12,literature review,0.030904771618012833,2
N2P27,SEED_95,0,12,literature review,0.18268931412556882,2
N2P27,SEED_59,0,12,literature review,0.03537515898047227,2
N2P27,SEED_62,0,12,literature review,0.04784216452869475,2
N2P27,SEED_104,0,12,literature review,0.027022006506890947,2
N2P27,SEED_36,1,12,literature review,0.13828262665054547,2
N2P27,SEED_76,0,12,literature review,0.02911097510188564,2
N2P22,SEED_107,0,6,position paper,0.042538122034430435,2
N2P22,SEED_9,1,6,position paper,0.05790057358028041,2
N2P22,SEED_95,1,6,position paper,0.18268931412556882,2
N2P22,SEED_113,0,6,position paper,0.03869600182636786,2
N2P22,SEED_17,0,6,position paper,0.029211956325465183,2
N2P22,SEED_72,0,6,position paper,0.07981472218677699,2
N2P22,SEED_76,0,6,position paper,0.02911097510188564,2
N2P68,SEED_42,0,8,position paper,0.051653349129091995,2
N2P68,SEED_97,0,8,position paper,0.03609440995756307,2
N2P68,SEED_88,1,8,position paper,0.0751324199578783,2
N2P68,SEED_103,1,8,position paper,0.1317058804580309,2
N2P68,SEED_62,1,8,position paper,0.04784216452869475,2
N2P68,SEED_60,0,8,position paper,0.03900336059186124,2
N2P68,SEED_23,1,8,position paper,0.24419454417762076,2
N2P68,SEED_46,0,8,position paper,0.027379269989798654,2
N2P68,SEED_76,0,8,position paper,0.02911097510188564,2
N2P20,SEED_100,0,8,position paper,0.022251536993773687,2
N2P20,SEED_67,1,8,position paper,0.05032975495304677,2
N2P20,SEED_31,0,8,position paper,0.033526494815073346,2
N2P20,SEED_105,0,8,position paper,0.024092964382771427,2
N2P20,SEED_62,1,8,position paper,0.04784216452869475,2
N2P20,SEED_19,0,8,position paper,0.04109700523383222,2
N2P20,SEED_10,0,8,position paper,0.2599772228262205,2
N2P20,SEED_90,0,8,position paper,0.10168314958353901,2
N2P20,SEED_96,0,8,position paper,0.10358875368385743,2
N2P84,SEED_98,1,6,position paper,0.011894667691759708,2
N2P84,SEED_28,0,6,position paper,0.03690431206766,2
N2P84,SEED_15,0,6,position paper,0.12583525799894296,2
N2P84,SEED_9,1,6,position paper,0.05790057358028041,2
N2P84,SEED_106,0,6,position paper,0.0396656199956952,2
N2P84,SEED_81,0,6,position paper,0.035788322601505926,2
N2P84,SEED_69,0,6,position paper,0.01686621307186654,2
N2P63,SEED_64,0,7,literature review,0.07877200791990707,2
N2P63,SEED_89,1,7,literature review,0.013011664337656105,2
N2P63,SEED_32,1,7,literature review,0.09735164776405995,2
N2P63,SEED_81,1,7,literature review,0.035788322601505926,2
N2P63,SEED_116,0,7,literature review,0.15216520399588473,2
N2P63,SEED_117,0,7,literature review,0.058265813707136085,2
N2P63,SEED_21,1,7,literature review,0.04332717025608329,2
N2P63,SEED_91,0,7,literature review,0.037739388173408044,2
N2P18,SEED_87,0,7,position paper,0.14276304721670452,2
N2P18,SEED_59,1,7,position paper,0.03537515898047227,2
N2P18,SEED_51,1,7,position paper,0.09567458183955731,2
N2P18,SEED_39,0,7,position paper,0.03555690750708022,2
N2P18,SEED_44,1,7,position paper,0.037266295783348585,2
N2P18,SEED_104,1,7,position paper,0.027022006506890947,2
N2P18,SEED_20,1,7,position paper,0.029535688085893946,2
N2P18,SEED_46,0,7,position paper,0.027379269989798654,2
N2P13,SEED_105,0,6,position paper,0.024092964382771427,2
N2P13,SEED_7,1,6,position paper,0.021341441722662596,2
N2P13,SEED_5,0,6,position paper,0.04891575446422762,2
N2P13,SEED_14,0,6,position paper,0.029758165991292006,2
N2P13,SEED_49,1,6,position paper,0.032768873721272004,2
N2P13,SEED_76,0,6,position paper,0.02911097510188564,2
N2P13,SEED_118,1,6,position paper,0.03264322768755141,2
N2P42,SEED_92,0,9,position paper,0.05106624582263099,2
N2P42,SEED_114,0,9,position paper,0.05371749025215298,2
N2P42,SEED_97,0,9,position paper,0.03609440995756307,2
N2P42,SEED_79,0,9,position paper,0.1318500750967745,2
N2P42,SEED_99,0,9,position paper,0.058671135460116444,2
N2P42,SEED_53,1,9,position paper,0.08163751252417001,2
N2P42,SEED_14,1,9,position paper,0.029758165991292006,2
N2P42,SEED_66,0,9,position paper,0.009691035124209286,2
N2P42,SEED_49,0,9,position paper,0.032768873721272004,2
N2P42,SEED_41,0,9,position paper,0.06663729499428636,2
N2P69,SEED_92,0,5,literature review,0.05106624582263099,2
N2P69,SEED_106,0,5,literature review,0.0396656199956952,2
N2P69,SEED_44,1,5,literature review,0.037266295783348585,2
N2P69,SEED_77,1,5,literature review,0.09597717740914226,2
N2P69,SEED_66,0,5,literature review,0.009691035124209286,2
N2P69,SEED_8,0,5,literature review,0.06872182608709806,2
N2P82,SEED_64,0,9,literature review,0.07877200791990707,2
N2P82,SEED_78,1,9,literature review,0.0228613868635909,2
N2P82,SEED_61,1,9,literature review,0.059968033729275456,2
N2P82,SEED_31,0,9,literature review,0.033526494815073346,2
N2P82,SEED_28,1,9,literature review,0.03690431206766,2
N2P82,SEED_79,0,9,literature review,0.1318500750967745,2
N2P82,SEED_4,1,9,literature review,0.10778007277480268,2
N2P82,SEED_17,1,9,literature review,0.029211956325465183,2
N2P82,SEED_44,1,9,literature review,0.037266295783348585,2
N2P82,SEED_46,0,9,literature review,0.027379269989798654,2
N2P116,SEED_43,0,3,position paper,0.05652341745969014,2
N2P116,SEED_65,1,3,position paper,0.09967558011174742,2
N2P116,SEED_39,1,3,position paper,0.03555690750708022,2
N2P116,SEED_112,0,3,position paper,0.04763731112793226,2
N2P111,SEED_64,0,7,position paper,0.07877200791990707,2
N2P111,SEED_33,1,7,position paper,0.03666889624528128,2
N2P111,SEED_88,1,7,position paper,0.0751324199578783,2
N2P111,SEED_38,0,7,position paper,0.061179792753602406,2
N2P111,SEED_72,0,7,position paper,0.07981472218677699,2
N2P111,SEED_25,0,7,position paper,0.03134650983079614,2
N2P111,SEED_112,0,7,position paper,0.04763731112793226,2
N2P111,SEED_86,0,7,position paper,0.07467253707820579,2
N2P95,SEED_107,0,8,position paper,0.042538122034430435,2
N2P95,SEED_83,0,8,position paper,0.052741438587646794,2
N2P95,SEED_28,0,8,position paper,0.03690431206766,2
N2P95,SEED_95,1,8,position paper,0.18268931412556882,2
N2P95,SEED_59,1,8,position paper,0.03537515898047227,2
N2P95,SEED_7,0,8,position paper,0.021341441722662596,2
N2P95,SEED_29,0,8,position paper,0.07042009300336129,2
N2P95,SEED_112,0,8,position paper,0.04763731112793226,2
N2P95,SEED_58,0,8,position paper,0.04043276523483182,2
N2P62,SEED_89,1,7,literature review,0.013011664337656105,2
N2P62,SEED_28,0,7,literature review,0.03690431206766,2
N2P62,SEED_106,1,7,literature review,0.0396656199956952,2
N2P62,SEED_30,0,7,literature review,0.045065154448624835,2
N2P62,SEED_19,1,7,literature review,0.04109700523383222,2
N2P62,SEED_99,0,7,literature review,0.058671135460116444,2
N2P62,SEED_21,1,7,literature review,0.04332717025608329,2
N2P62,SEED_1,1,7,literature review,0.13141875515524984,2
N2P118,SEED_110,0,8,literature review,0.08655273033551042,2
N2P118,SEED_101,0,8,literature review,0.023490079101840138,2
N2P118,SEED_3,1,8,literature review,0.06798054115184436,2
N2P118,SEED_0,1,8,literature review,0.03419115971424214,2
N2P118,SEED_29,0,8,literature review,0.07042009300336129,2
N2P118,SEED_68,1,8,literature review,0.022306762819201194,2
N2P118,SEED_54,0,8,literature review,0.0252978715058926,2
N2P118,SEED_55,1,8,literature review,0.09584107046851154,2
N2P118,SEED_96,0,8,literature review,0.10358875368385743,2
N2P25,SEED_32,1,7,position paper,0.09735164776405995,2
N2P25,SEED_7,0,7,position paper,0.021341441722662596,2
N2P25,SEED_17,1,7,position paper,0.029211956325465183,2
N2P25,SEED_116,0,7,position paper,0.15216520399588473,2
N2P25,SEED_109,1,7,position paper,0.08741121552597077,2
N2P25,SEED_66,0,7,position paper,0.009691035124209286,2
N2P25,SEED_46,1,7,position paper,0.027379269989798654,2
N2P25,SEED_18,0,7,position paper,0.07930603337696131,2
N2P1,SEED_57,1,7,position paper,0.03673991558283747,2
N2P1,SEED_0,1,7,position paper,0.03419115971424214,2
N2P1,SEED_116,1,7,position paper,0.15216520399588473,2
N2P1,SEED_115,0,7,position paper,0.02209761458825523,2
N2P1,SEED_69,1,7,position paper,0.01686621307186654,2
N2P1,SEED_8,1,7,position paper,0.06872182608709806,2
N2P1,SEED_76,0,7,position paper,0.02911097510188564,2
N2P1,SEED_54,1,7,position paper,0.0252978715058926,2
N2P74,SEED_89,0,13,position paper,0.013011664337656105,2
N2P74,SEED_110,0,13,position paper,0.08655273033551042,2
N2P74,SEED_78,0,13,position paper,0.0228613868635909,2
N2P74,SEED_88,1,13,position paper,0.0751324199578783,2
N2P74,SEED_67,0,13,position paper,0.05032975495304677,2
N2P74,SEED_31,1,13,position paper,0.033526494815073346,2
N2P74,SEED_24,0,13,position paper,0.06525103738400904,2
N2P74,SEED_39,0,13,position paper,0.03555690750708022,2
N2P74,SEED_68,0,13,position paper,0.022306762819201194,2
N2P74,SEED_21,1,13,position paper,0.04332717025608329,2
N2P74,SEED_23,0,13,position paper,0.24419454417762076,2
N2P74,SEED_90,0,13,position paper,0.10168314958353901,2
N2P74,SEED_111,0,13,position paper,0.04969971145347565,2
N2P74,SEED_40,0,13,position paper,0.03616922310850126,2
N2P48,SEED_33,0,9,literature review,0.03666889624528128,2
N2P48,SEED_16,1,9,literature review,0.06580490852851562,2
N2P48,SEED_83,1,9,literature review,0.052741438587646794,2
N2P48,SEED_95,1,9,literature review,0.18268931412556882,2
N2P48,SEED_7,0,9,literature review,0.021341441722662596,2
N2P48,SEED_59,1,9,literature review,0.03537515898047227,2
N2P48,SEED_68,0,9,literature review,0.022306762819201194,2
N2P48,SEED_53,1,9,literature review,0.08163751252417001,2
N2P48,SEED_109,0,9,literature review,0.08741121552597077,2
N2P48,SEED_18,0,9,literature review,0.07930603337696131,2
N2P4,SEED_83,0,12,position paper,0.052741438587646794,2
N2P4,SEED_26,0,12,position paper,0.07104261452564097,2
N2P4,SEED_71,0,12,position paper,0.01920486060179593,2
N2P4,SEED_19,0,12,position paper,0.04109700523383222,2
N2P4,SEED_2,0,12,position paper,0.12297460110382108,2
N2P4,SEED_53,1,12,position paper,0.08163751252417001,2
N2P4,SEED_14,1,12,position paper,0.029758165991292006,2
N2P4,SEED_119,0,12,position paper,0.07263413180061329,2
N2P4,SEED_52,0,12,position paper,0.0773265984984997,2
N2P4,SEED_108,1,12,position paper,0.11699373395608792,2
N2P4,SEED_1,1,12,position paper,0.13141875515524984,2
N2P4,SEED_76,0,12,position paper,0.02911097510188564,2
N2P4,SEED_56,0,12,position paper,0.021739942781307576,2
N2P106,SEED_107,0,10,literature review,0.042538122034430435,2
N2P106,SEED_78,1,10,literature review,0.0228613868635909,2
N2P106,SEED_97,0,10,literature review,0.03609440995756307,2
N2P106,SEED_75,1,10,literature review,0.004317454748062883,2
N2P106,SEED_12,0,10,literature review,0.06332329199540948,2
N2P106,SEED_24,1,10,literature review,0.06525103738400904,2
N2P106,SEED_4,0,10,literature review,0.10778007277480268,2
N2P106,SEED_115,0,10,literature review,0.02209761458825523,2
N2P106,SEED_6,1,10,literature review,0.03894507193462498,2
N2P106,SEED_35,0,10,literature review,0.053243975534267386,2
N2P106,SEED_41,0,10,literature review,0.06663729499428636,2
N2P58,SEED_89,1,12,position paper,0.013011664337656105,2
N2P58,SEED_110,0,12,position paper,0.08655273033551042,2
N2P58,SEED_61,1,12,position paper,0.059968033729275456,2
N2P58,SEED_100,0,12,position paper,0.022251536993773687,2
N2P58,SEED_31,0,12,position paper,0.033526494815073346,2
N2P58,SEED_0,1,12,position paper,0.03419115971424214,2
N2P58,SEED_7,0,12,position paper,0.021341441722662596,2
N2P58,SEED_99,0,12,position paper,0.058671135460116444,2
N2P58,SEED_11,0,12,position paper,0.06461885091273475,2
N2P58,SEED_119,0,12,position paper,0.07263413180061329,2
N2P58,SEED_96,0,12,position paper,0.10358875368385743,2
N2P58,SEED_13,1,12,position paper,0.030904771618012833,2
N2P58,SEED_118,1,12,position paper,0.03264322768755141,2
N2P16,SEED_48,1,11,position paper,0.029185376778173528,2
N2P16,SEED_50,0,11,position paper,0.07323859452802539,2
N2P16,SEED_94,1,11,position paper,0.1502174121454999,2
N2P16,SEED_12,0,11,position paper,0.06332329199540948,2
N2P16,SEED_9,1,11,position paper,0.05790057358028041,2
N2P16,SEED_59,0,11,position paper,0.03537515898047227,2
N2P16,SEED_117,0,11,position paper,0.058265813707136085,2
N2P16,SEED_10,1,11,position paper,0.2599772228262205,2
N2P16,SEED_115,0,11,position paper,0.02209761458825523,2
N2P16,SEED_6,1,11,position paper,0.03894507193462498,2
N2P16,SEED_58,0,11,position paper,0.04043276523483182,2
N2P16,SEED_13,0,11,position paper,0.030904771618012833,2
N2P70,SEED_33,1,5,position paper,0.03666889624528128,2
N2P70,SEED_106,0,5,position paper,0.0396656199956952,2
N2P70,SEED_104,1,5,position paper,0.027022006506890947,2
N2P70,SEED_47,0,5,position paper,0.11197067729022589,2
N2P70,SEED_25,1,5,position paper,0.03134650983079614,2
N2P70,SEED_55,1,5,position paper,0.09584107046851154,2
N2P29,SEED_64,1,10,literature review,0.07877200791990707,2
N2P29,SEED_71,0,10,literature review,0.01920486060179593,2
N2P29,SEED_113,0,10,literature review,0.03869600182636786,2
N2P29,SEED_62,1,10,literature review,0.04784216452869475,2
N2P29,SEED_116,1,10,literature review,0.15216520399588473,2
N2P29,SEED_2,0,10,literature review,0.12297460110382108,2
N2P29,SEED_93,0,10,literature review,0.06110953885154956,2
N2P29,SEED_119,1,10,literature review,0.07263413180061329,2
N2P29,SEED_84,0,10,literature review,0.07184420324302587,2
N2P29,SEED_90,1,10,literature review,0.10168314958353901,2
N2P29,SEED_20,1,10,literature review,0.029535688085893946,2
N2P31,SEED_89,0,13,literature review,0.013011664337656105,2
N2P31,SEED_43,1,13,literature review,0.05652341745969014,2
N2P31,SEED_16,0,13,literature review,0.06580490852851562,2
N2P31,SEED_39,0,13,literature review,0.03555690750708022,2
N2P31,SEED_102,0,13,literature review,0.05485994308932408,2
N2P31,SEED_4,0,13,literature review,0.10778007277480268,2
N2P31,SEED_27,1,13,literature review,0.1928425224241903,2
N2P31,SEED_70,1,13,literature review,0.08172477101102746,2
N2P31,SEED_115,1,13,literature review,0.02209761458825523,2
N2P31,SEED_23,1,13,literature review,0.24419454417762076,2
N2P31,SEED_84,0,13,literature review,0.07184420324302587,2
N2P31,SEED_74,1,13,literature review,0.045788952881914514,2
N2P31,SEED_86,1,13,literature review,0.07467253707820579,2
N2P31,SEED_40,0,13,literature review,0.03616922310850126,2
N2P43,SEED_61,1,7,literature review,0.059968033729275456,2
N2P43,SEED_12,0,7,literature review,0.06332329199540948,2
N2P43,SEED_24,1,7,literature review,0.06525103738400904,2
N2P43,SEED_21,1,7,literature review,0.04332717025608329,2
N2P43,SEED_54,0,7,literature review,0.0252978715058926,2
N2P43,SEED_25,1,7,literature review,0.03134650983079614,2
N2P43,SEED_84,0,7,literature review,0.07184420324302587,2
N2P43,SEED_27,1,7,literature review,0.1928425224241903,2
N2P103,SEED_16,0,9,literature review,0.06580490852851562,2
N2P103,SEED_100,0,9,literature review,0.022251536993773687,2
N2P103,SEED_101,1,9,literature review,0.023490079101840138,2
N2P103,SEED_31,1,9,literature review,0.033526494815073346,2
N2P103,SEED_32,1,9,literature review,0.09735164776405995,2
N2P103,SEED_60,0,9,literature review,0.03900336059186124,2
N2P103,SEED_37,0,9,literature review,0.0916688018924311,2
N2P103,SEED_112,0,9,literature review,0.04763731112793226,2
N2P103,SEED_1,0,9,literature review,0.13141875515524984,2
N2P103,SEED_27,1,9,literature review,0.1928425224241903,2
N2P14,SEED_92,1,11,position paper,0.05106624582263099,2
N2P14,SEED_61,1,11,position paper,0.059968033729275456,2
N2P14,SEED_83,1,11,position paper,0.052741438587646794,2
N2P14,SEED_98,1,11,position paper,0.011894667691759708,2
N2P14,SEED_113,0,11,position paper,0.03869600182636786,2
N2P14,SEED_39,0,11,position paper,0.03555690750708022,2
N2P14,SEED_38,0,11,position paper,0.061179792753602406,2
N2P14,SEED_70,1,11,position paper,0.08172477101102746,2
N2P14,SEED_8,0,11,position paper,0.06872182608709806,2
N2P14,SEED_112,0,11,position paper,0.04763731112793226,2
N2P14,SEED_34,0,11,position paper,0.08548426810230766,2
N2P14,SEED_111,0,11,position paper,0.04969971145347565,2
N2P115,SEED_100,0,6,position paper,0.022251536993773687,2
N2P115,SEED_98,1,6,position paper,0.011894667691759708,2
N2P115,SEED_7,0,6,position paper,0.021341441722662596,2
N2P115,SEED_103,1,6,position paper,0.1317058804580309,2
N2P115,SEED_10,1,6,position paper,0.2599772228262205,2
N2P115,SEED_14,1,6,position paper,0.029758165991292006,2
N2P115,SEED_20,0,6,position paper,0.029535688085893946,2
N2P3,SEED_110,0,10,literature review,0.08655273033551042,2
N2P3,SEED_88,1,10,literature review,0.0751324199578783,2
N2P3,SEED_94,1,10,literature review,0.1502174121454999,2
N2P3,SEED_85,1,10,literature review,0.06585964077621878,2
N2P3,SEED_27,1,10,literature review,0.1928425224241903,2
N2P3,SEED_68,1,10,literature review,0.022306762819201194,2
N2P3,SEED_82,1,10,literature review,0.031946399533903824,2
N2P3,SEED_115,0,10,literature review,0.02209761458825523,2
N2P3,SEED_80,1,10,literature review,0.05412529367962349,2
N2P3,SEED_96,0,10,literature review,0.10358875368385743,2
N2P3,SEED_18,0,10,literature review,0.07930603337696131,2
N2P53,SEED_64,0,11,literature review,0.07877200791990707,2
N2P53,SEED_107,0,11,literature review,0.042538122034430435,2
N2P53,SEED_88,1,11,literature review,0.0751324199578783,2
N2P53,SEED_101,0,11,literature review,0.023490079101840138,2
N2P53,SEED_28,1,11,literature review,0.03690431206766,2
N2P53,SEED_68,1,11,literature review,0.022306762819201194,2
N2P53,SEED_117,0,11,literature review,0.058265813707136085,2
N2P53,SEED_104,1,11,literature review,0.027022006506890947,2
N2P53,SEED_69,0,11,literature review,0.01686621307186654,2
N2P53,SEED_22,1,11,literature review,0.05799342396218755,2
N2P53,SEED_8,0,11,literature review,0.06872182608709806,2
N2P53,SEED_25,1,11,literature review,0.03134650983079614,2
N2P56,SEED_43,0,9,position paper,0.05652341745969014,2
N2P56,SEED_98,1,9,position paper,0.011894667691759708,2
N2P56,SEED_94,1,9,position paper,0.1502174121454999,2
N2P56,SEED_68,0,9,position paper,0.022306762819201194,2
N2P56,SEED_70,0,9,position paper,0.08172477101102746,2
N2P56,SEED_60,0,9,position paper,0.03900336059186124,2
N2P56,SEED_10,1,9,position paper,0.2599772228262205,2
N2P56,SEED_77,1,9,position paper,0.09597717740914226,2
N2P56,SEED_1,1,9,position paper,0.13141875515524984,2
N2P56,SEED_76,0,9,position paper,0.02911097510188564,2
N2P112,SEED_67,1,3,literature review,0.05032975495304677,2
N2P112,SEED_71,0,3,literature review,0.01920486060179593,2
N2P112,SEED_4,0,3,literature review,0.10778007277480268,2
N2P112,SEED_70,0,3,literature review,0.08172477101102746,2
N2P80,SEED_39,0,6,position paper,0.03555690750708022,2
N2P80,SEED_19,0,6,position paper,0.04109700523383222,2
N2P80,SEED_68,1,6,position paper,0.022306762819201194,2
N2P80,SEED_109,1,6,position paper,0.08741121552597077,2
N2P80,SEED_66,0,6,position paper,0.009691035124209286,2
N2P80,SEED_49,0,6,position paper,0.032768873721272004,2
N2P80,SEED_118,1,6,position paper,0.03264322768755141,2
N2P9,SEED_64,0,9,literature review,0.07877200791990707,2
N2P9,SEED_89,0,9,literature review,0.013011664337656105,2
N2P9,SEED_33,1,9,literature review,0.03666889624528128,2
N2P9,SEED_16,0,9,literature review,0.06580490852851562,2
N2P9,SEED_83,0,9,literature review,0.052741438587646794,2
N2P9,SEED_29,0,9,literature review,0.07042009300336129,2
N2P9,SEED_17,1,9,literature review,0.029211956325465183,2
N2P9,SEED_2,0,9,literature review,0.12297460110382108,2
N2P9,SEED_55,1,9,literature review,0.09584107046851154,2
N2P9,SEED_74,0,9,literature review,0.045788952881914514,2
N2P117,SEED_43,1,9,position paper,0.05652341745969014,2
N2P117,SEED_100,0,9,position paper,0.022251536993773687,2
N2P117,SEED_32,1,9,position paper,0.09735164776405995,2
N2P117,SEED_9,0,9,position paper,0.05790057358028041,2
N2P117,SEED_105,0,9,position paper,0.024092964382771427,2
N2P117,SEED_69,0,9,position paper,0.01686621307186654,2
N2P117,SEED_84,0,9,position paper,0.07184420324302587,2
N2P117,SEED_108,0,9,position paper,0.11699373395608792,2
N2P117,SEED_1,1,9,position paper,0.13141875515524984,2
N2P117,SEED_27,1,9,position paper,0.1928425224241903,2
N2P114,SEED_57,1,10,position paper,0.03673991558283747,2
N2P114,SEED_110,0,10,position paper,0.08655273033551042,2
N2P114,SEED_15,0,10,position paper,0.12583525799894296,2
N2P114,SEED_106,0,10,position paper,0.0396656199956952,2
N2P114,SEED_95,0,10,position paper,0.18268931412556882,2
N2P114,SEED_81,1,10,position paper,0.035788322601505926,2
N2P114,SEED_44,1,10,position paper,0.037266295783348585,2
N2P114,SEED_91,0,10,position paper,0.037739388173408044,2
N2P114,SEED_58,0,10,position paper,0.04043276523483182,2
N2P114,SEED_74,1,10,position paper,0.045788952881914514,2
N2P114,SEED_56,0,10,position paper,0.021739942781307576,2
N2P12,SEED_114,0,7,position paper,0.05371749025215298,2
N2P12,SEED_97,0,7,position paper,0.03609440995756307,2
N2P12,SEED_71,0,7,position paper,0.01920486060179593,2
N2P12,SEED_36,1,7,position paper,0.13828262665054547,2
N2P12,SEED_60,0,7,position paper,0.03900336059186124,2
N2P12,SEED_72,0,7,position paper,0.07981472218677699,2
N2P12,SEED_49,0,7,position paper,0.032768873721272004,2
N2P12,SEED_86,0,7,position paper,0.07467253707820579,2
N2P19,SEED_110,1,11,position paper,0.08655273033551042,2
N2P19,SEED_88,1,11,position paper,0.0751324199578783,2
N2P19,SEED_73,0,11,position paper,0.09938073079147507,2
N2P19,SEED_10,0,11,position paper,0.2599772228262205,2
N2P19,SEED_90,0,11,position paper,0.10168314958353901,2
N2P19,SEED_58,1,11,position paper,0.04043276523483182,2
N2P19,SEED_20,1,11,position paper,0.029535688085893946,2
N2P19,SEED_80,0,11,position paper,0.05412529367962349,2
N2P19,SEED_76,0,11,position paper,0.02911097510188564,2
N2P19,SEED_18,0,11,position paper,0.07930603337696131,2
N2P19,SEED_13,0,11,position paper,0.030904771618012833,2
N2P19,SEED_118,1,11,position paper,0.03264322768755141,2
N2P90,SEED_110,0,11,literature review,0.08655273033551042,2
N2P90,SEED_42,0,11,literature review,0.051653349129091995,2
N2P90,SEED_16,0,11,literature review,0.06580490852851562,2
N2P90,SEED_100,0,11,literature review,0.022251536993773687,2
N2P90,SEED_75,0,11,literature review,0.004317454748062883,2
N2P90,SEED_50,0,11,literature review,0.07323859452802539,2
N2P90,SEED_65,1,11,literature review,0.09967558011174742,2
N2P90,SEED_105,1,11,literature review,0.024092964382771427,2
N2P90,SEED_62,1,11,literature review,0.04784216452869475,2
N2P90,SEED_27,1,11,literature review,0.1928425224241903,2
N2P90,SEED_66,0,11,literature review,0.009691035124209286,2
N2P90,SEED_41,0,11,literature review,0.06663729499428636,2
N2P5,SEED_61,1,13,position paper,0.059968033729275456,2
N2P5,SEED_83,1,13,position paper,0.052741438587646794,2
N2P5,SEED_26,0,13,position paper,0.07104261452564097,2
N2P5,SEED_101,0,13,position paper,0.023490079101840138,2
N2P5,SEED_75,0,13,position paper,0.004317454748062883,2
N2P5,SEED_28,0,13,position paper,0.03690431206766,2
N2P5,SEED_95,1,13,position paper,0.18268931412556882,2
N2P5,SEED_51,0,13,position paper,0.09567458183955731,2
N2P5,SEED_68,0,13,position paper,0.022306762819201194,2
N2P5,SEED_99,0,13,position paper,0.058671135460116444,2
N2P5,SEED_6,1,13,position paper,0.03894507193462498,2
N2P5,SEED_1,1,13,position paper,0.13141875515524984,2
N2P5,SEED_20,1,13,position paper,0.029535688085893946,2
N2P5,SEED_18,0,13,position paper,0.07930603337696131,2
N2P47,SEED_78,0,12,literature review,0.0228613868635909,2
N2P47,SEED_107,1,12,literature review,0.042538122034430435,2
N2P47,SEED_61,1,12,literature review,0.059968033729275456,2
N2P47,SEED_100,0,12,literature review,0.022251536993773687,2
N2P47,SEED_31,0,12,literature review,0.033526494815073346,2
N2P47,SEED_24,1,12,literature review,0.06525103738400904,2
N2P47,SEED_9,1,12,literature review,0.05790057358028041,2
N2P47,SEED_59,0,12,literature review,0.03537515898047227,2
N2P47,SEED_81,0,12,literature review,0.035788322601505926,2
N2P47,SEED_116,0,12,literature review,0.15216520399588473,2
N2P47,SEED_76,0,12,literature review,0.02911097510188564,2
N2P47,SEED_54,1,12,literature review,0.0252978715058926,2
N2P47,SEED_56,1,12,literature review,0.021739942781307576,2
N2P83,SEED_50,0,3,literature review,0.07323859452802539,2
N2P83,SEED_23,1,3,literature review,0.24419454417762076,2
N2P83,SEED_119,0,3,literature review,0.07263413180061329,2
N2P83,SEED_86,0,3,literature review,0.07467253707820579,2
N2P17,SEED_94,1,5,literature review,0.1502174121454999,2
N2P17,SEED_9,1,5,literature review,0.05790057358028041,2
N2P17,SEED_10,0,5,literature review,0.2599772228262205,2
N2P17,SEED_90,0,5,literature review,0.10168314958353901,2
N2P17,SEED_96,0,5,literature review,0.10358875368385743,2
N2P17,SEED_56,0,5,literature review,0.021739942781307576,2
N2P40,SEED_110,1,6,position paper,0.08655273033551042,2
N2P40,SEED_102,0,6,position paper,0.05485994308932408,2
N2P40,SEED_55,1,6,position paper,0.09584107046851154,2
N2P40,SEED_46,1,6,position paper,0.027379269989798654,2
N2P40,SEED_80,0,6,position paper,0.05412529367962349,2
N2P40,SEED_40,0,6,position paper,0.03616922310850126,2
N2P40,SEED_54,1,6,position paper,0.0252978715058926,2
N2P86,SEED_114,0,14,position paper,0.05371749025215298,2
N2P86,SEED_33,1,14,position paper,0.03666889624528128,2
N2P86,SEED_42,0,14,position paper,0.051653349129091995,2
N2P86,SEED_88,1,14,position paper,0.0751324199578783,2
N2P86,SEED_15,1,14,position paper,0.12583525799894296,2
N2P86,SEED_105,0,14,position paper,0.024092964382771427,2
N2P86,SEED_4,0,14,position paper,0.10778007277480268,2
N2P86,SEED_60,0,14,position paper,0.03900336059186124,2
N2P86,SEED_77,0,14,position paper,0.09597717740914226,2
N2P86,SEED_11,0,14,position paper,0.06461885091273475,2
N2P86,SEED_8,0,14,position paper,0.06872182608709806,2
N2P86,SEED_49,0,14,position paper,0.032768873721272004,2
N2P86,SEED_20,1,14,position paper,0.029535688085893946,2
N2P86,SEED_80,0,14,position paper,0.05412529367962349,2
N2P86,SEED_56,0,14,position paper,0.021739942781307576,2
N2P34,SEED_59,1,5,position paper,0.03537515898047227,2
N2P34,SEED_39,0,5,position paper,0.03555690750708022,2
N2P34,SEED_72,0,5,position paper,0.07981472218677699,2
N2P34,SEED_93,1,5,position paper,0.06110953885154956,2
N2P34,SEED_1,1,5,position paper,0.13141875515524984,2
N2P34,SEED_41,0,5,position paper,0.06663729499428636,2
N2P39,SEED_64,0,9,position paper,0.07877200791990707,2
N2P39,SEED_88,1,9,position paper,0.0751324199578783,2
N2P39,SEED_71,0,9,position paper,0.01920486060179593,2
N2P39,SEED_28,0,9,position paper,0.03690431206766,2
N2P39,SEED_7,0,9,position paper,0.021341441722662596,2
N2P39,SEED_51,0,9,position paper,0.09567458183955731,2
N2P39,SEED_99,1,9,position paper,0.058671135460116444,2
N2P39,SEED_14,1,9,position paper,0.029758165991292006,2
N2P39,SEED_93,0,9,position paper,0.06110953885154956,2
N2P39,SEED_37,1,9,position paper,0.0916688018924311,2
N2P6,SEED_110,0,12,literature review,0.08655273033551042,2
N2P6,SEED_87,0,12,literature review,0.14276304721670452,2
N2P6,SEED_100,0,12,literature review,0.022251536993773687,2
N2P6,SEED_94,1,12,literature review,0.1502174121454999,2
N2P6,SEED_73,1,12,literature review,0.09938073079147507,2
N2P6,SEED_4,0,12,literature review,0.10778007277480268,2
N2P6,SEED_44,1,12,literature review,0.037266295783348585,2
N2P6,SEED_117,0,12,literature review,0.058265813707136085,2
N2P6,SEED_104,1,12,literature review,0.027022006506890947,2
N2P6,SEED_25,0,12,literature review,0.03134650983079614,2
N2P6,SEED_84,0,12,literature review,0.07184420324302587,2
N2P6,SEED_55,1,12,literature review,0.09584107046851154,2
N2P6,SEED_112,0,12,literature review,0.04763731112793226,2
N2P45,SEED_64,0,11,literature review,0.07877200791990707,2
N2P45,SEED_57,1,11,literature review,0.03673991558283747,2
N2P45,SEED_33,1,11,literature review,0.03666889624528128,2
N2P45,SEED_100,0,11,literature review,0.022251536993773687,2
N2P45,SEED_75,0,11,literature review,0.004317454748062883,2
N2P45,SEED_39,0,11,literature review,0.03555690750708022,2
N2P45,SEED_19,1,11,literature review,0.04109700523383222,2
N2P45,SEED_104,0,11,literature review,0.027022006506890947,2
N2P45,SEED_69,0,11,literature review,0.01686621307186654,2
N2P45,SEED_49,0,11,literature review,0.032768873721272004,2
N2P45,SEED_20,1,11,literature review,0.029535688085893946,2
N2P45,SEED_96,1,11,literature review,0.10358875368385743,2
N2P65,SEED_87,0,14,literature review,0.14276304721670452,2
N2P65,SEED_107,1,14,literature review,0.042538122034430435,2
N2P65,SEED_59,0,14,literature review,0.03537515898047227,2
N2P65,SEED_4,1,14,literature review,0.10778007277480268,2
N2P65,SEED_62,1,14,literature review,0.04784216452869475,2
N2P65,SEED_44,0,14,literature review,0.037266295783348585,2
N2P65,SEED_99,0,14,literature review,0.058671135460116444,2
N2P65,SEED_63,1,14,literature review,0.04603307219547203,2
N2P65,SEED_23,1,14,literature review,0.24419454417762076,2
N2P65,SEED_69,0,14,literature review,0.01686621307186654,2
N2P65,SEED_66,0,14,literature review,0.009691035124209286,2
N2P65,SEED_119,0,14,literature review,0.07263413180061329,2
N2P65,SEED_112,0,14,literature review,0.04763731112793226,2
N2P65,SEED_86,0,14,literature review,0.07467253707820579,2
N2P65,SEED_118,1,14,literature review,0.03264322768755141,2
N2P10,SEED_64,0,14,literature review,0.07877200791990707,2
N2P10,SEED_89,0,14,literature review,0.013011664337656105,2
N2P10,SEED_42,0,14,literature review,0.051653349129091995,2
N2P10,SEED_43,1,14,literature review,0.05652341745969014,2
N2P10,SEED_107,1,14,literature review,0.042538122034430435,2
N2P10,SEED_114,0,14,literature review,0.05371749025215298,2
N2P10,SEED_78,0,14,literature review,0.0228613868635909,2
N2P10,SEED_94,1,14,literature review,0.1502174121454999,2
N2P10,SEED_79,0,14,literature review,0.1318500750967745,2
N2P10,SEED_4,0,14,literature review,0.10778007277480268,2
N2P10,SEED_30,1,14,literature review,0.045065154448624835,2
N2P10,SEED_68,0,14,literature review,0.022306762819201194,2
N2P10,SEED_47,1,14,literature review,0.11197067729022589,2
N2P10,SEED_18,1,14,literature review,0.07930603337696131,2
N2P10,SEED_118,0,14,literature review,0.03264322768755141,2
N2P33,SEED_65,1,7,literature review,0.09967558011174742,2
N2P33,SEED_59,0,7,literature review,0.03537515898047227,2
N2P33,SEED_39,1,7,literature review,0.03555690750708022,2
N2P33,SEED_17,1,7,literature review,0.029211956325465183,2
N2P33,SEED_63,1,7,literature review,0.04603307219547203,2
N2P33,SEED_58,1,7,literature review,0.04043276523483182,2
N2P33,SEED_20,1,7,literature review,0.029535688085893946,2
N2P33,SEED_80,0,7,literature review,0.05412529367962349,2
N2P2,SEED_87,0,10,position paper,0.14276304721670452,2
N2P2,SEED_42,0,10,position paper,0.051653349129091995,2
N2P2,SEED_75,1,10,position paper,0.004317454748062883,2
N2P2,SEED_45,0,10,position paper,0.04818303463809887,2
N2P2,SEED_71,0,10,position paper,0.01920486060179593,2
N2P2,SEED_18,0,10,position paper,0.07930603337696131,2
N2P2,SEED_99,0,10,position paper,0.058671135460116444,2
N2P2,SEED_63,1,10,position paper,0.04603307219547203,2
N2P2,SEED_104,1,10,position paper,0.027022006506890947,2
N2P2,SEED_58,0,10,position paper,0.04043276523483182,2
N2P2,SEED_13,1,10,position paper,0.030904771618012833,2
N2P28,SEED_16,0,12,literature review,0.06580490852851562,2
N2P28,SEED_61,1,12,literature review,0.059968033729275456,2
N2P28,SEED_88,1,12,literature review,0.0751324199578783,2
N2P28,SEED_94,1,12,literature review,0.1502174121454999,2
N2P28,SEED_28,0,12,literature review,0.03690431206766,2
N2P28,SEED_12,0,12,literature review,0.06332329199540948,2
N2P28,SEED_9,0,12,literature review,0.05790057358028041,2
N2P28,SEED_51,1,12,literature review,0.09567458183955731,2
N2P28,SEED_81,1,12,literature review,0.035788322601505926,2
N2P28,SEED_29,0,12,literature review,0.07042009300336129,2
N2P28,SEED_19,1,12,literature review,0.04109700523383222,2
N2P28,SEED_22,1,12,literature review,0.05799342396218755,2
N2P28,SEED_52,0,12,literature review,0.0773265984984997,2
N2P46,SEED_89,1,9,literature review,0.013011664337656105,2
N2P46,SEED_78,0,9,literature review,0.0228613868635909,2
N2P46,SEED_94,1,9,literature review,0.1502174121454999,2
N2P46,SEED_73,0,9,literature review,0.09938073079147507,2
N2P46,SEED_15,1,9,literature review,0.12583525799894296,2
N2P46,SEED_9,0,9,literature review,0.05790057358028041,2
N2P46,SEED_4,1,9,literature review,0.10778007277480268,2
N2P46,SEED_21,1,9,literature review,0.04332717025608329,2
N2P46,SEED_91,0,9,literature review,0.037739388173408044,2
N2P46,SEED_20,1,9,literature review,0.029535688085893946,2
N2P38,SEED_103,1,9,literature review,0.1317058804580309,2
N2P38,SEED_2,0,9,literature review,0.12297460110382108,2
N2P38,SEED_82,0,9,literature review,0.031946399533903824,2
N2P38,SEED_36,1,9,literature review,0.13828262665054547,2
N2P38,SEED_23,1,9,literature review,0.24419454417762076,2
N2P38,SEED_72,0,9,literature review,0.07981472218677699,2
N2P38,SEED_35,0,9,literature review,0.053243975534267386,2
N2P38,SEED_91,0,9,literature review,0.037739388173408044,2
N2P38,SEED_74,1,9,literature review,0.045788952881914514,2
N2P38,SEED_76,0,9,literature review,0.02911097510188564,2
N2P55,SEED_48,1,10,literature review,0.029185376778173528,2
N2P55,SEED_73,1,10,literature review,0.09938073079147507,2
N2P55,SEED_59,0,10,literature review,0.03537515898047227,2
N2P55,SEED_68,1,10,literature review,0.022306762819201194,2
N2P55,SEED_60,0,10,literature review,0.03900336059186124,2
N2P55,SEED_47,1,10,literature review,0.11197067729022589,2
N2P55,SEED_109,1,10,literature review,0.08741121552597077,2
N2P55,SEED_14,1,10,literature review,0.029758165991292006,2
N2P55,SEED_22,1,10,literature review,0.05799342396218755,2
N2P55,SEED_1,0,10,literature review,0.13141875515524984,2
N2P55,SEED_80,0,10,literature review,0.05412529367962349,2
N2P32,SEED_89,0,12,literature review,0.013011664337656105,2
N2P32,SEED_92,0,12,literature review,0.05106624582263099,2
N2P32,SEED_73,0,12,literature review,0.09938073079147507,2
N2P32,SEED_9,1,12,literature review,0.05790057358028041,2
N2P32,SEED_13,1,12,literature review,0.030904771618012833,2
N2P32,SEED_81,0,12,literature review,0.035788322601505926,2
N2P32,SEED_104,0,12,literature review,0.027022006506890947,2
N2P32,SEED_47,1,12,literature review,0.11197067729022589,2
N2P32,SEED_66,0,12,literature review,0.009691035124209286,2
N2P32,SEED_11,0,12,literature review,0.06461885091273475,2
N2P32,SEED_55,1,12,literature review,0.09584107046851154,2
N2P32,SEED_108,0,12,literature review,0.11699373395608792,2
N2P32,SEED_1,1,12,literature review,0.13141875515524984,2
N2P50,SEED_67,1,11,literature review,0.05032975495304677,2
N2P50,SEED_12,0,11,literature review,0.06332329199540948,2
N2P50,SEED_39,0,11,literature review,0.03555690750708022,2
N2P50,SEED_103,1,11,literature review,0.1317058804580309,2
N2P50,SEED_117,0,11,literature review,0.058265813707136085,2
N2P50,SEED_23,0,11,literature review,0.24419454417762076,2
N2P50,SEED_77,1,11,literature review,0.09597717740914226,2
N2P50,SEED_84,0,11,literature review,0.07184420324302587,2
N2P50,SEED_108,1,11,literature review,0.11699373395608792,2
N2P50,SEED_58,0,11,literature review,0.04043276523483182,2
N2P50,SEED_34,0,11,literature review,0.08548426810230766,2
N2P50,SEED_74,1,11,literature review,0.045788952881914514,2
N2P15,SEED_87,1,7,position paper,0.14276304721670452,2
N2P15,SEED_26,0,7,position paper,0.07104261452564097,2
N2P15,SEED_9,1,7,position paper,0.05790057358028041,2
N2P15,SEED_38,0,7,position paper,0.061179792753602406,2
N2P15,SEED_69,0,7,position paper,0.01686621307186654,2
N2P15,SEED_14,1,7,position paper,0.029758165991292006,2
N2P15,SEED_8,0,7,position paper,0.06872182608709806,2
N2P15,SEED_56,0,7,position paper,0.021739942781307576,2
N2P81,SEED_83,1,7,position paper,0.052741438587646794,2
N2P81,SEED_28,0,7,position paper,0.03690431206766,2
N2P81,SEED_106,0,7,position paper,0.0396656199956952,2
N2P81,SEED_62,1,7,position paper,0.04784216452869475,2
N2P81,SEED_6,1,7,position paper,0.03894507193462498,2
N2P81,SEED_93,0,7,position paper,0.06110953885154956,2
N2P81,SEED_22,1,7,position paper,0.05799342396218755,2
N2P81,SEED_37,0,7,position paper,0.0916688018924311,2
N2P64,SEED_33,1,8,literature review,0.03666889624528128,2
N2P64,SEED_114,1,8,literature review,0.05371749025215298,2
N2P64,SEED_45,1,8,literature review,0.04818303463809887,2
N2P64,SEED_103,1,8,literature review,0.1317058804580309,2
N2P64,SEED_44,1,8,literature review,0.037266295783348585,2
N2P64,SEED_109,0,8,literature review,0.08741121552597077,2
N2P64,SEED_66,1,8,literature review,0.009691035124209286,2
N2P64,SEED_93,0,8,literature review,0.06110953885154956,2
N2P64,SEED_52,0,8,literature review,0.0773265984984997,2
N2P92,SEED_48,1,11,position paper,0.029185376778173528,2
N2P92,SEED_107,1,11,position paper,0.042538122034430435,2
N2P92,SEED_50,0,11,position paper,0.07323859452802539,2
N2P92,SEED_71,0,11,position paper,0.01920486060179593,2
N2P92,SEED_28,0,11,position paper,0.03690431206766,2
N2P92,SEED_102,0,11,position paper,0.05485994308932408,2
N2P92,SEED_21,1,11,position paper,0.04332717025608329,2
N2P92,SEED_72,1,11,position paper,0.07981472218677699,2
N2P92,SEED_8,1,11,position paper,0.06872182608709806,2
N2P92,SEED_52,0,11,position paper,0.0773265984984997,2
N2P92,SEED_20,1,11,position paper,0.029535688085893946,2
N2P92,SEED_46,0,11,position paper,0.027379269989798654,2
N2P88,SEED_26,0,8,position paper,0.07104261452564097,2
N2P88,SEED_9,1,8,position paper,0.05790057358028041,2
N2P88,SEED_10,0,8,position paper,0.2599772228262205,2
N2P88,SEED_53,0,8,position paper,0.08163751252417001,2
N2P88,SEED_22,0,8,position paper,0.05799342396218755,2
N2P88,SEED_119,0,8,position paper,0.07263413180061329,2
N2P88,SEED_52,0,8,position paper,0.0773265984984997,2
N2P88,SEED_41,0,8,position paper,0.06663729499428636,2
N2P88,SEED_74,0,8,position paper,0.045788952881914514,2
N2P37,SEED_13,0,7,literature review,0.030904771618012833,2
N2P37,SEED_113,0,7,literature review,0.03869600182636786,2
N2P37,SEED_19,0,7,literature review,0.04109700523383222,2
N2P37,SEED_117,0,7,literature review,0.058265813707136085,2
N2P37,SEED_21,1,7,literature review,0.04332717025608329,2
N2P37,SEED_47,1,7,literature review,0.11197067729022589,2
N2P37,SEED_11,1,7,literature review,0.06461885091273475,2
N2P37,SEED_8,0,7,literature review,0.06872182608709806,2
N3P34,SEED_107,0,11,position paper,0.042538122034430435,3
N3P34,SEED_78,1,11,position paper,0.0228613868635909,3
N3P34,SEED_71,0,11,position paper,0.01920486060179593,3
N3P34,SEED_59,0,11,position paper,0.03537515898047227,3
N3P34,SEED_7,0,11,position paper,0.021341441722662596,3
N3P34,SEED_38,0,11,position paper,0.061179792753602406,3
N3P34,SEED_60,0,11,position paper,0.03900336059186124,3
N3P34,SEED_47,1,11,position paper,0.11197067729022589,3
N3P34,SEED_6,1,11,position paper,0.03894507193462498,3
N3P34,SEED_119,1,11,position paper,0.07263413180061329,3
N3P34,SEED_52,0,11,position paper,0.0773265984984997,3
N3P34,SEED_86,0,11,position paper,0.07467253707820579,3
N3P56,SEED_75,1,5,literature review,0.004317454748062883,3
N3P56,SEED_59,0,5,literature review,0.03537515898047227,3
N3P56,SEED_19,0,5,literature review,0.04109700523383222,3
N3P56,SEED_53,1,5,literature review,0.08163751252417001,3
N3P56,SEED_77,1,5,literature review,0.09597717740914226,3
N3P56,SEED_41,0,5,literature review,0.06663729499428636,3
N3P51,SEED_64,0,7,position paper,0.07877200791990707,3
N3P51,SEED_33,1,7,position paper,0.03666889624528128,3
N3P51,SEED_61,1,7,position paper,0.059968033729275456,3
N3P51,SEED_88,1,7,position paper,0.0751324199578783,3
N3P51,SEED_115,0,7,position paper,0.02209761458825523,3
N3P51,SEED_53,0,7,position paper,0.08163751252417001,3
N3P51,SEED_112,0,7,position paper,0.04763731112793226,3
N3P51,SEED_41,0,7,position paper,0.06663729499428636,3
N3P67,SEED_33,1,3,position paper,0.03666889624528128,3
N3P67,SEED_70,0,3,position paper,0.08172477101102746,3
N3P67,SEED_115,0,3,position paper,0.02209761458825523,3
N3P67,SEED_112,0,3,position paper,0.04763731112793226,3
N3P97,SEED_43,1,6,position paper,0.05652341745969014,3
N3P97,SEED_92,0,6,position paper,0.05106624582263099,3
N3P97,SEED_45,0,6,position paper,0.04818303463809887,3
N3P97,SEED_32,1,6,position paper,0.09735164776405995,3
N3P97,SEED_7,0,6,position paper,0.021341441722662596,3
N3P97,SEED_117,0,6,position paper,0.058265813707136085,3
N3P97,SEED_90,1,6,position paper,0.10168314958353901,3
N3P99,SEED_22,1,0,literature review,0.05799342396218755,3
N3P104,SEED_78,0,5,position paper,0.0228613868635909,3
N3P104,SEED_73,1,5,position paper,0.09938073079147507,3
N3P104,SEED_12,0,5,position paper,0.06332329199540948,3
N3P104,SEED_36,1,5,position paper,0.13828262665054547,3
N3P104,SEED_53,1,5,position paper,0.08163751252417001,3
N3P104,SEED_112,0,5,position paper,0.04763731112793226,3
N3P100,SEED_87,1,8,literature review,0.14276304721670452,3
N3P100,SEED_67,1,8,literature review,0.05032975495304677,3
N3P100,SEED_28,1,8,literature review,0.03690431206766,3
N3P100,SEED_15,1,8,literature review,0.12583525799894296,3
N3P100,SEED_81,1,8,literature review,0.035788322601505926,3
N3P100,SEED_22,1,8,literature review,0.05799342396218755,3
N3P100,SEED_35,0,8,literature review,0.053243975534267386,3
N3P100,SEED_37,0,8,literature review,0.0916688018924311,3
N3P100,SEED_90,1,8,literature review,0.10168314958353901,3
N3P74,SEED_33,1,7,literature review,0.03666889624528128,3
N3P74,SEED_3,1,7,literature review,0.06798054115184436,3
N3P74,SEED_7,0,7,literature review,0.021341441722662596,3
N3P74,SEED_81,0,7,literature review,0.035788322601505926,3
N3P74,SEED_63,1,7,literature review,0.04603307219547203,3
N3P74,SEED_60,0,7,literature review,0.03900336059186124,3
N3P74,SEED_66,1,7,literature review,0.009691035124209286,3
N3P74,SEED_8,1,7,literature review,0.06872182608709806,3
N3P105,SEED_89,1,7,position paper,0.013011664337656105,3
N3P105,SEED_12,0,7,position paper,0.06332329199540948,3
N3P105,SEED_9,0,7,position paper,0.05790057358028041,3
N3P105,SEED_106,1,7,position paper,0.0396656199956952,3
N3P105,SEED_82,0,7,position paper,0.031946399533903824,3
N3P105,SEED_23,1,7,position paper,0.24419454417762076,3
N3P105,SEED_55,1,7,position paper,0.09584107046851154,3
N3P105,SEED_76,0,7,position paper,0.02911097510188564,3
N3P22,SEED_57,1,3,position paper,0.03673991558283747,3
N3P22,SEED_15,1,3,position paper,0.12583525799894296,3
N3P22,SEED_44,1,3,position paper,0.037266295783348585,3
N3P22,SEED_112,0,3,position paper,0.04763731112793226,3
N3P33,SEED_87,1,7,literature review,0.14276304721670452,3
N3P33,SEED_110,0,7,literature review,0.08655273033551042,3
N3P33,SEED_100,1,7,literature review,0.022251536993773687,3
N3P33,SEED_12,1,7,literature review,0.06332329199540948,3
N3P33,SEED_113,1,7,literature review,0.03869600182636786,3
N3P33,SEED_81,1,7,literature review,0.035788322601505926,3
N3P33,SEED_109,1,7,literature review,0.08741121552597077,3
N3P33,SEED_27,1,7,literature review,0.1928425224241903,3
N3P79,SEED_9,0,4,literature review,0.05790057358028041,3
N3P79,SEED_59,0,4,literature review,0.03537515898047227,3
N3P79,SEED_119,1,4,literature review,0.07263413180061329,3
N3P79,SEED_35,0,4,literature review,0.053243975534267386,3
N3P79,SEED_34,1,4,literature review,0.08548426810230766,3
N3P93,SEED_89,0,12,position paper,0.013011664337656105,3
N3P93,SEED_114,1,12,position paper,0.05371749025215298,3
N3P93,SEED_107,0,12,position paper,0.042538122034430435,3
N3P93,SEED_45,0,12,position paper,0.04818303463809887,3
N3P93,SEED_81,1,12,position paper,0.035788322601505926,3
N3P93,SEED_62,1,12,position paper,0.04784216452869475,3
N3P93,SEED_17,1,12,position paper,0.029211956325465183,3
N3P93,SEED_5,0,12,position paper,0.04891575446422762,3
N3P93,SEED_52,0,12,position paper,0.0773265984984997,3
N3P93,SEED_55,1,12,position paper,0.09584107046851154,3
N3P93,SEED_20,1,12,position paper,0.029535688085893946,3
N3P93,SEED_111,0,12,position paper,0.04969971145347565,3
N3P93,SEED_40,0,12,position paper,0.03616922310850126,3
N3P110,SEED_103,1,5,position paper,0.1317058804580309,3
N3P110,SEED_29,0,5,position paper,0.07042009300336129,3
N3P110,SEED_17,1,5,position paper,0.029211956325465183,3
N3P110,SEED_23,1,5,position paper,0.24419454417762076,3
N3P110,SEED_53,1,5,position paper,0.08163751252417001,3
N3P110,SEED_84,0,5,position paper,0.07184420324302587,3
N3P92,SEED_101,0,5,literature review,0.023490079101840138,3
N3P92,SEED_31,1,5,literature review,0.033526494815073346,3
N3P92,SEED_95,1,5,literature review,0.18268931412556882,3
N3P92,SEED_19,1,5,literature review,0.04109700523383222,3
N3P92,SEED_49,0,5,literature review,0.032768873721272004,3
N3P92,SEED_40,0,5,literature review,0.03616922310850126,3
N3P39,SEED_31,1,6,position paper,0.033526494815073346,3
N3P39,SEED_65,1,6,position paper,0.09967558011174742,3
N3P39,SEED_17,1,6,position paper,0.029211956325465183,3
N3P39,SEED_104,0,6,position paper,0.027022006506890947,3
N3P39,SEED_21,0,6,position paper,0.04332717025608329,3
N3P39,SEED_69,0,6,position paper,0.01686621307186654,3
N3P39,SEED_108,1,6,position paper,0.11699373395608792,3
N3P107,SEED_43,1,7,position paper,0.05652341745969014,3
N3P107,SEED_110,0,7,position paper,0.08655273033551042,3
N3P107,SEED_92,0,7,position paper,0.05106624582263099,3
N3P107,SEED_101,0,7,position paper,0.023490079101840138,3
N3P107,SEED_45,1,7,position paper,0.04818303463809887,3
N3P107,SEED_55,1,7,position paper,0.09584107046851154,3
N3P107,SEED_74,1,7,position paper,0.045788952881914514,3
N3P107,SEED_76,0,7,position paper,0.02911097510188564,3
N3P43,SEED_61,1,7,literature review,0.059968033729275456,3
N3P43,SEED_26,1,7,literature review,0.07104261452564097,3
N3P43,SEED_65,1,7,literature review,0.09967558011174742,3
N3P43,SEED_102,0,7,literature review,0.05485994308932408,3
N3P43,SEED_47,1,7,literature review,0.11197067729022589,3
N3P43,SEED_11,1,7,literature review,0.06461885091273475,3
N3P43,SEED_49,0,7,literature review,0.032768873721272004,3
N3P43,SEED_34,0,7,literature review,0.08548426810230766,3
N3P85,SEED_57,1,5,position paper,0.03673991558283747,3
N3P85,SEED_48,1,5,position paper,0.029185376778173528,3
N3P85,SEED_94,1,5,position paper,0.1502174121454999,3
N3P85,SEED_32,0,5,position paper,0.09735164776405995,3
N3P85,SEED_4,1,5,position paper,0.10778007277480268,3
N3P85,SEED_56,0,5,position paper,0.021739942781307576,3
N3P101,SEED_87,0,9,literature review,0.14276304721670452,3
N3P101,SEED_61,1,9,literature review,0.059968033729275456,3
N3P101,SEED_26,0,9,literature review,0.07104261452564097,3
N3P101,SEED_32,1,9,literature review,0.09735164776405995,3
N3P101,SEED_51,1,9,literature review,0.09567458183955731,3
N3P101,SEED_39,1,9,literature review,0.03555690750708022,3
N3P101,SEED_70,1,9,literature review,0.08172477101102746,3
N3P101,SEED_82,1,9,literature review,0.031946399533903824,3
N3P101,SEED_23,0,9,literature review,0.24419454417762076,3
N3P101,SEED_40,0,9,literature review,0.03616922310850126,3
N3P53,SEED_62,1,3,position paper,0.04784216452869475,3
N3P53,SEED_47,1,3,position paper,0.11197067729022589,3
N3P53,SEED_109,1,3,position paper,0.08741121552597077,3
N3P53,SEED_119,0,3,position paper,0.07263413180061329,3
N3P73,SEED_57,1,6,position paper,0.03673991558283747,3
N3P73,SEED_105,1,6,position paper,0.024092964382771427,3
N3P73,SEED_39,1,6,position paper,0.03555690750708022,3
N3P73,SEED_17,0,6,position paper,0.029211956325465183,3
N3P73,SEED_84,0,6,position paper,0.07184420324302587,3
N3P73,SEED_52,0,6,position paper,0.0773265984984997,3
N3P73,SEED_1,1,6,position paper,0.13141875515524984,3
N3P81,SEED_57,1,9,position paper,0.03673991558283747,3
N3P81,SEED_64,0,9,position paper,0.07877200791990707,3
N3P81,SEED_16,0,9,position paper,0.06580490852851562,3
N3P81,SEED_73,1,9,position paper,0.09938073079147507,3
N3P81,SEED_19,0,9,position paper,0.04109700523383222,3
N3P81,SEED_5,0,9,position paper,0.04891575446422762,3
N3P81,SEED_11,1,9,position paper,0.06461885091273475,3
N3P81,SEED_8,0,9,position paper,0.06872182608709806,3
N3P81,SEED_20,1,9,position paper,0.029535688085893946,3
N3P81,SEED_111,1,9,position paper,0.04969971145347565,3
N3P12,SEED_87,1,4,position paper,0.14276304721670452,3
N3P12,SEED_114,0,4,position paper,0.05371749025215298,3
N3P12,SEED_21,1,4,position paper,0.04332717025608329,3
N3P12,SEED_84,0,4,position paper,0.07184420324302587,3
N3P12,SEED_56,0,4,position paper,0.021739942781307576,3
N3P23,SEED_107,0,6,position paper,0.042538122034430435,3
N3P23,SEED_98,1,6,position paper,0.011894667691759708,3
N3P23,SEED_44,1,6,position paper,0.037266295783348585,3
N3P23,SEED_93,0,6,position paper,0.06110953885154956,3
N3P23,SEED_90,1,6,position paper,0.10168314958353901,3
N3P23,SEED_54,0,6,position paper,0.0252978715058926,3
N3P23,SEED_56,0,6,position paper,0.021739942781307576,3
N3P54,SEED_86,0,9,position paper,0.07467253707820579,3
N3P54,SEED_87,0,9,position paper,0.14276304721670452,3
N3P54,SEED_85,1,9,position paper,0.06585964077621878,3
N3P54,SEED_81,1,9,position paper,0.035788322601505926,3
N3P54,SEED_115,0,9,position paper,0.02209761458825523,3
N3P54,SEED_72,1,9,position paper,0.07981472218677699,3
N3P54,SEED_53,1,9,position paper,0.08163751252417001,3
N3P54,SEED_22,0,9,position paper,0.05799342396218755,3
N3P54,SEED_90,1,9,position paper,0.10168314958353901,3
N3P54,SEED_18,1,9,position paper,0.07930603337696131,3
N3P26,SEED_66,0,3,position paper,0.009691035124209286,3
N3P26,SEED_25,0,3,position paper,0.03134650983079614,3
N3P26,SEED_80,0,3,position paper,0.05412529367962349,3
N3P26,SEED_56,0,3,position paper,0.021739942781307576,3
N3P48,SEED_89,0,7,position paper,0.013011664337656105,3
N3P48,SEED_83,1,7,position paper,0.052741438587646794,3
N3P48,SEED_50,0,7,position paper,0.07323859452802539,3
N3P48,SEED_31,0,7,position paper,0.033526494815073346,3
N3P48,SEED_9,1,7,position paper,0.05790057358028041,3
N3P48,SEED_10,0,7,position paper,0.2599772228262205,3
N3P48,SEED_20,1,7,position paper,0.029535688085893946,3
N3P48,SEED_46,1,7,position paper,0.027379269989798654,3
N3P5,SEED_88,1,8,literature review,0.0751324199578783,3
N3P5,SEED_31,1,8,literature review,0.033526494815073346,3
N3P5,SEED_79,0,8,literature review,0.1318500750967745,3
N3P5,SEED_9,1,8,literature review,0.05790057358028041,3
N3P5,SEED_85,1,8,literature review,0.06585964077621878,3
N3P5,SEED_82,1,8,literature review,0.031946399533903824,3
N3P5,SEED_6,1,8,literature review,0.03894507193462498,3
N3P5,SEED_108,1,8,literature review,0.11699373395608792,3
N3P5,SEED_13,1,8,literature review,0.030904771618012833,3
N3P24,SEED_114,0,6,literature review,0.05371749025215298,3
N3P24,SEED_78,0,6,literature review,0.0228613868635909,3
N3P24,SEED_28,0,6,literature review,0.03690431206766,3
N3P24,SEED_106,0,6,literature review,0.0396656199956952,3
N3P24,SEED_59,0,6,literature review,0.03537515898047227,3
N3P24,SEED_6,1,6,literature review,0.03894507193462498,3
N3P24,SEED_55,1,6,literature review,0.09584107046851154,3
N3P18,SEED_83,1,5,position paper,0.052741438587646794,3
N3P18,SEED_67,1,5,position paper,0.05032975495304677,3
N3P18,SEED_29,0,5,position paper,0.07042009300336129,3
N3P18,SEED_5,0,5,position paper,0.04891575446422762,3
N3P18,SEED_72,0,5,position paper,0.07981472218677699,3
N3P18,SEED_46,1,5,position paper,0.027379269989798654,3
N3P50,SEED_16,0,4,position paper,0.06580490852851562,3
N3P50,SEED_114,1,4,position paper,0.05371749025215298,3
N3P50,SEED_69,1,4,position paper,0.01686621307186654,3
N3P50,SEED_93,0,4,position paper,0.06110953885154956,3
N3P50,SEED_49,0,4,position paper,0.032768873721272004,3
N3P90,SEED_26,1,4,literature review,0.07104261452564097,3
N3P90,SEED_45,0,4,literature review,0.04818303463809887,3
N3P90,SEED_109,1,4,literature review,0.08741121552597077,3
N3P90,SEED_25,1,4,literature review,0.03134650983079614,3
N3P90,SEED_49,0,4,literature review,0.032768873721272004,3
N3P25,SEED_45,0,8,position paper,0.04818303463809887,3
N3P25,SEED_50,0,8,position paper,0.07323859452802539,3
N3P25,SEED_105,1,8,position paper,0.024092964382771427,3
N3P25,SEED_63,0,8,position paper,0.04603307219547203,3
N3P25,SEED_2,0,8,position paper,0.12297460110382108,3
N3P25,SEED_10,0,8,position paper,0.2599772228262205,3
N3P25,SEED_52,0,8,position paper,0.0773265984984997,3
N3P25,SEED_13,1,8,position paper,0.030904771618012833,3
N3P25,SEED_56,1,8,position paper,0.021739942781307576,3
N3P13,SEED_64,0,8,position paper,0.07877200791990707,3
N3P13,SEED_83,0,8,position paper,0.052741438587646794,3
N3P13,SEED_98,1,8,position paper,0.011894667691759708,3
N3P13,SEED_30,0,8,position paper,0.045065154448624835,3
N3P13,SEED_63,1,8,position paper,0.04603307219547203,3
N3P13,SEED_21,1,8,position paper,0.04332717025608329,3
N3P13,SEED_111,1,8,position paper,0.04969971145347565,3
N3P13,SEED_46,0,8,position paper,0.027379269989798654,3
N3P13,SEED_118,1,8,position paper,0.03264322768755141,3
N3P35,SEED_15,1,8,literature review,0.12583525799894296,3
N3P35,SEED_106,0,8,literature review,0.0396656199956952,3
N3P35,SEED_39,0,8,literature review,0.03555690750708022,3
N3P35,SEED_23,0,8,literature review,0.24419454417762076,3
N3P35,SEED_8,0,8,literature review,0.06872182608709806,3
N3P35,SEED_112,0,8,literature review,0.04763731112793226,3
N3P35,SEED_20,1,8,literature review,0.029535688085893946,3
N3P35,SEED_41,0,8,literature review,0.06663729499428636,3
N3P35,SEED_18,0,8,literature review,0.07930603337696131,3
N3P89,SEED_100,0,9,position paper,0.022251536993773687,3
N3P89,SEED_50,0,9,position paper,0.07323859452802539,3
N3P89,SEED_31,1,9,position paper,0.033526494815073346,3
N3P89,SEED_28,0,9,position paper,0.03690431206766,3
N3P89,SEED_79,0,9,position paper,0.1318500750967745,3
N3P89,SEED_105,0,9,position paper,0.024092964382771427,3
N3P89,SEED_116,0,9,position paper,0.15216520399588473,3
N3P89,SEED_72,0,9,position paper,0.07981472218677699,3
N3P89,SEED_8,0,9,position paper,0.06872182608709806,3
N3P89,SEED_112,0,9,position paper,0.04763731112793226,3
N3P86,SEED_113,1,5,literature review,0.03869600182636786,3
N3P86,SEED_102,0,5,literature review,0.05485994308932408,3
N3P86,SEED_47,1,5,literature review,0.11197067729022589,3
N3P86,SEED_69,1,5,literature review,0.01686621307186654,3
N3P86,SEED_34,0,5,literature review,0.08548426810230766,3
N3P86,SEED_76,1,5,literature review,0.02911097510188564,3
N3P21,SEED_61,1,7,position paper,0.059968033729275456,3
N3P21,SEED_67,1,7,position paper,0.05032975495304677,3
N3P21,SEED_45,0,7,position paper,0.04818303463809887,3
N3P21,SEED_24,0,7,position paper,0.06525103738400904,3
N3P21,SEED_99,0,7,position paper,0.058671135460116444,3
N3P21,SEED_10,0,7,position paper,0.2599772228262205,3
N3P21,SEED_86,0,7,position paper,0.07467253707820579,3
N3P21,SEED_40,0,7,position paper,0.03616922310850126,3
N3P20,SEED_89,1,8,literature review,0.013011664337656105,3
N3P20,SEED_101,1,8,literature review,0.023490079101840138,3
N3P20,SEED_79,0,8,literature review,0.1318500750967745,3
N3P20,SEED_85,1,8,literature review,0.06585964077621878,3
N3P20,SEED_81,1,8,literature review,0.035788322601505926,3
N3P20,SEED_38,0,8,literature review,0.061179792753602406,3
N3P20,SEED_27,1,8,literature review,0.1928425224241903,3
N3P20,SEED_115,0,8,literature review,0.02209761458825523,3
N3P20,SEED_55,1,8,literature review,0.09584107046851154,3
N3P16,SEED_57,0,6,position paper,0.03673991558283747,3
N3P16,SEED_26,1,6,position paper,0.07104261452564097,3
N3P16,SEED_113,0,6,position paper,0.03869600182636786,3
N3P16,SEED_104,1,6,position paper,0.027022006506890947,3
N3P16,SEED_6,1,6,position paper,0.03894507193462498,3
N3P16,SEED_20,1,6,position paper,0.029535688085893946,3
N3P16,SEED_46,0,6,position paper,0.027379269989798654,3
N3P102,SEED_100,0,3,literature review,0.022251536993773687,3
N3P102,SEED_94,1,3,literature review,0.1502174121454999,3
N3P102,SEED_7,0,3,literature review,0.021341441722662596,3
N3P102,SEED_54,0,3,literature review,0.0252978715058926,3
N3P2,SEED_107,0,14,literature review,0.042538122034430435,3
N3P2,SEED_50,1,14,literature review,0.07323859452802539,3
N3P2,SEED_79,0,14,literature review,0.1318500750967745,3
N3P2,SEED_65,1,14,literature review,0.09967558011174742,3
N3P2,SEED_30,0,14,literature review,0.045065154448624835,3
N3P2,SEED_115,0,14,literature review,0.02209761458825523,3
N3P2,SEED_69,1,14,literature review,0.01686621307186654,3
N3P2,SEED_93,0,14,literature review,0.06110953885154956,3
N3P2,SEED_119,0,14,literature review,0.07263413180061329,3
N3P2,SEED_108,1,14,literature review,0.11699373395608792,3
N3P2,SEED_1,0,14,literature review,0.13141875515524984,3
N3P2,SEED_58,0,14,literature review,0.04043276523483182,3
N3P2,SEED_80,0,14,literature review,0.05412529367962349,3
N3P2,SEED_86,0,14,literature review,0.07467253707820579,3
N3P2,SEED_56,0,14,literature review,0.021739942781307576,3
N3P62,SEED_89,1,9,position paper,0.013011664337656105,3
N3P62,SEED_83,1,9,position paper,0.052741438587646794,3
N3P62,SEED_100,0,9,position paper,0.022251536993773687,3
N3P62,SEED_106,1,9,position paper,0.0396656199956952,3
N3P62,SEED_39,1,9,position paper,0.03555690750708022,3
N3P62,SEED_60,0,9,position paper,0.03900336059186124,3
N3P62,SEED_49,0,9,position paper,0.032768873721272004,3
N3P62,SEED_111,1,9,position paper,0.04969971145347565,3
N3P62,SEED_41,0,9,position paper,0.06663729499428636,3
N3P62,SEED_54,0,9,position paper,0.0252978715058926,3
N3P66,SEED_38,0,0,position paper,0.061179792753602406,3
N3P108,SEED_88,0,9,literature review,0.0751324199578783,3
N3P108,SEED_45,0,9,literature review,0.04818303463809887,3
N3P108,SEED_81,0,9,literature review,0.035788322601505926,3
N3P108,SEED_62,1,9,literature review,0.04784216452869475,3
N3P108,SEED_44,1,9,literature review,0.037266295783348585,3
N3P108,SEED_68,0,9,literature review,0.022306762819201194,3
N3P108,SEED_63,1,9,literature review,0.04603307219547203,3
N3P108,SEED_47,0,9,literature review,0.11197067729022589,3
N3P108,SEED_93,0,9,literature review,0.06110953885154956,3
N3P108,SEED_55,1,9,literature review,0.09584107046851154,3
N3P42,SEED_83,1,5,literature review,0.052741438587646794,3
N3P42,SEED_67,1,5,literature review,0.05032975495304677,3
N3P42,SEED_24,1,5,literature review,0.06525103738400904,3
N3P42,SEED_72,0,5,literature review,0.07981472218677699,3
N3P42,SEED_119,1,5,literature review,0.07263413180061329,3
N3P42,SEED_96,0,5,literature review,0.10358875368385743,3
N3P91,SEED_97,0,7,position paper,0.03609440995756307,3
N3P91,SEED_12,0,7,position paper,0.06332329199540948,3
N3P91,SEED_24,1,7,position paper,0.06525103738400904,3
N3P91,SEED_106,1,7,position paper,0.0396656199956952,3
N3P91,SEED_7,0,7,position paper,0.021341441722662596,3
N3P91,SEED_19,0,7,position paper,0.04109700523383222,3
N3P91,SEED_109,1,7,position paper,0.08741121552597077,3
N3P91,SEED_112,1,7,position paper,0.04763731112793226,3
N3P64,SEED_87,0,7,position paper,0.14276304721670452,3
N3P64,SEED_50,0,7,position paper,0.07323859452802539,3
N3P64,SEED_7,0,7,position paper,0.021341441722662596,3
N3P64,SEED_85,1,7,position paper,0.06585964077621878,3
N3P64,SEED_117,0,7,position paper,0.058265813707136085,3
N3P64,SEED_5,0,7,position paper,0.04891575446422762,3
N3P64,SEED_96,1,7,position paper,0.10358875368385743,3
N3P64,SEED_40,0,7,position paper,0.03616922310850126,3
N3P9,SEED_71,0,9,literature review,0.01920486060179593,3
N3P9,SEED_9,1,9,literature review,0.05790057358028041,3
N3P9,SEED_79,0,9,literature review,0.1318500750967745,3
N3P9,SEED_24,0,9,literature review,0.06525103738400904,3
N3P9,SEED_105,1,9,literature review,0.024092964382771427,3
N3P9,SEED_4,1,9,literature review,0.10778007277480268,3
N3P9,SEED_63,1,9,literature review,0.04603307219547203,3
N3P9,SEED_14,1,9,literature review,0.029758165991292006,3
N3P9,SEED_84,0,9,literature review,0.07184420324302587,3
N3P9,SEED_111,1,9,literature review,0.04969971145347565,3
N3P115,SEED_110,0,9,position paper,0.08655273033551042,3
N3P115,SEED_107,0,9,position paper,0.042538122034430435,3
N3P115,SEED_103,1,9,position paper,0.1317058804580309,3
N3P115,SEED_85,1,9,position paper,0.06585964077621878,3
N3P115,SEED_30,1,9,position paper,0.045065154448624835,3
N3P115,SEED_60,0,9,position paper,0.03900336059186124,3
N3P115,SEED_118,0,9,position paper,0.03264322768755141,3
N3P115,SEED_1,0,9,position paper,0.13141875515524984,3
N3P115,SEED_74,0,9,position paper,0.045788952881914514,3
N3P115,SEED_27,0,9,position paper,0.1928425224241903,3
N3P69,SEED_33,1,5,literature review,0.03666889624528128,3
N3P69,SEED_81,1,5,literature review,0.035788322601505926,3
N3P69,SEED_109,0,5,literature review,0.08741121552597077,3
N3P69,SEED_66,0,5,literature review,0.009691035124209286,3
N3P69,SEED_11,1,5,literature review,0.06461885091273475,3
N3P69,SEED_18,1,5,literature review,0.07930603337696131,3
N3P60,SEED_64,1,8,literature review,0.07877200791990707,3
N3P60,SEED_89,1,8,literature review,0.013011664337656105,3
N3P60,SEED_81,1,8,literature review,0.035788322601505926,3
N3P60,SEED_62,1,8,literature review,0.04784216452869475,3
N3P60,SEED_60,0,8,literature review,0.03900336059186124,3
N3P60,SEED_6,1,8,literature review,0.03894507193462498,3
N3P60,SEED_90,0,8,literature review,0.10168314958353901,3
N3P60,SEED_80,0,8,literature review,0.05412529367962349,3
N3P60,SEED_76,0,8,literature review,0.02911097510188564,3
N3P11,SEED_45,0,8,position paper,0.04818303463809887,3
N3P11,SEED_24,1,8,position paper,0.06525103738400904,3
N3P11,SEED_103,1,8,position paper,0.1317058804580309,3
N3P11,SEED_85,1,8,position paper,0.06585964077621878,3
N3P11,SEED_5,0,8,position paper,0.04891575446422762,3
N3P11,SEED_14,1,8,position paper,0.029758165991292006,3
N3P11,SEED_84,0,8,position paper,0.07184420324302587,3
N3P11,SEED_34,0,8,position paper,0.08548426810230766,3
N3P11,SEED_86,0,8,position paper,0.07467253707820579,3
N3P59,SEED_78,1,10,literature review,0.0228613868635909,3
N3P59,SEED_114,0,10,literature review,0.05371749025215298,3
N3P59,SEED_61,1,10,literature review,0.059968033729275456,3
N3P59,SEED_3,0,10,literature review,0.06798054115184436,3
N3P59,SEED_79,0,10,literature review,0.1318500750967745,3
N3P59,SEED_81,0,10,literature review,0.035788322601505926,3
N3P59,SEED_70,0,10,literature review,0.08172477101102746,3
N3P59,SEED_77,1,10,literature review,0.09597717740914226,3
N3P59,SEED_84,0,10,literature review,0.07184420324302587,3
N3P59,SEED_35,0,10,literature review,0.053243975534267386,3
N3P59,SEED_18,1,10,literature review,0.07930603337696131,3
N3P19,SEED_42,1,4,literature review,0.051653349129091995,3
N3P19,SEED_0,1,4,literature review,0.03419115971424214,3
N3P19,SEED_38,0,4,literature review,0.061179792753602406,3
N3P19,SEED_111,0,4,literature review,0.04969971145347565,3
N3P19,SEED_40,1,4,literature review,0.03616922310850126,3
N3P37,SEED_100,0,11,literature review,0.022251536993773687,3
N3P37,SEED_50,0,11,literature review,0.07323859452802539,3
N3P37,SEED_31,1,11,literature review,0.033526494815073346,3
N3P37,SEED_12,0,11,literature review,0.06332329199540948,3
N3P37,SEED_106,0,11,literature review,0.0396656199956952,3
N3P37,SEED_70,1,11,literature review,0.08172477101102746,3
N3P37,SEED_5,0,11,literature review,0.04891575446422762,3
N3P37,SEED_82,1,11,literature review,0.031946399533903824,3
N3P37,SEED_72,0,11,literature review,0.07981472218677699,3
N3P37,SEED_6,1,11,literature review,0.03894507193462498,3
N3P37,SEED_112,0,11,literature review,0.04763731112793226,3
N3P37,SEED_18,0,11,literature review,0.07930603337696131,3
N3P41,SEED_114,0,6,literature review,0.05371749025215298,3
N3P41,SEED_101,0,6,literature review,0.023490079101840138,3
N3P41,SEED_67,1,6,literature review,0.05032975495304677,3
N3P41,SEED_73,1,6,literature review,0.09938073079147507,3
N3P41,SEED_103,1,6,literature review,0.1317058804580309,3
N3P41,SEED_29,0,6,literature review,0.07042009300336129,3
N3P41,SEED_115,0,6,literature review,0.02209761458825523,3
N3P4,SEED_42,0,7,literature review,0.051653349129091995,3
N3P4,SEED_33,1,7,literature review,0.03666889624528128,3
N3P4,SEED_67,1,7,literature review,0.05032975495304677,3
N3P4,SEED_94,1,7,literature review,0.1502174121454999,3
N3P4,SEED_9,1,7,literature review,0.05790057358028041,3
N3P4,SEED_39,0,7,literature review,0.03555690750708022,3
N3P4,SEED_69,1,7,literature review,0.01686621307186654,3
N3P4,SEED_41,0,7,literature review,0.06663729499428636,3
N3P111,SEED_92,0,8,literature review,0.05106624582263099,3
N3P111,SEED_71,0,8,literature review,0.01920486060179593,3
N3P111,SEED_32,1,8,literature review,0.09735164776405995,3
N3P111,SEED_59,0,8,literature review,0.03537515898047227,3
N3P111,SEED_70,1,8,literature review,0.08172477101102746,3
N3P111,SEED_36,1,8,literature review,0.13828262665054547,3
N3P111,SEED_23,1,8,literature review,0.24419454417762076,3
N3P111,SEED_53,1,8,literature review,0.08163751252417001,3
N3P111,SEED_6,1,8,literature review,0.03894507193462498,3
N3P72,SEED_114,1,7,literature review,0.05371749025215298,3
N3P72,SEED_83,0,7,literature review,0.052741438587646794,3
N3P72,SEED_67,1,7,literature review,0.05032975495304677,3
N3P72,SEED_117,0,7,literature review,0.058265813707136085,3
N3P72,SEED_49,0,7,literature review,0.032768873721272004,3
N3P72,SEED_34,0,7,literature review,0.08548426810230766,3
N3P72,SEED_111,1,7,literature review,0.04969971145347565,3
N3P72,SEED_86,1,7,literature review,0.07467253707820579,3
N3P47,SEED_114,0,10,position paper,0.05371749025215298,3
N3P47,SEED_105,0,10,position paper,0.024092964382771427,3
N3P47,SEED_103,1,10,position paper,0.1317058804580309,3
N3P47,SEED_104,1,10,position paper,0.027022006506890947,3
N3P47,SEED_21,0,10,position paper,0.04332717025608329,3
N3P47,SEED_6,1,10,position paper,0.03894507193462498,3
N3P47,SEED_119,0,10,position paper,0.07263413180061329,3
N3P47,SEED_1,0,10,position paper,0.13141875515524984,3
N3P47,SEED_46,0,10,position paper,0.027379269989798654,3
N3P47,SEED_13,0,10,position paper,0.030904771618012833,3
N3P47,SEED_118,1,10,position paper,0.03264322768755141,3
N3P52,SEED_57,1,7,position paper,0.03673991558283747,3
N3P52,SEED_64,0,7,position paper,0.07877200791990707,3
N3P52,SEED_100,0,7,position paper,0.022251536993773687,3
N3P52,SEED_31,1,7,position paper,0.033526494815073346,3
N3P52,SEED_2,0,7,position paper,0.12297460110382108,3
N3P52,SEED_21,1,7,position paper,0.04332717025608329,3
N3P52,SEED_80,1,7,position paper,0.05412529367962349,3
N3P52,SEED_54,0,7,position paper,0.0252978715058926,3
N3P116,SEED_57,1,7,position paper,0.03673991558283747,3
N3P116,SEED_92,0,7,position paper,0.05106624582263099,3
N3P116,SEED_114,0,7,position paper,0.05371749025215298,3
N3P116,SEED_24,0,7,position paper,0.06525103738400904,3
N3P116,SEED_105,0,7,position paper,0.024092964382771427,3
N3P116,SEED_82,1,7,position paper,0.031946399533903824,3
N3P116,SEED_14,1,7,position paper,0.029758165991292006,3
N3P116,SEED_119,0,7,position paper,0.07263413180061329,3
N3P65,SEED_89,1,9,literature review,0.013011664337656105,3
N3P65,SEED_45,1,9,literature review,0.04818303463809887,3
N3P65,SEED_79,0,9,literature review,0.1318500750967745,3
N3P65,SEED_113,1,9,literature review,0.03869600182636786,3
N3P65,SEED_85,1,9,literature review,0.06585964077621878,3
N3P65,SEED_102,0,9,literature review,0.05485994308932408,3
N3P65,SEED_4,0,9,literature review,0.10778007277480268,3
N3P65,SEED_99,1,9,literature review,0.058671135460116444,3
N3P65,SEED_112,0,9,literature review,0.04763731112793226,3
N3P65,SEED_1,0,9,literature review,0.13141875515524984,3
N3P98,SEED_57,1,9,literature review,0.03673991558283747,3
N3P98,SEED_87,1,9,literature review,0.14276304721670452,3
N3P98,SEED_103,1,9,literature review,0.1317058804580309,3
N3P98,SEED_36,1,9,literature review,0.13828262665054547,3
N3P98,SEED_84,1,9,literature review,0.07184420324302587,3
N3P98,SEED_52,0,9,literature review,0.0773265984984997,3
N3P98,SEED_112,0,9,literature review,0.04763731112793226,3
N3P98,SEED_41,0,9,literature review,0.06663729499428636,3
N3P98,SEED_46,0,9,literature review,0.027379269989798654,3
N3P98,SEED_13,1,9,literature review,0.030904771618012833,3
N3P38,SEED_64,0,10,position paper,0.07877200791990707,3
N3P38,SEED_83,0,10,position paper,0.052741438587646794,3
N3P38,SEED_26,0,10,position paper,0.07104261452564097,3
N3P38,SEED_75,1,10,position paper,0.004317454748062883,3
N3P38,SEED_30,0,10,position paper,0.045065154448624835,3
N3P38,SEED_63,0,10,position paper,0.04603307219547203,3
N3P38,SEED_6,1,10,position paper,0.03894507193462498,3
N3P38,SEED_8,0,10,position paper,0.06872182608709806,3
N3P38,SEED_91,0,10,position paper,0.037739388173408044,3
N3P38,SEED_18,1,10,position paper,0.07930603337696131,3
N3P38,SEED_40,1,10,position paper,0.03616922310850126,3
N3P31,SEED_3,1,6,literature review,0.06798054115184436,3
N3P31,SEED_79,0,6,literature review,0.1318500750967745,3
N3P31,SEED_106,0,6,literature review,0.0396656199956952,3
N3P31,SEED_2,0,6,literature review,0.12297460110382108,3
N3P31,SEED_111,0,6,literature review,0.04969971145347565,3
N3P31,SEED_80,0,6,literature review,0.05412529367962349,3
N3P31,SEED_74,0,6,literature review,0.045788952881914514,3
N3P57,SEED_57,1,11,position paper,0.03673991558283747,3
N3P57,SEED_87,1,11,position paper,0.14276304721670452,3
N3P57,SEED_42,0,11,position paper,0.051653349129091995,3
N3P57,SEED_88,1,11,position paper,0.0751324199578783,3
N3P57,SEED_67,1,11,position paper,0.05032975495304677,3
N3P57,SEED_39,0,11,position paper,0.03555690750708022,3
N3P57,SEED_113,0,11,position paper,0.03869600182636786,3
N3P57,SEED_29,0,11,position paper,0.07042009300336129,3
N3P57,SEED_23,1,11,position paper,0.24419454417762076,3
N3P57,SEED_69,1,11,position paper,0.01686621307186654,3
N3P57,SEED_108,1,11,position paper,0.11699373395608792,3
N3P57,SEED_13,0,11,position paper,0.030904771618012833,3
N3P10,SEED_89,1,11,literature review,0.013011664337656105,3
N3P10,SEED_42,1,11,literature review,0.051653349129091995,3
N3P10,SEED_87,0,11,literature review,0.14276304721670452,3
N3P10,SEED_43,0,11,literature review,0.05652341745969014,3
N3P10,SEED_101,1,11,literature review,0.023490079101840138,3
N3P10,SEED_45,0,11,literature review,0.04818303463809887,3
N3P10,SEED_79,0,11,literature review,0.1318500750967745,3
N3P10,SEED_65,1,11,literature review,0.09967558011174742,3
N3P10,SEED_29,0,11,literature review,0.07042009300336129,3
N3P10,SEED_5,0,11,literature review,0.04891575446422762,3
N3P10,SEED_52,0,11,literature review,0.0773265984984997,3
N3P10,SEED_96,1,11,literature review,0.10358875368385743,3
N3P36,SEED_98,1,13,position paper,0.011894667691759708,3
N3P36,SEED_65,1,13,position paper,0.09967558011174742,3
N3P36,SEED_105,0,13,position paper,0.024092964382771427,3
N3P36,SEED_59,0,13,position paper,0.03537515898047227,3
N3P36,SEED_81,0,13,position paper,0.035788322601505926,3
N3P36,SEED_5,0,13,position paper,0.04891575446422762,3
N3P36,SEED_115,0,13,position paper,0.02209761458825523,3
N3P36,SEED_69,0,13,position paper,0.01686621307186654,3
N3P36,SEED_22,0,13,position paper,0.05799342396218755,3
N3P36,SEED_35,0,13,position paper,0.053243975534267386,3
N3P36,SEED_111,1,13,position paper,0.04969971145347565,3
N3P36,SEED_46,0,13,position paper,0.027379269989798654,3
N3P36,SEED_80,0,13,position paper,0.05412529367962349,3
N3P36,SEED_118,0,13,position paper,0.03264322768755141,3
N3P80,SEED_110,1,5,literature review,0.08655273033551042,3
N3P80,SEED_39,0,5,literature review,0.03555690750708022,3
N3P80,SEED_66,0,5,literature review,0.009691035124209286,3
N3P80,SEED_6,1,5,literature review,0.03894507193462498,3
N3P80,SEED_20,1,5,literature review,0.029535688085893946,3
N3P80,SEED_111,1,5,literature review,0.04969971145347565,3
N3P113,SEED_107,0,5,literature review,0.042538122034430435,3
N3P113,SEED_78,0,5,literature review,0.0228613868635909,3
N3P113,SEED_28,0,5,literature review,0.03690431206766,3
N3P113,SEED_73,1,5,literature review,0.09938073079147507,3
N3P113,SEED_29,0,5,literature review,0.07042009300336129,3
N3P113,SEED_8,0,5,literature review,0.06872182608709806,3
N3P44,SEED_9,0,3,position paper,0.05790057358028041,3
N3P44,SEED_44,1,3,position paper,0.037266295783348585,3
N3P44,SEED_70,0,3,position paper,0.08172477101102746,3
N3P44,SEED_34,0,3,position paper,0.08548426810230766,3
N3P27,SEED_92,0,8,position paper,0.05106624582263099,3
N3P27,SEED_16,0,8,position paper,0.06580490852851562,3
N3P27,SEED_61,1,8,position paper,0.059968033729275456,3
N3P27,SEED_113,0,8,position paper,0.03869600182636786,3
N3P27,SEED_62,1,8,position paper,0.04784216452869475,3
N3P27,SEED_72,0,8,position paper,0.07981472218677699,3
N3P27,SEED_52,0,8,position paper,0.0773265984984997,3
N3P27,SEED_90,0,8,position paper,0.10168314958353901,3
N3P27,SEED_56,0,8,position paper,0.021739942781307576,3
N3P68,SEED_71,0,8,position paper,0.01920486060179593,3
N3P68,SEED_81,0,8,position paper,0.035788322601505926,3
N3P68,SEED_102,0,8,position paper,0.05485994308932408,3
N3P68,SEED_70,1,8,position paper,0.08172477101102746,3
N3P68,SEED_72,0,8,position paper,0.07981472218677699,3
N3P68,SEED_11,0,8,position paper,0.06461885091273475,3
N3P68,SEED_52,0,8,position paper,0.0773265984984997,3
N3P68,SEED_1,1,8,position paper,0.13141875515524984,3
N3P68,SEED_118,0,8,position paper,0.03264322768755141,3
N3P87,SEED_98,1,7,position paper,0.011894667691759708,3
N3P87,SEED_0,1,7,position paper,0.03419115971424214,3
N3P87,SEED_38,0,7,position paper,0.061179792753602406,3
N3P87,SEED_99,0,7,position paper,0.058671135460116444,3
N3P87,SEED_25,1,7,position paper,0.03134650983079614,3
N3P87,SEED_112,0,7,position paper,0.04763731112793226,3
N3P87,SEED_90,1,7,position paper,0.10168314958353901,3
N3P87,SEED_58,0,7,position paper,0.04043276523483182,3
N3P70,SEED_43,0,7,literature review,0.05652341745969014,3
N3P70,SEED_101,1,7,literature review,0.023490079101840138,3
N3P70,SEED_94,1,7,literature review,0.1502174121454999,3
N3P70,SEED_95,0,7,literature review,0.18268931412556882,3
N3P70,SEED_38,0,7,literature review,0.061179792753602406,3
N3P70,SEED_63,1,7,literature review,0.04603307219547203,3
N3P70,SEED_74,1,7,literature review,0.045788952881914514,3
N3P70,SEED_76,0,7,literature review,0.02911097510188564,3
N3P40,SEED_61,1,8,literature review,0.059968033729275456,3
N3P40,SEED_100,0,8,literature review,0.022251536993773687,3
N3P40,SEED_31,1,8,literature review,0.033526494815073346,3
N3P40,SEED_65,1,8,literature review,0.09967558011174742,3
N3P40,SEED_105,1,8,literature review,0.024092964382771427,3
N3P40,SEED_30,0,8,literature review,0.045065154448624835,3
N3P40,SEED_72,0,8,literature review,0.07981472218677699,3
N3P40,SEED_74,1,8,literature review,0.045788952881914514,3
N3P40,SEED_86,0,8,literature review,0.07467253707820579,3
N3P106,SEED_89,1,8,position paper,0.013011664337656105,3
N3P106,SEED_43,1,8,position paper,0.05652341745969014,3
N3P106,SEED_87,1,8,position paper,0.14276304721670452,3
N3P106,SEED_97,1,8,position paper,0.03609440995756307,3
N3P106,SEED_23,0,8,position paper,0.24419454417762076,3
N3P106,SEED_93,0,8,position paper,0.06110953885154956,3
N3P106,SEED_84,0,8,position paper,0.07184420324302587,3
N3P106,SEED_74,0,8,position paper,0.045788952881914514,3
N3P106,SEED_27,1,8,position paper,0.1928425224241903,3
N3P112,SEED_42,0,10,position paper,0.051653349129091995,3
N3P112,SEED_33,1,10,position paper,0.03666889624528128,3
N3P112,SEED_107,0,10,position paper,0.042538122034430435,3
N3P112,SEED_97,1,10,position paper,0.03609440995756307,3
N3P112,SEED_7,0,10,position paper,0.021341441722662596,3
N3P112,SEED_51,1,10,position paper,0.09567458183955731,3
N3P112,SEED_21,1,10,position paper,0.04332717025608329,3
N3P112,SEED_109,1,10,position paper,0.08741121552597077,3
N3P112,SEED_93,0,10,position paper,0.06110953885154956,3
N3P112,SEED_52,0,10,position paper,0.0773265984984997,3
N3P112,SEED_76,1,10,position paper,0.02911097510188564,3
N3P94,SEED_78,1,5,literature review,0.0228613868635909,3
N3P94,SEED_117,0,5,literature review,0.058265813707136085,3
N3P94,SEED_60,1,5,literature review,0.03900336059186124,3
N3P94,SEED_8,1,5,literature review,0.06872182608709806,3
N3P94,SEED_96,1,5,literature review,0.10358875368385743,3
N3P94,SEED_27,1,5,literature review,0.1928425224241903,3
N3P96,SEED_33,1,6,position paper,0.03666889624528128,3
N3P96,SEED_61,1,6,position paper,0.059968033729275456,3
N3P96,SEED_67,1,6,position paper,0.05032975495304677,3
N3P96,SEED_45,0,6,position paper,0.04818303463809887,3
N3P96,SEED_31,0,6,position paper,0.033526494815073346,3
N3P96,SEED_35,0,6,position paper,0.053243975534267386,3
N3P96,SEED_112,0,6,position paper,0.04763731112793226,3
N3P49,SEED_67,1,5,literature review,0.05032975495304677,3
N3P49,SEED_71,0,5,literature review,0.01920486060179593,3
N3P49,SEED_103,1,5,literature review,0.1317058804580309,3
N3P49,SEED_70,0,5,literature review,0.08172477101102746,3
N3P49,SEED_5,0,5,literature review,0.04891575446422762,3
N3P49,SEED_52,0,5,literature review,0.0773265984984997,3
N3P78,SEED_57,1,9,literature review,0.03673991558283747,3
N3P78,SEED_43,1,9,literature review,0.05652341745969014,3
N3P78,SEED_114,1,9,literature review,0.05371749025215298,3
N3P78,SEED_15,1,9,literature review,0.12583525799894296,3
N3P78,SEED_4,0,9,literature review,0.10778007277480268,3
N3P78,SEED_68,0,9,literature review,0.022306762819201194,3
N3P78,SEED_36,1,9,literature review,0.13828262665054547,3
N3P78,SEED_25,0,9,literature review,0.03134650983079614,3
N3P78,SEED_35,0,9,literature review,0.053243975534267386,3
N3P78,SEED_18,1,9,literature review,0.07930603337696131,3
N3P71,SEED_85,1,4,position paper,0.06585964077621878,3
N3P71,SEED_63,0,4,position paper,0.04603307219547203,3
N3P71,SEED_36,1,4,position paper,0.13828262665054547,3
N3P71,SEED_21,1,4,position paper,0.04332717025608329,3
N3P71,SEED_25,0,4,position paper,0.03134650983079614,3
N3P114,SEED_12,0,6,literature review,0.06332329199540948,3
N3P114,SEED_13,0,6,literature review,0.030904771618012833,3
N3P114,SEED_19,1,6,literature review,0.04109700523383222,3
N3P114,SEED_2,0,6,literature review,0.12297460110382108,3
N3P114,SEED_10,1,6,literature review,0.2599772228262205,3
N3P114,SEED_77,1,6,literature review,0.09597717740914226,3
N3P114,SEED_6,1,6,literature review,0.03894507193462498,3
N3P55,SEED_88,1,8,position paper,0.0751324199578783,3
N3P55,SEED_15,0,8,position paper,0.12583525799894296,3
N3P55,SEED_4,0,8,position paper,0.10778007277480268,3
N3P55,SEED_17,1,8,position paper,0.029211956325465183,3
N3P55,SEED_19,1,8,position paper,0.04109700523383222,3
N3P55,SEED_21,1,8,position paper,0.04332717025608329,3
N3P55,SEED_112,1,8,position paper,0.04763731112793226,3
N3P55,SEED_49,0,8,position paper,0.032768873721272004,3
N3P55,SEED_74,0,8,position paper,0.045788952881914514,3
N3P32,SEED_97,0,10,position paper,0.03609440995756307,3
N3P32,SEED_26,1,10,position paper,0.07104261452564097,3
N3P32,SEED_75,0,10,position paper,0.004317454748062883,3
N3P32,SEED_12,0,10,position paper,0.06332329199540948,3
N3P32,SEED_113,0,10,position paper,0.03869600182636786,3
N3P32,SEED_39,0,10,position paper,0.03555690750708022,3
N3P32,SEED_44,1,10,position paper,0.037266295783348585,3
N3P32,SEED_68,0,10,position paper,0.022306762819201194,3
N3P32,SEED_72,0,10,position paper,0.07981472218677699,3
N3P32,SEED_108,1,10,position paper,0.11699373395608792,3
N3P32,SEED_41,0,10,position paper,0.06663729499428636,3
N3P46,SEED_101,0,4,literature review,0.023490079101840138,3
N3P46,SEED_50,1,4,literature review,0.07323859452802539,3
N3P46,SEED_65,1,4,literature review,0.09967558011174742,3
N3P46,SEED_23,1,4,literature review,0.24419454417762076,3
N3P46,SEED_41,1,4,literature review,0.06663729499428636,3
N3P95,SEED_92,0,5,literature review,0.05106624582263099,3
N3P95,SEED_26,0,5,literature review,0.07104261452564097,3
N3P95,SEED_75,1,5,literature review,0.004317454748062883,3
N3P95,SEED_12,0,5,literature review,0.06332329199540948,3
N3P95,SEED_103,1,5,literature review,0.1317058804580309,3
N3P95,SEED_66,0,5,literature review,0.009691035124209286,3
N3P118,SEED_65,1,7,position paper,0.09967558011174742,3
N3P118,SEED_103,1,7,position paper,0.1317058804580309,3
N3P118,SEED_81,1,7,position paper,0.035788322601505926,3
N3P118,SEED_93,0,7,position paper,0.06110953885154956,3
N3P118,SEED_49,0,7,position paper,0.032768873721272004,3
N3P118,SEED_20,1,7,position paper,0.029535688085893946,3
N3P118,SEED_74,1,7,position paper,0.045788952881914514,3
N3P118,SEED_86,0,7,position paper,0.07467253707820579,3
N3P14,SEED_100,0,5,position paper,0.022251536993773687,3
N3P14,SEED_79,0,5,position paper,0.1318500750967745,3
N3P14,SEED_38,0,5,position paper,0.061179792753602406,3
N3P14,SEED_104,0,5,position paper,0.027022006506890947,3
N3P14,SEED_58,0,5,position paper,0.04043276523483182,3
N3P14,SEED_54,0,5,position paper,0.0252978715058926,3
N3P119,SEED_89,0,8,literature review,0.013011664337656105,3
N3P119,SEED_33,1,8,literature review,0.03666889624528128,3
N3P119,SEED_100,0,8,literature review,0.022251536993773687,3
N3P119,SEED_3,1,8,literature review,0.06798054115184436,3
N3P119,SEED_105,1,8,literature review,0.024092964382771427,3
N3P119,SEED_51,0,8,literature review,0.09567458183955731,3
N3P119,SEED_70,1,8,literature review,0.08172477101102746,3
N3P119,SEED_2,0,8,literature review,0.12297460110382108,3
N3P119,SEED_90,1,8,literature review,0.10168314958353901,3
N3P63,SEED_43,1,6,literature review,0.05652341745969014,3
N3P63,SEED_88,1,6,literature review,0.0751324199578783,3
N3P63,SEED_73,1,6,literature review,0.09938073079147507,3
N3P63,SEED_117,0,6,literature review,0.058265813707136085,3
N3P63,SEED_5,1,6,literature review,0.04891575446422762,3
N3P63,SEED_35,0,6,literature review,0.053243975534267386,3
N3P63,SEED_52,1,6,literature review,0.0773265984984997,3
N3P8,SEED_31,1,3,position paper,0.033526494815073346,3
N3P8,SEED_65,1,3,position paper,0.09967558011174742,3
N3P8,SEED_104,0,3,position paper,0.027022006506890947,3
N3P8,SEED_112,0,3,position paper,0.04763731112793226,3
N3P0,SEED_62,1,5,position paper,0.04784216452869475,3
N3P0,SEED_17,1,5,position paper,0.029211956325465183,3
N3P0,SEED_60,0,5,position paper,0.03900336059186124,3
N3P0,SEED_52,0,5,position paper,0.0773265984984997,3
N3P0,SEED_91,0,5,position paper,0.037739388173408044,3
N3P0,SEED_90,1,5,position paper,0.10168314958353901,3
N3P75,SEED_89,1,9,position paper,0.013011664337656105,3
N3P75,SEED_83,1,9,position paper,0.052741438587646794,3
N3P75,SEED_101,0,9,position paper,0.023490079101840138,3
N3P75,SEED_31,1,9,position paper,0.033526494815073346,3
N3P75,SEED_105,0,9,position paper,0.024092964382771427,3
N3P75,SEED_113,0,9,position paper,0.03869600182636786,3
N3P75,SEED_103,1,9,position paper,0.1317058804580309,3
N3P75,SEED_4,0,9,position paper,0.10778007277480268,3
N3P75,SEED_72,0,9,position paper,0.07981472218677699,3
N3P75,SEED_111,0,9,position paper,0.04969971145347565,3
N3P17,SEED_110,1,7,position paper,0.08655273033551042,3
N3P17,SEED_59,1,7,position paper,0.03537515898047227,3
N3P17,SEED_4,0,7,position paper,0.10778007277480268,3
N3P17,SEED_38,0,7,position paper,0.061179792753602406,3
N3P17,SEED_116,1,7,position paper,0.15216520399588473,3
N3P17,SEED_36,1,7,position paper,0.13828262665054547,3
N3P17,SEED_119,1,7,position paper,0.07263413180061329,3
N3P17,SEED_49,0,7,position paper,0.032768873721272004,3
N3P76,SEED_92,0,8,literature review,0.05106624582263099,3
N3P76,SEED_107,0,8,literature review,0.042538122034430435,3
N3P76,SEED_15,1,8,literature review,0.12583525799894296,3
N3P76,SEED_32,1,8,literature review,0.09735164776405995,3
N3P76,SEED_0,1,8,literature review,0.03419115971424214,3
N3P76,SEED_108,1,8,literature review,0.11699373395608792,3
N3P76,SEED_34,0,8,literature review,0.08548426810230766,3
N3P76,SEED_13,1,8,literature review,0.030904771618012833,3
N3P76,SEED_118,0,8,literature review,0.03264322768755141,3
N3P15,SEED_57,1,9,literature review,0.03673991558283747,3
N3P15,SEED_88,1,9,literature review,0.0751324199578783,3
N3P15,SEED_75,0,9,literature review,0.004317454748062883,3
N3P15,SEED_85,1,9,literature review,0.06585964077621878,3
N3P15,SEED_21,1,9,literature review,0.04332717025608329,3
N3P15,SEED_10,0,9,literature review,0.2599772228262205,3
N3P15,SEED_66,0,9,literature review,0.009691035124209286,3
N3P15,SEED_35,0,9,literature review,0.053243975534267386,3
N3P15,SEED_46,0,9,literature review,0.027379269989798654,3
N3P15,SEED_18,1,9,literature review,0.07930603337696131,3
N3P58,SEED_57,1,7,literature review,0.03673991558283747,3
N3P58,SEED_83,0,7,literature review,0.052741438587646794,3
N3P58,SEED_75,0,7,literature review,0.004317454748062883,3
N3P58,SEED_113,0,7,literature review,0.03869600182636786,3
N3P58,SEED_44,1,7,literature review,0.037266295783348585,3
N3P58,SEED_91,0,7,literature review,0.037739388173408044,3
N3P58,SEED_80,0,7,literature review,0.05412529367962349,3
N3P58,SEED_76,0,7,literature review,0.02911097510188564,3
N3P109,SEED_64,0,9,literature review,0.07877200791990707,3
N3P109,SEED_87,0,9,literature review,0.14276304721670452,3
N3P109,SEED_100,0,9,literature review,0.022251536993773687,3
N3P109,SEED_101,0,9,literature review,0.023490079101840138,3
N3P109,SEED_7,0,9,literature review,0.021341441722662596,3
N3P109,SEED_29,0,9,literature review,0.07042009300336129,3
N3P109,SEED_19,1,9,literature review,0.04109700523383222,3
N3P109,SEED_66,1,9,literature review,0.009691035124209286,3
N3P109,SEED_20,1,9,literature review,0.029535688085893946,3
N3P109,SEED_18,1,9,literature review,0.07930603337696131,3
N3P1,SEED_87,1,7,literature review,0.14276304721670452,3
N3P1,SEED_78,0,7,literature review,0.0228613868635909,3
N3P1,SEED_99,1,7,literature review,0.058671135460116444,3
N3P1,SEED_60,0,7,literature review,0.03900336059186124,3
N3P1,SEED_84,0,7,literature review,0.07184420324302587,3
N3P1,SEED_119,1,7,literature review,0.07263413180061329,3
N3P1,SEED_96,0,7,literature review,0.10358875368385743,3
N3P1,SEED_18,1,7,literature review,0.07930603337696131,3
N3P83,SEED_107,0,7,position paper,0.042538122034430435,3
N3P83,SEED_12,0,7,position paper,0.06332329199540948,3
N3P83,SEED_59,1,7,position paper,0.03537515898047227,3
N3P83,SEED_103,1,7,position paper,0.1317058804580309,3
N3P83,SEED_2,0,7,position paper,0.12297460110382108,3
N3P83,SEED_10,1,7,position paper,0.2599772228262205,3
N3P83,SEED_93,0,7,position paper,0.06110953885154956,3
N3P83,SEED_96,1,7,position paper,0.10358875368385743,3
N3P6,SEED_64,0,9,literature review,0.07877200791990707,3
N3P6,SEED_15,1,9,literature review,0.12583525799894296,3
N3P6,SEED_24,0,9,literature review,0.06525103738400904,3
N3P6,SEED_70,1,9,literature review,0.08172477101102746,3
N3P6,SEED_60,0,9,literature review,0.03900336059186124,3
N3P6,SEED_21,1,9,literature review,0.04332717025608329,3
N3P6,SEED_35,0,9,literature review,0.053243975534267386,3
N3P6,SEED_20,1,9,literature review,0.029535688085893946,3
N3P6,SEED_86,0,9,literature review,0.07467253707820579,3
N3P6,SEED_13,1,9,literature review,0.030904771618012833,3
N3P117,SEED_48,1,10,position paper,0.029185376778173528,3
N3P117,SEED_114,0,10,position paper,0.05371749025215298,3
N3P117,SEED_31,1,10,position paper,0.033526494815073346,3
N3P117,SEED_85,1,10,position paper,0.06585964077621878,3
N3P117,SEED_116,0,10,position paper,0.15216520399588473,3
N3P117,SEED_21,1,10,position paper,0.04332717025608329,3
N3P117,SEED_14,1,10,position paper,0.029758165991292006,3
N3P117,SEED_93,0,10,position paper,0.06110953885154956,3
N3P117,SEED_8,0,10,position paper,0.06872182608709806,3
N3P117,SEED_112,0,10,position paper,0.04763731112793226,3
N3P117,SEED_108,1,10,position paper,0.11699373395608792,3
N3P3,SEED_89,0,6,literature review,0.013011664337656105,3
N3P3,SEED_45,0,6,literature review,0.04818303463809887,3
N3P3,SEED_28,0,6,literature review,0.03690431206766,3
N3P3,SEED_24,1,6,literature review,0.06525103738400904,3
N3P3,SEED_79,0,6,literature review,0.1318500750967745,3
N3P3,SEED_68,1,6,literature review,0.022306762819201194,3
N3P3,SEED_118,1,6,literature review,0.03264322768755141,3
N3P29,SEED_110,0,11,literature review,0.08655273033551042,3
N3P29,SEED_61,1,11,literature review,0.059968033729275456,3
N3P29,SEED_45,0,11,literature review,0.04818303463809887,3
N3P29,SEED_95,1,11,literature review,0.18268931412556882,3
N3P29,SEED_81,1,11,literature review,0.035788322601505926,3
N3P29,SEED_62,1,11,literature review,0.04784216452869475,3
N3P29,SEED_60,0,11,literature review,0.03900336059186124,3
N3P29,SEED_115,0,11,literature review,0.02209761458825523,3
N3P29,SEED_53,1,11,literature review,0.08163751252417001,3
N3P29,SEED_96,0,11,literature review,0.10358875368385743,3
N3P29,SEED_86,0,11,literature review,0.07467253707820579,3
N3P29,SEED_13,0,11,literature review,0.030904771618012833,3
N3P61,SEED_33,0,8,literature review,0.03666889624528128,3
N3P61,SEED_16,1,8,literature review,0.06580490852851562,3
N3P61,SEED_61,1,8,literature review,0.059968033729275456,3
N3P61,SEED_40,1,8,literature review,0.03616922310850126,3
N3P61,SEED_7,1,8,literature review,0.021341441722662596,3
N3P61,SEED_51,1,8,literature review,0.09567458183955731,3
N3P61,SEED_19,1,8,literature review,0.04109700523383222,3
N3P61,SEED_2,0,8,literature review,0.12297460110382108,3
N3P61,SEED_18,0,8,literature review,0.07930603337696131,3
N3P77,SEED_85,1,5,literature review,0.06585964077621878,3
N3P77,SEED_62,1,5,literature review,0.04784216452869475,3
N3P77,SEED_116,1,5,literature review,0.15216520399588473,3
N3P77,SEED_63,1,5,literature review,0.04603307219547203,3
N3P77,SEED_91,0,5,literature review,0.037739388173408044,3
N3P77,SEED_58,0,5,literature review,0.04043276523483182,3
N3P45,SEED_89,1,7,literature review,0.013011664337656105,3
N3P45,SEED_45,0,7,literature review,0.04818303463809887,3
N3P45,SEED_39,0,7,literature review,0.03555690750708022,3
N3P45,SEED_44,1,7,literature review,0.037266295783348585,3
N3P45,SEED_109,0,7,literature review,0.08741121552597077,3
N3P45,SEED_90,1,7,literature review,0.10168314958353901,3
N3P45,SEED_58,1,7,literature review,0.04043276523483182,3
N3P45,SEED_76,0,7,literature review,0.02911097510188564,3
N3P84,SEED_83,1,4,position paper,0.052741438587646794,3
N3P84,SEED_13,0,4,position paper,0.030904771618012833,3
N3P84,SEED_68,1,4,position paper,0.022306762819201194,3
N3P84,SEED_108,1,4,position paper,0.11699373395608792,3
N3P84,SEED_41,0,4,position paper,0.06663729499428636,3
N3P7,SEED_57,0,7,position paper,0.03673991558283747,3
N3P7,SEED_26,1,7,position paper,0.07104261452564097,3
N3P7,SEED_32,1,7,position paper,0.09735164776405995,3
N3P7,SEED_51,1,7,position paper,0.09567458183955731,3
N3P7,SEED_81,1,7,position paper,0.035788322601505926,3
N3P7,SEED_30,0,7,position paper,0.045065154448624835,3
N3P7,SEED_2,0,7,position paper,0.12297460110382108,3
N3P7,SEED_77,0,7,position paper,0.09597717740914226,3
N3P88,SEED_31,1,3,position paper,0.033526494815073346,3
N3P88,SEED_39,0,3,position paper,0.03555690750708022,3
N3P88,SEED_62,1,3,position paper,0.04784216452869475,3
N3P88,SEED_58,1,3,position paper,0.04043276523483182,3
N3P30,SEED_83,1,6,literature review,0.052741438587646794,3
N3P30,SEED_79,1,6,literature review,0.1318500750967745,3
N3P30,SEED_25,1,6,literature review,0.03134650983079614,3
N3P30,SEED_112,0,6,literature review,0.04763731112793226,3
N3P30,SEED_108,1,6,literature review,0.11699373395608792,3
N3P30,SEED_34,0,6,literature review,0.08548426810230766,3
N3P30,SEED_13,1,6,literature review,0.030904771618012833,3
N3P28,SEED_33,1,6,literature review,0.03666889624528128,3
N3P28,SEED_88,1,6,literature review,0.0751324199578783,3
N3P28,SEED_75,1,6,literature review,0.004317454748062883,3
N3P28,SEED_105,0,6,literature review,0.024092964382771427,3
N3P28,SEED_36,1,6,literature review,0.13828262665054547,3
N3P28,SEED_69,1,6,literature review,0.01686621307186654,3
N3P28,SEED_66,0,6,literature review,0.009691035124209286,3
N3P103,SEED_79,0,7,literature review,0.1318500750967745,3
N3P103,SEED_7,0,7,literature review,0.021341441722662596,3
N3P103,SEED_81,1,7,literature review,0.035788322601505926,3
N3P103,SEED_30,1,7,literature review,0.045065154448624835,3
N3P103,SEED_93,0,7,literature review,0.06110953885154956,3
N3P103,SEED_49,0,7,literature review,0.032768873721272004,3
N3P103,SEED_111,1,7,literature review,0.04969971145347565,3
N3P103,SEED_27,1,7,literature review,0.1928425224241903,3
N3P82,SEED_43,0,8,literature review,0.05652341745969014,3
N3P82,SEED_73,1,8,literature review,0.09938073079147507,3
N3P82,SEED_65,0,8,literature review,0.09967558011174742,3
N3P82,SEED_95,1,8,literature review,0.18268931412556882,3
N3P82,SEED_30,1,8,literature review,0.045065154448624835,3
N3P82,SEED_70,1,8,literature review,0.08172477101102746,3
N3P82,SEED_104,0,8,literature review,0.027022006506890947,3
N3P82,SEED_66,0,8,literature review,0.009691035124209286,3
N3P82,SEED_34,0,8,literature review,0.08548426810230766,3
N4P0,SEED_92,0,5,literature review,0.05106624582263099,4
N4P0,SEED_0,1,5,literature review,0.03419115971424214,4
N4P0,SEED_59,1,5,literature review,0.03537515898047227,4
N4P0,SEED_116,1,5,literature review,0.15216520399588473,4
N4P0,SEED_99,0,5,literature review,0.058671135460116444,4
N4P0,SEED_22,1,5,literature review,0.05799342396218755,4
N4P105,SEED_16,0,7,position paper,0.06580490852851562,4
N4P105,SEED_75,1,7,position paper,0.004317454748062883,4
N4P105,SEED_45,0,7,position paper,0.04818303463809887,4
N4P105,SEED_24,0,7,position paper,0.06525103738400904,4
N4P105,SEED_59,0,7,position paper,0.03537515898047227,4
N4P105,SEED_21,1,7,position paper,0.04332717025608329,4
N4P105,SEED_77,1,7,position paper,0.09597717740914226,4
N4P105,SEED_34,1,7,position paper,0.08548426810230766,4
N4P63,SEED_79,0,5,position paper,0.1318500750967745,4
N4P63,SEED_44,1,5,position paper,0.037266295783348585,4
N4P63,SEED_82,1,5,position paper,0.031946399533903824,4
N4P63,SEED_25,1,5,position paper,0.03134650983079614,4
N4P63,SEED_18,0,5,position paper,0.07930603337696131,4
N4P63,SEED_56,1,5,position paper,0.021739942781307576,4
N4P32,SEED_53,1,3,position paper,0.08163751252417001,4
N4P32,SEED_52,0,3,position paper,0.0773265984984997,4
N4P32,SEED_91,0,3,position paper,0.037739388173408044,4
N4P32,SEED_80,1,3,position paper,0.05412529367962349,4
N4P28,SEED_50,0,7,literature review,0.07323859452802539,4
N4P28,SEED_65,1,7,literature review,0.09967558011174742,4
N4P28,SEED_4,0,7,literature review,0.10778007277480268,4
N4P28,SEED_2,0,7,literature review,0.12297460110382108,4
N4P28,SEED_5,0,7,literature review,0.04891575446422762,4
N4P28,SEED_21,1,7,literature review,0.04332717025608329,4
N4P28,SEED_77,1,7,literature review,0.09597717740914226,4
N4P28,SEED_118,1,7,literature review,0.03264322768755141,4
N4P55,SEED_110,1,6,literature review,0.08655273033551042,4
N4P55,SEED_95,0,6,literature review,0.18268931412556882,4
N4P55,SEED_4,0,6,literature review,0.10778007277480268,4
N4P55,SEED_8,0,6,literature review,0.06872182608709806,4
N4P55,SEED_91,0,6,literature review,0.037739388173408044,4
N4P55,SEED_41,0,6,literature review,0.06663729499428636,4
N4P55,SEED_40,0,6,literature review,0.03616922310850126,4
N4P12,SEED_64,1,4,literature review,0.07877200791990707,4
N4P12,SEED_61,1,4,literature review,0.059968033729275456,4
N4P12,SEED_71,0,4,literature review,0.01920486060179593,4
N4P12,SEED_53,1,4,literature review,0.08163751252417001,4
N4P12,SEED_93,0,4,literature review,0.06110953885154956,4
N4P47,SEED_28,1,3,position paper,0.03690431206766,4
N4P47,SEED_7,0,3,position paper,0.021341441722662596,4
N4P47,SEED_93,0,3,position paper,0.06110953885154956,4
N4P47,SEED_112,0,3,position paper,0.04763731112793226,4
N4P71,SEED_48,1,6,literature review,0.029185376778173528,4
N4P71,SEED_12,0,6,literature review,0.06332329199540948,4
N4P71,SEED_81,1,6,literature review,0.035788322601505926,4
N4P71,SEED_102,0,6,literature review,0.05485994308932408,4
N4P71,SEED_91,0,6,literature review,0.037739388173408044,4
N4P71,SEED_111,0,6,literature review,0.04969971145347565,4
N4P71,SEED_27,1,6,literature review,0.1928425224241903,4
N4P81,SEED_87,0,3,position paper,0.14276304721670452,4
N4P81,SEED_100,0,3,position paper,0.022251536993773687,4
N4P81,SEED_99,1,3,position paper,0.058671135460116444,4
N4P81,SEED_58,1,3,position paper,0.04043276523483182,4
N4P13,SEED_78,0,3,position paper,0.0228613868635909,4
N4P13,SEED_103,1,3,position paper,0.1317058804580309,4
N4P13,SEED_99,0,3,position paper,0.058671135460116444,4
N4P13,SEED_56,0,3,position paper,0.021739942781307576,4
N4P8,SEED_39,1,5,literature review,0.03555690750708022,4
N4P8,SEED_62,1,5,literature review,0.04784216452869475,4
N4P8,SEED_17,1,5,literature review,0.029211956325465183,4
N4P8,SEED_77,1,5,literature review,0.09597717740914226,4
N4P8,SEED_37,1,5,literature review,0.0916688018924311,4
N4P8,SEED_41,1,5,literature review,0.06663729499428636,4
N4P87,SEED_92,1,5,position paper,0.05106624582263099,4
N4P87,SEED_75,1,5,position paper,0.004317454748062883,4
N4P87,SEED_106,0,5,position paper,0.0396656199956952,4
N4P87,SEED_103,1,5,position paper,0.1317058804580309,4
N4P87,SEED_68,0,5,position paper,0.022306762819201194,4
N4P87,SEED_11,0,5,position paper,0.06461885091273475,4
N4P83,SEED_110,0,4,position paper,0.08655273033551042,4
N4P83,SEED_98,1,4,position paper,0.011894667691759708,4
N4P83,SEED_36,1,4,position paper,0.13828262665054547,4
N4P83,SEED_52,0,4,position paper,0.0773265984984997,4
N4P83,SEED_54,0,4,position paper,0.0252978715058926,4
N4P39,SEED_114,0,4,literature review,0.05371749025215298,4
N4P39,SEED_75,1,4,literature review,0.004317454748062883,4
N4P39,SEED_38,0,4,literature review,0.061179792753602406,4
N4P39,SEED_21,0,4,literature review,0.04332717025608329,4
N4P39,SEED_23,1,4,literature review,0.24419454417762076,4
N4P41,SEED_98,1,8,position paper,0.011894667691759708,4
N4P41,SEED_94,1,8,position paper,0.1502174121454999,4
N4P41,SEED_51,0,8,position paper,0.09567458183955731,4
N4P41,SEED_4,0,8,position paper,0.10778007277480268,4
N4P41,SEED_19,1,8,position paper,0.04109700523383222,4
N4P41,SEED_72,1,8,position paper,0.07981472218677699,4
N4P41,SEED_84,0,8,position paper,0.07184420324302587,4
N4P41,SEED_112,0,8,position paper,0.04763731112793226,4
N4P41,SEED_20,1,8,position paper,0.029535688085893946,4
N4P16,SEED_89,0,8,position paper,0.013011664337656105,4
N4P16,SEED_110,0,8,position paper,0.08655273033551042,4
N4P16,SEED_92,0,8,position paper,0.05106624582263099,4
N4P16,SEED_12,0,8,position paper,0.06332329199540948,4
N4P16,SEED_95,0,8,position paper,0.18268931412556882,4
N4P16,SEED_62,1,8,position paper,0.04784216452869475,4
N4P16,SEED_109,0,8,position paper,0.08741121552597077,4
N4P16,SEED_108,1,8,position paper,0.11699373395608792,4
N4P16,SEED_1,1,8,position paper,0.13141875515524984,4
N4P9,SEED_64,0,7,position paper,0.07877200791990707,4
N4P9,SEED_106,1,7,position paper,0.0396656199956952,4
N4P9,SEED_4,0,7,position paper,0.10778007277480268,4
N4P9,SEED_21,1,7,position paper,0.04332717025608329,4
N4P9,SEED_77,1,7,position paper,0.09597717740914226,4
N4P9,SEED_93,1,7,position paper,0.06110953885154956,4
N4P9,SEED_86,0,7,position paper,0.07467253707820579,4
N4P9,SEED_118,1,7,position paper,0.03264322768755141,4
N4P24,SEED_89,0,4,literature review,0.013011664337656105,4
N4P24,SEED_28,0,4,literature review,0.03690431206766,4
N4P24,SEED_35,0,4,literature review,0.053243975534267386,4
N4P24,SEED_52,0,4,literature review,0.0773265984984997,4
N4P24,SEED_41,0,4,literature review,0.06663729499428636,4
N4P74,SEED_43,0,2,position paper,0.05652341745969014,4
N4P74,SEED_110,1,2,position paper,0.08655273033551042,4
N4P74,SEED_24,1,2,position paper,0.06525103738400904,4
N4P85,SEED_98,1,3,literature review,0.011894667691759708,4
N4P85,SEED_19,1,3,literature review,0.04109700523383222,4
N4P85,SEED_112,0,3,literature review,0.04763731112793226,4
N4P85,SEED_18,1,3,literature review,0.07930603337696131,4
N4P23,SEED_57,1,4,position paper,0.03673991558283747,4
N4P23,SEED_70,0,4,position paper,0.08172477101102746,4
N4P23,SEED_36,1,4,position paper,0.13828262665054547,4
N4P23,SEED_109,0,4,position paper,0.08741121552597077,4
N4P23,SEED_49,0,4,position paper,0.032768873721272004,4
N4P67,SEED_61,1,5,literature review,0.059968033729275456,4
N4P67,SEED_114,0,5,literature review,0.05371749025215298,4
N4P67,SEED_100,0,5,literature review,0.022251536993773687,4
N4P67,SEED_44,1,5,literature review,0.037266295783348585,4
N4P67,SEED_82,1,5,literature review,0.031946399533903824,4
N4P67,SEED_21,1,5,literature review,0.04332717025608329,4
N4P80,SEED_64,0,6,position paper,0.07877200791990707,4
N4P80,SEED_78,0,6,position paper,0.0228613868635909,4
N4P80,SEED_73,0,6,position paper,0.09938073079147507,4
N4P80,SEED_0,1,6,position paper,0.03419115971424214,4
N4P80,SEED_17,1,6,position paper,0.029211956325465183,4
N4P80,SEED_52,1,6,position paper,0.0773265984984997,4
N4P80,SEED_54,0,6,position paper,0.0252978715058926,4
N4P76,SEED_98,1,5,position paper,0.011894667691759708,4
N4P76,SEED_3,1,5,position paper,0.06798054115184436,4
N4P76,SEED_59,0,5,position paper,0.03537515898047227,4
N4P76,SEED_117,0,5,position paper,0.058265813707136085,4
N4P76,SEED_112,0,5,position paper,0.04763731112793226,4
N4P76,SEED_41,0,5,position paper,0.06663729499428636,4
N4P10,SEED_89,1,6,literature review,0.013011664337656105,4
N4P10,SEED_24,1,6,literature review,0.06525103738400904,4
N4P10,SEED_95,1,6,literature review,0.18268931412556882,4
N4P10,SEED_7,0,6,literature review,0.021341441722662596,4
N4P10,SEED_60,0,6,literature review,0.03900336059186124,4
N4P10,SEED_34,0,6,literature review,0.08548426810230766,4
N4P10,SEED_76,0,6,literature review,0.02911097510188564,4
N4P65,SEED_75,0,6,position paper,0.004317454748062883,4
N4P65,SEED_45,0,6,position paper,0.04818303463809887,4
N4P65,SEED_102,0,6,position paper,0.05485994308932408,4
N4P65,SEED_117,0,6,position paper,0.058265813707136085,4
N4P65,SEED_23,1,6,position paper,0.24419454417762076,4
N4P65,SEED_22,0,6,position paper,0.05799342396218755,4
N4P65,SEED_91,0,6,position paper,0.037739388173408044,4
N4P54,SEED_89,0,7,position paper,0.013011664337656105,4
N4P54,SEED_61,1,7,position paper,0.059968033729275456,4
N4P54,SEED_100,0,7,position paper,0.022251536993773687,4
N4P54,SEED_17,1,7,position paper,0.029211956325465183,4
N4P54,SEED_47,1,7,position paper,0.11197067729022589,4
N4P54,SEED_8,1,7,position paper,0.06872182608709806,4
N4P54,SEED_27,1,7,position paper,0.1928425224241903,4
N4P54,SEED_118,1,7,position paper,0.03264322768755141,4
N4P5,SEED_89,1,9,position paper,0.013011664337656105,4
N4P5,SEED_110,0,9,position paper,0.08655273033551042,4
N4P5,SEED_107,0,9,position paper,0.042538122034430435,4
N4P5,SEED_95,1,9,position paper,0.18268931412556882,4
N4P5,SEED_44,0,9,position paper,0.037266295783348585,4
N4P5,SEED_99,1,9,position paper,0.058671135460116444,4
N4P5,SEED_60,0,9,position paper,0.03900336059186124,4
N4P5,SEED_23,1,9,position paper,0.24419454417762076,4
N4P5,SEED_108,1,9,position paper,0.11699373395608792,4
N4P5,SEED_18,1,9,position paper,0.07930603337696131,4
N4P79,SEED_89,0,7,position paper,0.013011664337656105,4
N4P79,SEED_100,0,7,position paper,0.022251536993773687,4
N4P79,SEED_9,1,7,position paper,0.05790057358028041,4
N4P79,SEED_103,1,7,position paper,0.1317058804580309,4
N4P79,SEED_82,0,7,position paper,0.031946399533903824,4
N4P79,SEED_49,0,7,position paper,0.032768873721272004,4
N4P79,SEED_86,0,7,position paper,0.07467253707820579,4
N4P79,SEED_13,1,7,position paper,0.030904771618012833,4
N4P40,SEED_89,1,5,position paper,0.013011664337656105,4
N4P40,SEED_100,1,5,position paper,0.022251536993773687,4
N4P40,SEED_45,1,5,position paper,0.04818303463809887,4
N4P40,SEED_119,1,5,position paper,0.07263413180061329,4
N4P40,SEED_35,1,5,position paper,0.053243975534267386,4
N4P40,SEED_20,1,5,position paper,0.029535688085893946,4
N4P2,SEED_48,1,3,position paper,0.029185376778173528,4
N4P2,SEED_51,1,3,position paper,0.09567458183955731,4
N4P2,SEED_2,0,3,position paper,0.12297460110382108,4
N4P2,SEED_37,1,3,position paper,0.0916688018924311,4
N4P33,SEED_57,1,6,position paper,0.03673991558283747,4
N4P33,SEED_15,0,6,position paper,0.12583525799894296,4
N4P33,SEED_65,1,6,position paper,0.09967558011174742,4
N4P33,SEED_102,0,6,position paper,0.05485994308932408,4
N4P33,SEED_68,1,6,position paper,0.022306762819201194,4
N4P33,SEED_112,0,6,position paper,0.04763731112793226,4
N4P33,SEED_80,0,6,position paper,0.05412529367962349,4
N4P45,SEED_97,0,7,position paper,0.03609440995756307,4
N4P45,SEED_26,1,7,position paper,0.07104261452564097,4
N4P45,SEED_100,0,7,position paper,0.022251536993773687,4
N4P45,SEED_101,1,7,position paper,0.023490079101840138,4
N4P45,SEED_106,1,7,position paper,0.0396656199956952,4
N4P45,SEED_91,0,7,position paper,0.037739388173408044,4
N4P45,SEED_1,1,7,position paper,0.13141875515524984,4
N4P45,SEED_96,0,7,position paper,0.10358875368385743,4
N4P44,SEED_88,1,11,position paper,0.0751324199578783,4
N4P44,SEED_106,0,11,position paper,0.0396656199956952,4
N4P44,SEED_103,1,11,position paper,0.1317058804580309,4
N4P44,SEED_18,0,11,position paper,0.07930603337696131,4
N4P44,SEED_70,1,11,position paper,0.08172477101102746,4
N4P44,SEED_69,0,11,position paper,0.01686621307186654,4
N4P44,SEED_84,0,11,position paper,0.07184420324302587,4
N4P44,SEED_52,0,11,position paper,0.0773265984984997,4
N4P44,SEED_112,0,11,position paper,0.04763731112793226,4
N4P44,SEED_90,1,11,position paper,0.10168314958353901,4
N4P44,SEED_80,0,11,position paper,0.05412529367962349,4
N4P44,SEED_86,0,11,position paper,0.07467253707820579,4
N4P101,SEED_16,0,4,literature review,0.06580490852851562,4
N4P101,SEED_75,1,4,literature review,0.004317454748062883,4
N4P101,SEED_2,0,4,literature review,0.12297460110382108,4
N4P101,SEED_69,0,4,literature review,0.01686621307186654,4
N4P101,SEED_109,1,4,literature review,0.08741121552597077,4
N4P64,SEED_88,0,6,position paper,0.0751324199578783,4
N4P64,SEED_95,0,6,position paper,0.18268931412556882,4
N4P64,SEED_103,1,6,position paper,0.1317058804580309,4
N4P64,SEED_29,0,6,position paper,0.07042009300336129,4
N4P64,SEED_1,1,6,position paper,0.13141875515524984,4
N4P64,SEED_41,0,6,position paper,0.06663729499428636,4
N4P64,SEED_96,0,6,position paper,0.10358875368385743,4
N4P69,SEED_57,1,5,position paper,0.03673991558283747,4
N4P69,SEED_45,1,5,position paper,0.04818303463809887,4
N4P69,SEED_95,1,5,position paper,0.18268931412556882,4
N4P69,SEED_4,0,5,position paper,0.10778007277480268,4
N4P69,SEED_77,1,5,position paper,0.09597717740914226,4
N4P69,SEED_58,1,5,position paper,0.04043276523483182,4
N4P34,SEED_33,1,2,literature review,0.03666889624528128,4
N4P34,SEED_39,1,2,literature review,0.03555690750708022,4
N4P34,SEED_6,1,2,literature review,0.03894507193462498,4
N4P93,SEED_64,0,5,position paper,0.07877200791990707,4
N4P93,SEED_92,0,5,position paper,0.05106624582263099,4
N4P93,SEED_78,1,5,position paper,0.0228613868635909,4
N4P93,SEED_36,1,5,position paper,0.13828262665054547,4
N4P93,SEED_14,1,5,position paper,0.029758165991292006,4
N4P93,SEED_41,0,5,position paper,0.06663729499428636,4
N4P7,SEED_113,0,3,position paper,0.03869600182636786,4
N4P7,SEED_39,0,3,position paper,0.03555690750708022,4
N4P7,SEED_74,0,3,position paper,0.045788952881914514,4
N4P7,SEED_54,0,3,position paper,0.0252978715058926,4
N4P111,SEED_79,0,4,position paper,0.1318500750967745,4
N4P111,SEED_81,1,4,position paper,0.035788322601505926,4
N4P111,SEED_102,0,4,position paper,0.05485994308932408,4
N4P111,SEED_4,1,4,position paper,0.10778007277480268,4
N4P111,SEED_23,1,4,position paper,0.24419454417762076,4
N4P46,SEED_89,0,7,literature review,0.013011664337656105,4
N4P46,SEED_101,0,7,literature review,0.023490079101840138,4
N4P46,SEED_98,1,7,literature review,0.011894667691759708,4
N4P46,SEED_94,1,7,literature review,0.1502174121454999,4
N4P46,SEED_12,1,7,literature review,0.06332329199540948,4
N4P46,SEED_65,1,7,literature review,0.09967558011174742,4
N4P46,SEED_68,0,7,literature review,0.022306762819201194,4
N4P46,SEED_35,0,7,literature review,0.053243975534267386,4
N4P52,SEED_33,1,6,literature review,0.03666889624528128,4
N4P52,SEED_51,1,6,literature review,0.09567458183955731,4
N4P52,SEED_102,0,6,literature review,0.05485994308932408,4
N4P52,SEED_30,0,6,literature review,0.045065154448624835,4
N4P52,SEED_60,0,6,literature review,0.03900336059186124,4
N4P52,SEED_115,0,6,literature review,0.02209761458825523,4
N4P52,SEED_40,1,6,literature review,0.03616922310850126,4
N4P22,SEED_43,1,7,position paper,0.05652341745969014,4
N4P22,SEED_65,1,7,position paper,0.09967558011174742,4
N4P22,SEED_59,0,7,position paper,0.03537515898047227,4
N4P22,SEED_103,0,7,position paper,0.1317058804580309,4
N4P22,SEED_14,1,7,position paper,0.029758165991292006,4
N4P22,SEED_49,1,7,position paper,0.032768873721272004,4
N4P22,SEED_20,1,7,position paper,0.029535688085893946,4
N4P22,SEED_56,0,7,position paper,0.021739942781307576,4
N4P61,SEED_2,0,5,literature review,0.12297460110382108,4
N4P61,SEED_5,0,5,literature review,0.04891575446422762,4
N4P61,SEED_72,0,5,literature review,0.07981472218677699,4
N4P61,SEED_108,1,5,literature review,0.11699373395608792,4
N4P61,SEED_58,1,5,literature review,0.04043276523483182,4
N4P61,SEED_40,0,5,literature review,0.03616922310850126,4
N4P35,SEED_97,0,6,position paper,0.03609440995756307,4
N4P35,SEED_51,1,6,position paper,0.09567458183955731,4
N4P35,SEED_103,1,6,position paper,0.1317058804580309,4
N4P35,SEED_81,1,6,position paper,0.035788322601505926,4
N4P35,SEED_117,0,6,position paper,0.058265813707136085,4
N4P35,SEED_18,0,6,position paper,0.07930603337696131,4
N4P35,SEED_40,0,6,position paper,0.03616922310850126,4
N4P68,SEED_48,1,5,literature review,0.029185376778173528,4
N4P68,SEED_101,1,5,literature review,0.023490079101840138,4
N4P68,SEED_99,0,5,literature review,0.058671135460116444,4
N4P68,SEED_20,1,5,literature review,0.029535688085893946,4
N4P68,SEED_80,0,5,literature review,0.05412529367962349,4
N4P68,SEED_54,1,5,literature review,0.0252978715058926,4
N4P14,SEED_110,1,6,position paper,0.08655273033551042,4
N4P14,SEED_103,1,6,position paper,0.1317058804580309,4
N4P14,SEED_118,0,6,position paper,0.03264322768755141,4
N4P14,SEED_11,1,6,position paper,0.06461885091273475,4
N4P14,SEED_8,0,6,position paper,0.06872182608709806,4
N4P14,SEED_58,0,6,position paper,0.04043276523483182,4
N4P14,SEED_56,0,6,position paper,0.021739942781307576,4
N4P56,SEED_95,1,2,position paper,0.18268931412556882,4
N4P56,SEED_102,0,2,position paper,0.05485994308932408,4
N4P56,SEED_14,1,2,position paper,0.029758165991292006,4
N4P29,SEED_61,1,7,position paper,0.059968033729275456,4
N4P29,SEED_12,0,7,position paper,0.06332329199540948,4
N4P29,SEED_0,1,7,position paper,0.03419115971424214,4
N4P29,SEED_59,1,7,position paper,0.03537515898047227,4
N4P29,SEED_21,1,7,position paper,0.04332717025608329,4
N4P29,SEED_53,1,7,position paper,0.08163751252417001,4
N4P29,SEED_93,0,7,position paper,0.06110953885154956,4
N4P29,SEED_56,0,7,position paper,0.021739942781307576,4
N4P38,SEED_43,1,6,position paper,0.05652341745969014,4
N4P38,SEED_107,1,6,position paper,0.042538122034430435,4
N4P38,SEED_70,1,6,position paper,0.08172477101102746,4
N4P38,SEED_60,0,6,position paper,0.03900336059186124,4
N4P38,SEED_115,0,6,position paper,0.02209761458825523,4
N4P38,SEED_109,0,6,position paper,0.08741121552597077,4
N4P38,SEED_111,0,6,position paper,0.04969971145347565,4
N4P53,SEED_17,1,7,position paper,0.029211956325465183,4
N4P53,SEED_2,0,7,position paper,0.12297460110382108,4
N4P53,SEED_5,0,7,position paper,0.04891575446422762,4
N4P53,SEED_36,1,7,position paper,0.13828262665054547,4
N4P53,SEED_104,1,7,position paper,0.027022006506890947,4
N4P53,SEED_23,1,7,position paper,0.24419454417762076,4
N4P53,SEED_112,0,7,position paper,0.04763731112793226,4
N4P53,SEED_74,0,7,position paper,0.045788952881914514,4
N4P107,SEED_100,0,4,position paper,0.022251536993773687,4
N4P107,SEED_65,1,4,position paper,0.09967558011174742,4
N4P107,SEED_29,0,4,position paper,0.07042009300336129,4
N4P107,SEED_49,1,4,position paper,0.032768873721272004,4
N4P107,SEED_74,0,4,position paper,0.045788952881914514,4
N4P99,SEED_45,0,4,position paper,0.04818303463809887,4
N4P99,SEED_70,1,4,position paper,0.08172477101102746,4
N4P99,SEED_23,1,4,position paper,0.24419454417762076,4
N4P99,SEED_77,0,4,position paper,0.09597717740914226,4
N4P99,SEED_52,0,4,position paper,0.0773265984984997,4
N4P109,SEED_57,1,5,literature review,0.03673991558283747,4
N4P109,SEED_75,0,5,literature review,0.004317454748062883,4
N4P109,SEED_62,1,5,literature review,0.04784216452869475,4
N4P109,SEED_8,1,5,literature review,0.06872182608709806,4
N4P109,SEED_46,1,5,literature review,0.027379269989798654,4
N4P109,SEED_27,1,5,literature review,0.1928425224241903,4
N4P1,SEED_3,1,6,literature review,0.06798054115184436,4
N4P1,SEED_73,1,6,literature review,0.09938073079147507,4
N4P1,SEED_117,0,6,literature review,0.058265813707136085,4
N4P1,SEED_47,1,6,literature review,0.11197067729022589,4
N4P1,SEED_37,1,6,literature review,0.0916688018924311,4
N4P1,SEED_90,1,6,literature review,0.10168314958353901,4
N4P1,SEED_80,0,6,literature review,0.05412529367962349,4
N4P62,SEED_64,1,5,literature review,0.07877200791990707,4
N4P62,SEED_0,1,5,literature review,0.03419115971424214,4
N4P62,SEED_62,1,5,literature review,0.04784216452869475,4
N4P62,SEED_104,1,5,literature review,0.027022006506890947,4
N4P62,SEED_91,0,5,literature review,0.037739388173408044,4
N4P62,SEED_1,1,5,literature review,0.13141875515524984,4
N4P3,SEED_75,1,4,position paper,0.004317454748062883,4
N4P3,SEED_28,0,4,position paper,0.03690431206766,4
N4P3,SEED_9,1,4,position paper,0.05790057358028041,4
N4P3,SEED_70,1,4,position paper,0.08172477101102746,4
N4P3,SEED_46,0,4,position paper,0.027379269989798654,4
N4P70,SEED_48,1,5,position paper,0.029185376778173528,4
N4P70,SEED_9,1,5,position paper,0.05790057358028041,4
N4P70,SEED_85,0,5,position paper,0.06585964077621878,4
N4P70,SEED_99,1,5,position paper,0.058671135460116444,4
N4P70,SEED_82,0,5,position paper,0.031946399533903824,4
N4P70,SEED_11,0,5,position paper,0.06461885091273475,4
N4P116,SEED_64,1,5,literature review,0.07877200791990707,4
N4P116,SEED_43,1,5,literature review,0.05652341745969014,4
N4P116,SEED_114,1,5,literature review,0.05371749025215298,4
N4P116,SEED_28,1,5,literature review,0.03690431206766,4
N4P116,SEED_23,1,5,literature review,0.24419454417762076,4
N4P116,SEED_112,0,5,literature review,0.04763731112793226,4
N4P27,SEED_26,1,6,literature review,0.07104261452564097,4
N4P27,SEED_98,1,6,literature review,0.011894667691759708,4
N4P27,SEED_15,0,6,literature review,0.12583525799894296,4
N4P27,SEED_32,1,6,literature review,0.09735164776405995,4
N4P27,SEED_14,1,6,literature review,0.029758165991292006,4
N4P27,SEED_22,0,6,literature review,0.05799342396218755,4
N4P27,SEED_108,1,6,literature review,0.11699373395608792,4
N4P119,SEED_114,1,5,literature review,0.05371749025215298,4
N4P119,SEED_15,1,5,literature review,0.12583525799894296,4
N4P119,SEED_62,1,5,literature review,0.04784216452869475,4
N4P119,SEED_11,1,5,literature review,0.06461885091273475,4
N4P119,SEED_90,1,5,literature review,0.10168314958353901,4
N4P119,SEED_20,1,5,literature review,0.029535688085893946,4
N4P91,SEED_16,0,7,position paper,0.06580490852851562,4
N4P91,SEED_45,1,7,position paper,0.04818303463809887,4
N4P91,SEED_79,0,7,position paper,0.1318500750967745,4
N4P91,SEED_84,0,7,position paper,0.07184420324302587,4
N4P91,SEED_1,1,7,position paper,0.13141875515524984,4
N4P91,SEED_58,1,7,position paper,0.04043276523483182,4
N4P91,SEED_34,0,7,position paper,0.08548426810230766,4
N4P91,SEED_111,0,7,position paper,0.04969971145347565,4
N4P78,SEED_4,0,8,position paper,0.10778007277480268,4
N4P78,SEED_30,1,8,position paper,0.045065154448624835,4
N4P78,SEED_62,0,8,position paper,0.04784216452869475,4
N4P78,SEED_104,1,8,position paper,0.027022006506890947,4
N4P78,SEED_21,0,8,position paper,0.04332717025608329,4
N4P78,SEED_69,0,8,position paper,0.01686621307186654,4
N4P78,SEED_72,0,8,position paper,0.07981472218677699,4
N4P78,SEED_96,0,8,position paper,0.10358875368385743,4
N4P78,SEED_118,1,8,position paper,0.03264322768755141,4
N4P117,SEED_84,0,6,literature review,0.07184420324302587,4
N4P117,SEED_35,0,6,literature review,0.053243975534267386,4
N4P117,SEED_1,1,6,literature review,0.13141875515524984,4
N4P117,SEED_34,0,6,literature review,0.08548426810230766,4
N4P117,SEED_74,1,6,literature review,0.045788952881914514,4
N4P117,SEED_96,1,6,literature review,0.10358875368385743,4
N4P117,SEED_13,0,6,literature review,0.030904771618012833,4
N4P97,SEED_114,1,4,position paper,0.05371749025215298,4
N4P97,SEED_78,0,4,position paper,0.0228613868635909,4
N4P97,SEED_69,1,4,position paper,0.01686621307186654,4
N4P97,SEED_109,1,4,position paper,0.08741121552597077,4
N4P97,SEED_91,0,4,position paper,0.037739388173408044,4
N4P77,SEED_57,1,6,literature review,0.03673991558283747,4
N4P77,SEED_59,0,6,literature review,0.03537515898047227,4
N4P77,SEED_60,1,6,literature review,0.03900336059186124,4
N4P77,SEED_115,1,6,literature review,0.02209761458825523,4
N4P77,SEED_84,0,6,literature review,0.07184420324302587,4
N4P77,SEED_46,1,6,literature review,0.027379269989798654,4
N4P77,SEED_40,0,6,literature review,0.03616922310850126,4
N4P98,SEED_107,0,2,position paper,0.042538122034430435,4
N4P98,SEED_4,0,2,position paper,0.10778007277480268,4
N4P98,SEED_41,1,2,position paper,0.06663729499428636,4
N4P82,SEED_28,1,4,literature review,0.03690431206766,4
N4P82,SEED_0,1,4,literature review,0.03419115971424214,4
N4P82,SEED_29,0,4,literature review,0.07042009300336129,4
N4P82,SEED_99,1,4,literature review,0.058671135460116444,4
N4P82,SEED_69,1,4,literature review,0.01686621307186654,4
N4P100,SEED_33,1,5,position paper,0.03666889624528128,4
N4P100,SEED_75,0,5,position paper,0.004317454748062883,4
N4P100,SEED_39,0,5,position paper,0.03555690750708022,4
N4P100,SEED_29,0,5,position paper,0.07042009300336129,4
N4P100,SEED_72,0,5,position paper,0.07981472218677699,4
N4P100,SEED_74,0,5,position paper,0.045788952881914514,4
N4P94,SEED_110,0,10,literature review,0.08655273033551042,4
N4P94,SEED_95,0,10,literature review,0.18268931412556882,4
N4P94,SEED_38,1,10,literature review,0.061179792753602406,4
N4P94,SEED_62,1,10,literature review,0.04784216452869475,4
N4P94,SEED_72,0,10,literature review,0.07981472218677699,4
N4P94,SEED_77,1,10,literature review,0.09597717740914226,4
N4P94,SEED_84,0,10,literature review,0.07184420324302587,4
N4P94,SEED_112,0,10,literature review,0.04763731112793226,4
N4P94,SEED_96,1,10,literature review,0.10358875368385743,4
N4P94,SEED_18,1,10,literature review,0.07930603337696131,4
N4P94,SEED_56,0,10,literature review,0.021739942781307576,4
N4P20,SEED_12,0,4,position paper,0.06332329199540948,4
N4P20,SEED_5,1,4,position paper,0.04891575446422762,4
N4P20,SEED_10,1,4,position paper,0.2599772228262205,4
N4P20,SEED_21,1,4,position paper,0.04332717025608329,4
N4P20,SEED_86,1,4,position paper,0.07467253707820579,4
N4P49,SEED_82,1,6,literature review,0.031946399533903824,4
N4P49,SEED_104,1,6,literature review,0.027022006506890947,4
N4P49,SEED_109,1,6,literature review,0.08741121552597077,4
N4P49,SEED_6,1,6,literature review,0.03894507193462498,4
N4P49,SEED_35,1,6,literature review,0.053243975534267386,4
N4P49,SEED_76,0,6,literature review,0.02911097510188564,4
N4P49,SEED_54,0,6,literature review,0.0252978715058926,4
N4P57,SEED_26,0,6,literature review,0.07104261452564097,4
N4P57,SEED_4,0,6,literature review,0.10778007277480268,4
N4P57,SEED_30,1,6,literature review,0.045065154448624835,4
N4P57,SEED_69,0,6,literature review,0.01686621307186654,4
N4P57,SEED_25,1,6,literature review,0.03134650983079614,4
N4P57,SEED_13,1,6,literature review,0.030904771618012833,4
N4P57,SEED_56,1,6,literature review,0.021739942781307576,4
N4P30,SEED_92,0,8,position paper,0.05106624582263099,4
N4P30,SEED_100,0,8,position paper,0.022251536993773687,4
N4P30,SEED_12,0,8,position paper,0.06332329199540948,4
N4P30,SEED_4,1,8,position paper,0.10778007277480268,4
N4P30,SEED_63,1,8,position paper,0.04603307219547203,4
N4P30,SEED_5,0,8,position paper,0.04891575446422762,4
N4P30,SEED_93,1,8,position paper,0.06110953885154956,4
N4P30,SEED_112,0,8,position paper,0.04763731112793226,4
N4P30,SEED_46,1,8,position paper,0.027379269989798654,4
N4P73,SEED_50,0,4,position paper,0.07323859452802539,4
N4P73,SEED_73,1,4,position paper,0.09938073079147507,4
N4P73,SEED_44,1,4,position paper,0.037266295783348585,4
N4P73,SEED_14,1,4,position paper,0.029758165991292006,4
N4P73,SEED_20,1,4,position paper,0.029535688085893946,4
N4P43,SEED_107,0,2,literature review,0.042538122034430435,4
N4P43,SEED_62,1,2,literature review,0.04784216452869475,4
N4P43,SEED_84,1,2,literature review,0.07184420324302587,4
N4P4,SEED_79,0,3,position paper,0.1318500750967745,4
N4P4,SEED_106,1,3,position paper,0.0396656199956952,4
N4P4,SEED_105,0,3,position paper,0.024092964382771427,4
N4P4,SEED_103,1,3,position paper,0.1317058804580309,4
N4P21,SEED_119,0,0,literature review,0.07263413180061329,4
N4P103,SEED_64,0,13,position paper,0.07877200791990707,4
N4P103,SEED_83,0,13,position paper,0.052741438587646794,4
N4P103,SEED_26,0,13,position paper,0.07104261452564097,4
N4P103,SEED_75,1,13,position paper,0.004317454748062883,4
N4P103,SEED_7,0,13,position paper,0.021341441722662596,4
N4P103,SEED_102,0,13,position paper,0.05485994308932408,4
N4P103,SEED_36,1,13,position paper,0.13828262665054547,4
N4P103,SEED_60,0,13,position paper,0.03900336059186124,4
N4P103,SEED_104,1,13,position paper,0.027022006506890947,4
N4P103,SEED_115,0,13,position paper,0.02209761458825523,4
N4P103,SEED_91,0,13,position paper,0.037739388173408044,4
N4P103,SEED_108,1,13,position paper,0.11699373395608792,4
N4P103,SEED_55,1,13,position paper,0.09584107046851154,4
N4P103,SEED_112,0,13,position paper,0.04763731112793226,4
N4P96,SEED_43,1,7,position paper,0.05652341745969014,4
N4P96,SEED_33,1,7,position paper,0.03666889624528128,4
N4P96,SEED_28,1,7,position paper,0.03690431206766,4
N4P96,SEED_62,1,7,position paper,0.04784216452869475,4
N4P96,SEED_30,0,7,position paper,0.045065154448624835,4
N4P96,SEED_104,1,7,position paper,0.027022006506890947,4
N4P96,SEED_58,0,7,position paper,0.04043276523483182,4
N4P96,SEED_118,1,7,position paper,0.03264322768755141,4
N4P66,SEED_57,0,9,literature review,0.03673991558283747,4
N4P66,SEED_0,1,9,literature review,0.03419115971424214,4
N4P66,SEED_7,0,9,literature review,0.021341441722662596,4
N4P66,SEED_39,1,9,literature review,0.03555690750708022,4
N4P66,SEED_117,0,9,literature review,0.058265813707136085,4
N4P66,SEED_14,1,9,literature review,0.029758165991292006,4
N4P66,SEED_6,1,9,literature review,0.03894507193462498,4
N4P66,SEED_8,0,9,literature review,0.06872182608709806,4
N4P66,SEED_84,0,9,literature review,0.07184420324302587,4
N4P66,SEED_58,1,9,literature review,0.04043276523483182,4
N4P106,SEED_114,1,2,literature review,0.05371749025215298,4
N4P106,SEED_85,1,2,literature review,0.06585964077621878,4
N4P106,SEED_118,1,2,literature review,0.03264322768755141,4
N4P104,SEED_105,0,4,literature review,0.024092964382771427,4
N4P104,SEED_53,1,4,literature review,0.08163751252417001,4
N4P104,SEED_77,1,4,literature review,0.09597717740914226,4
N4P104,SEED_25,0,4,literature review,0.03134650983079614,4
N4P104,SEED_49,0,4,literature review,0.032768873721272004,4
N4P42,SEED_92,0,6,literature review,0.05106624582263099,4
N4P42,SEED_65,1,6,literature review,0.09967558011174742,4
N4P42,SEED_116,0,6,literature review,0.15216520399588473,4
N4P42,SEED_99,0,6,literature review,0.058671135460116444,4
N4P42,SEED_60,0,6,literature review,0.03900336059186124,4
N4P42,SEED_22,1,6,literature review,0.05799342396218755,4
N4P42,SEED_35,0,6,literature review,0.053243975534267386,4
N4P31,SEED_16,0,10,literature review,0.06580490852851562,4
N4P31,SEED_83,0,10,literature review,0.052741438587646794,4
N4P31,SEED_75,0,10,literature review,0.004317454748062883,4
N4P31,SEED_12,0,10,literature review,0.06332329199540948,4
N4P31,SEED_105,1,10,literature review,0.024092964382771427,4
N4P31,SEED_23,1,10,literature review,0.24419454417762076,4
N4P31,SEED_47,1,10,literature review,0.11197067729022589,4
N4P31,SEED_6,1,10,literature review,0.03894507193462498,4
N4P31,SEED_93,1,10,literature review,0.06110953885154956,4
N4P31,SEED_11,0,10,literature review,0.06461885091273475,4
N4P31,SEED_119,1,10,literature review,0.07263413180061329,4
N4P11,SEED_75,0,6,literature review,0.004317454748062883,4
N4P11,SEED_65,1,6,literature review,0.09967558011174742,4
N4P11,SEED_29,0,6,literature review,0.07042009300336129,4
N4P11,SEED_2,0,6,literature review,0.12297460110382108,4
N4P11,SEED_21,1,6,literature review,0.04332717025608329,4
N4P11,SEED_91,0,6,literature review,0.037739388173408044,4
N4P11,SEED_111,1,6,literature review,0.04969971145347565,4
N4P48,SEED_75,1,7,literature review,0.004317454748062883,4
N4P48,SEED_0,1,7,literature review,0.03419115971424214,4
N4P48,SEED_39,1,7,literature review,0.03555690750708022,4
N4P48,SEED_109,1,7,literature review,0.08741121552597077,4
N4P48,SEED_55,1,7,literature review,0.09584107046851154,4
N4P48,SEED_58,0,7,literature review,0.04043276523483182,4
N4P48,SEED_18,1,7,literature review,0.07930603337696131,4
N4P48,SEED_40,0,7,literature review,0.03616922310850126,4
N4P102,SEED_42,1,8,position paper,0.051653349129091995,4
N4P102,SEED_48,1,8,position paper,0.029185376778173528,4
N4P102,SEED_32,1,8,position paper,0.09735164776405995,4
N4P102,SEED_81,0,8,position paper,0.035788322601505926,4
N4P102,SEED_2,0,8,position paper,0.12297460110382108,4
N4P102,SEED_109,0,8,position paper,0.08741121552597077,4
N4P102,SEED_25,0,8,position paper,0.03134650983079614,4
N4P102,SEED_55,1,8,position paper,0.09584107046851154,4
N4P102,SEED_112,0,8,position paper,0.04763731112793226,4
N4P115,SEED_114,1,4,literature review,0.05371749025215298,4
N4P115,SEED_38,0,4,literature review,0.061179792753602406,4
N4P115,SEED_29,0,4,literature review,0.07042009300336129,4
N4P115,SEED_19,1,4,literature review,0.04109700523383222,4
N4P115,SEED_14,1,4,literature review,0.029758165991292006,4
N4P118,SEED_5,1,1,position paper,0.04891575446422762,4
N4P118,SEED_54,0,1,position paper,0.0252978715058926,4
N4P90,SEED_57,1,8,literature review,0.03673991558283747,4
N4P90,SEED_89,1,8,literature review,0.013011664337656105,4
N4P90,SEED_43,1,8,literature review,0.05652341745969014,4
N4P90,SEED_83,0,8,literature review,0.052741438587646794,4
N4P90,SEED_101,0,8,literature review,0.023490079101840138,4
N4P90,SEED_32,1,8,literature review,0.09735164776405995,4
N4P90,SEED_47,1,8,literature review,0.11197067729022589,4
N4P90,SEED_109,1,8,literature review,0.08741121552597077,4
N4P90,SEED_13,1,8,literature review,0.030904771618012833,4
N4P72,SEED_81,1,2,literature review,0.035788322601505926,4
N4P72,SEED_11,1,2,literature review,0.06461885091273475,4
N4P72,SEED_56,1,2,literature review,0.021739942781307576,4
N4P50,SEED_15,0,4,position paper,0.12583525799894296,4
N4P50,SEED_7,1,4,position paper,0.021341441722662596,4
N4P50,SEED_38,0,4,position paper,0.061179792753602406,4
N4P50,SEED_84,1,4,position paper,0.07184420324302587,4
N4P50,SEED_18,1,4,position paper,0.07930603337696131,4
N4P114,SEED_64,0,8,position paper,0.07877200791990707,4
N4P114,SEED_32,1,8,position paper,0.09735164776405995,4
N4P114,SEED_38,0,8,position paper,0.061179792753602406,4
N4P114,SEED_62,1,8,position paper,0.04784216452869475,4
N4P114,SEED_23,1,8,position paper,0.24419454417762076,4
N4P114,SEED_25,0,8,position paper,0.03134650983079614,4
N4P114,SEED_112,0,8,position paper,0.04763731112793226,4
N4P114,SEED_74,0,8,position paper,0.045788952881914514,4
N4P114,SEED_80,0,8,position paper,0.05412529367962349,4
N4P25,SEED_57,1,4,literature review,0.03673991558283747,4
N4P25,SEED_42,1,4,literature review,0.051653349129091995,4
N4P25,SEED_19,1,4,literature review,0.04109700523383222,4
N4P25,SEED_72,0,4,literature review,0.07981472218677699,4
N4P25,SEED_27,1,4,literature review,0.1928425224241903,4
N4P112,SEED_75,0,5,literature review,0.004317454748062883,4
N4P112,SEED_30,1,5,literature review,0.045065154448624835,4
N4P112,SEED_70,0,5,literature review,0.08172477101102746,4
N4P112,SEED_82,0,5,literature review,0.031946399533903824,4
N4P112,SEED_53,1,5,literature review,0.08163751252417001,4
N4P112,SEED_119,0,5,literature review,0.07263413180061329,4
N4P58,SEED_32,1,2,literature review,0.09735164776405995,4
N4P58,SEED_104,1,2,literature review,0.027022006506890947,4
N4P58,SEED_46,0,2,literature review,0.027379269989798654,4
N4P26,SEED_31,1,5,position paper,0.033526494815073346,4
N4P26,SEED_79,0,5,position paper,0.1318500750967745,4
N4P26,SEED_7,0,5,position paper,0.021341441722662596,4
N4P26,SEED_11,1,5,position paper,0.06461885091273475,4
N4P26,SEED_20,1,5,position paper,0.029535688085893946,4
N4P26,SEED_80,1,5,position paper,0.05412529367962349,4
N4P86,SEED_107,1,6,literature review,0.042538122034430435,4
N4P86,SEED_73,1,6,literature review,0.09938073079147507,4
N4P86,SEED_24,0,6,literature review,0.06525103738400904,4
N4P86,SEED_51,1,6,literature review,0.09567458183955731,4
N4P86,SEED_23,0,6,literature review,0.24419454417762076,4
N4P86,SEED_72,0,6,literature review,0.07981472218677699,4
N4P86,SEED_13,1,6,literature review,0.030904771618012833,4
N4P108,SEED_42,1,2,literature review,0.051653349129091995,4
N4P108,SEED_26,1,2,literature review,0.07104261452564097,4
N4P108,SEED_118,1,2,literature review,0.03264322768755141,4
N4P51,SEED_67,1,6,literature review,0.05032975495304677,4
N4P51,SEED_7,0,6,literature review,0.021341441722662596,4
N4P51,SEED_39,1,6,literature review,0.03555690750708022,4
N4P51,SEED_81,1,6,literature review,0.035788322601505926,4
N4P51,SEED_62,1,6,literature review,0.04784216452869475,4
N4P51,SEED_72,0,6,literature review,0.07981472218677699,4
N4P51,SEED_25,1,6,literature review,0.03134650983079614,4
N4P59,SEED_57,1,6,literature review,0.03673991558283747,4
N4P59,SEED_96,1,6,literature review,0.10358875368385743,4
N4P59,SEED_95,1,6,literature review,0.18268931412556882,4
N4P59,SEED_81,1,6,literature review,0.035788322601505926,4
N4P59,SEED_22,1,6,literature review,0.05799342396218755,4
N4P59,SEED_35,0,6,literature review,0.053243975534267386,4
N4P59,SEED_111,1,6,literature review,0.04969971145347565,4
N4P88,SEED_33,0,7,literature review,0.03666889624528128,4
N4P88,SEED_31,1,7,literature review,0.033526494815073346,4
N4P88,SEED_17,1,7,literature review,0.029211956325465183,4
N4P88,SEED_5,0,7,literature review,0.04891575446422762,4
N4P88,SEED_109,1,7,literature review,0.08741121552597077,4
N4P88,SEED_53,1,7,literature review,0.08163751252417001,4
N4P88,SEED_119,0,7,literature review,0.07263413180061329,4
N4P88,SEED_35,0,7,literature review,0.053243975534267386,4
N4P6,SEED_16,1,4,position paper,0.06580490852851562,4
N4P6,SEED_79,0,4,position paper,0.1318500750967745,4
N4P6,SEED_49,0,4,position paper,0.032768873721272004,4
N4P6,SEED_74,0,4,position paper,0.045788952881914514,4
N4P6,SEED_118,1,4,position paper,0.03264322768755141,4
N4P19,SEED_78,0,3,literature review,0.0228613868635909,4
N4P19,SEED_15,1,3,literature review,0.12583525799894296,4
N4P19,SEED_39,0,3,literature review,0.03555690750708022,4
N4P19,SEED_86,1,3,literature review,0.07467253707820579,4
N4P60,SEED_98,1,6,literature review,0.011894667691759708,4
N4P60,SEED_79,1,6,literature review,0.1318500750967745,4
N4P60,SEED_9,1,6,literature review,0.05790057358028041,4
N4P60,SEED_21,1,6,literature review,0.04332717025608329,4
N4P60,SEED_115,1,6,literature review,0.02209761458825523,4
N4P60,SEED_10,1,6,literature review,0.2599772228262205,4
N4P60,SEED_34,1,6,literature review,0.08548426810230766,4
N4P113,SEED_75,0,11,literature review,0.004317454748062883,4
N4P113,SEED_67,0,11,literature review,0.05032975495304677,4
N4P113,SEED_9,1,11,literature review,0.05790057358028041,4
N4P113,SEED_62,1,11,literature review,0.04784216452869475,4
N4P113,SEED_19,0,11,literature review,0.04109700523383222,4
N4P113,SEED_37,1,11,literature review,0.0916688018924311,4
N4P113,SEED_49,0,11,literature review,0.032768873721272004,4
N4P113,SEED_111,0,11,literature review,0.04969971145347565,4
N4P113,SEED_46,1,11,literature review,0.027379269989798654,4
N4P113,SEED_80,0,11,literature review,0.05412529367962349,4
N4P113,SEED_74,0,11,literature review,0.045788952881914514,4
N4P113,SEED_27,1,11,literature review,0.1928425224241903,4
N4P36,SEED_116,1,5,position paper,0.15216520399588473,4
N4P36,SEED_117,0,5,position paper,0.058265813707136085,4
N4P36,SEED_36,1,5,position paper,0.13828262665054547,4
N4P36,SEED_72,0,5,position paper,0.07981472218677699,4
N4P36,SEED_77,1,5,position paper,0.09597717740914226,4
N4P36,SEED_37,1,5,position paper,0.0916688018924311,4
N4P15,SEED_5,0,6,literature review,0.04891575446422762,4
N4P15,SEED_82,1,6,literature review,0.031946399533903824,4
N4P15,SEED_47,1,6,literature review,0.11197067729022589,4
N4P15,SEED_93,0,6,literature review,0.06110953885154956,4
N4P15,SEED_37,1,6,literature review,0.0916688018924311,4
N4P15,SEED_111,1,6,literature review,0.04969971145347565,4
N4P15,SEED_18,1,6,literature review,0.07930603337696131,4
N4P110,SEED_88,1,9,position paper,0.0751324199578783,4
N4P110,SEED_17,1,9,position paper,0.029211956325465183,4
N4P110,SEED_19,0,9,position paper,0.04109700523383222,4
N4P110,SEED_63,1,9,position paper,0.04603307219547203,4
N4P110,SEED_11,0,9,position paper,0.06461885091273475,4
N4P110,SEED_49,0,9,position paper,0.032768873721272004,4
N4P110,SEED_46,1,9,position paper,0.027379269989798654,4
N4P110,SEED_96,0,9,position paper,0.10358875368385743,4
N4P110,SEED_13,0,9,position paper,0.030904771618012833,4
N4P110,SEED_54,0,9,position paper,0.0252978715058926,4
N4P75,SEED_75,1,3,literature review,0.004317454748062883,4
N4P75,SEED_24,0,3,literature review,0.06525103738400904,4
N4P75,SEED_79,0,3,literature review,0.1318500750967745,4
N4P75,SEED_27,1,3,literature review,0.1928425224241903,4
N4P92,SEED_106,1,8,literature review,0.0396656199956952,4
N4P92,SEED_38,0,8,literature review,0.061179792753602406,4
N4P92,SEED_29,0,8,literature review,0.07042009300336129,4
N4P92,SEED_6,1,8,literature review,0.03894507193462498,4
N4P92,SEED_22,1,8,literature review,0.05799342396218755,4
N4P92,SEED_84,0,8,literature review,0.07184420324302587,4
N4P92,SEED_52,0,8,literature review,0.0773265984984997,4
N4P92,SEED_27,1,8,literature review,0.1928425224241903,4
N4P92,SEED_118,1,8,literature review,0.03264322768755141,4
N4P37,SEED_42,1,7,literature review,0.051653349129091995,4
N4P37,SEED_88,1,7,literature review,0.0751324199578783,4
N4P37,SEED_28,1,7,literature review,0.03690431206766,4
N4P37,SEED_99,0,7,literature review,0.058671135460116444,4
N4P37,SEED_63,0,7,literature review,0.04603307219547203,4
N4P37,SEED_14,1,7,literature review,0.029758165991292006,4
N4P37,SEED_6,1,7,literature review,0.03894507193462498,4
N4P37,SEED_37,0,7,literature review,0.0916688018924311,4
N4P18,SEED_26,0,7,position paper,0.07104261452564097,4
N4P18,SEED_44,1,7,position paper,0.037266295783348585,4
N4P18,SEED_19,1,7,position paper,0.04109700523383222,4
N4P18,SEED_63,1,7,position paper,0.04603307219547203,4
N4P18,SEED_66,1,7,position paper,0.009691035124209286,4
N4P18,SEED_93,0,7,position paper,0.06110953885154956,4
N4P18,SEED_8,1,7,position paper,0.06872182608709806,4
N4P18,SEED_74,0,7,position paper,0.045788952881914514,4
N4P95,SEED_16,1,6,literature review,0.06580490852851562,4
N4P95,SEED_4,1,6,literature review,0.10778007277480268,4
N4P95,SEED_47,1,6,literature review,0.11197067729022589,4
N4P95,SEED_8,1,6,literature review,0.06872182608709806,4
N4P95,SEED_58,1,6,literature review,0.04043276523483182,4
N4P95,SEED_34,0,6,literature review,0.08548426810230766,4
N4P95,SEED_76,0,6,literature review,0.02911097510188564,4
N4P89,SEED_43,1,9,literature review,0.05652341745969014,4
N4P89,SEED_16,0,9,literature review,0.06580490852851562,4
N4P89,SEED_107,1,9,literature review,0.042538122034430435,4
N4P89,SEED_67,0,9,literature review,0.05032975495304677,4
N4P89,SEED_28,1,9,literature review,0.03690431206766,4
N4P89,SEED_106,1,9,literature review,0.0396656199956952,4
N4P89,SEED_103,1,9,literature review,0.1317058804580309,4
N4P89,SEED_4,0,9,literature review,0.10778007277480268,4
N4P89,SEED_55,1,9,literature review,0.09584107046851154,4
N4P89,SEED_118,1,9,literature review,0.03264322768755141,4
N4P84,SEED_101,1,9,literature review,0.023490079101840138,4
N4P84,SEED_75,0,9,literature review,0.004317454748062883,4
N4P84,SEED_45,1,9,literature review,0.04818303463809887,4
N4P84,SEED_36,1,9,literature review,0.13828262665054547,4
N4P84,SEED_60,0,9,literature review,0.03900336059186124,4
N4P84,SEED_109,1,9,literature review,0.08741121552597077,4
N4P84,SEED_14,1,9,literature review,0.029758165991292006,4
N4P84,SEED_90,1,9,literature review,0.10168314958353901,4
N4P84,SEED_20,1,9,literature review,0.029535688085893946,4
N4P84,SEED_54,0,9,literature review,0.0252978715058926,4
N4P17,SEED_43,0,4,literature review,0.05652341745969014,4
N4P17,SEED_79,0,4,literature review,0.1318500750967745,4
N4P17,SEED_51,1,4,literature review,0.09567458183955731,4
N4P17,SEED_85,0,4,literature review,0.06585964077621878,4
N4P17,SEED_62,1,4,literature review,0.04784216452869475,4
N5P116,SEED_71,0,6,position paper,0.01920486060179593,5
N5P116,SEED_24,1,6,position paper,0.06525103738400904,5
N5P116,SEED_7,0,6,position paper,0.021341441722662596,5
N5P116,SEED_19,1,6,position paper,0.04109700523383222,5
N5P116,SEED_115,0,6,position paper,0.02209761458825523,5
N5P116,SEED_66,1,6,position paper,0.009691035124209286,5
N5P116,SEED_22,1,6,position paper,0.05799342396218755,5
N5P53,SEED_75,1,2,literature review,0.004317454748062883,5
N5P53,SEED_12,1,2,literature review,0.06332329199540948,5
N5P53,SEED_18,1,2,literature review,0.07930603337696131,5
N5P111,SEED_114,0,5,position paper,0.05371749025215298,5
N5P111,SEED_45,1,5,position paper,0.04818303463809887,5
N5P111,SEED_105,0,5,position paper,0.024092964382771427,5
N5P111,SEED_117,0,5,position paper,0.058265813707136085,5
N5P111,SEED_60,0,5,position paper,0.03900336059186124,5
N5P111,SEED_77,1,5,position paper,0.09597717740914226,5
N5P69,SEED_64,0,6,position paper,0.07877200791990707,5
N5P69,SEED_5,0,6,position paper,0.04891575446422762,5
N5P69,SEED_23,1,6,position paper,0.24419454417762076,5
N5P69,SEED_14,1,6,position paper,0.029758165991292006,5
N5P69,SEED_49,0,6,position paper,0.032768873721272004,5
N5P69,SEED_74,0,6,position paper,0.045788952881914514,5
N5P69,SEED_27,1,6,position paper,0.1928425224241903,5
N5P68,SEED_26,1,4,literature review,0.07104261452564097,5
N5P68,SEED_102,0,4,literature review,0.05485994308932408,5
N5P68,SEED_72,0,4,literature review,0.07981472218677699,5
N5P68,SEED_14,1,4,literature review,0.029758165991292006,5
N5P68,SEED_49,0,4,literature review,0.032768873721272004,5
N5P99,SEED_32,1,2,position paper,0.09735164776405995,5
N5P99,SEED_51,0,2,position paper,0.09567458183955731,5
N5P99,SEED_20,1,2,position paper,0.029535688085893946,5
N5P41,SEED_110,0,3,literature review,0.08655273033551042,5
N5P41,SEED_61,1,3,literature review,0.059968033729275456,5
N5P41,SEED_4,0,3,literature review,0.10778007277480268,5
N5P41,SEED_86,0,3,literature review,0.07467253707820579,5
N5P107,SEED_107,0,3,position paper,0.042538122034430435,5
N5P107,SEED_28,0,3,position paper,0.03690431206766,5
N5P107,SEED_35,0,3,position paper,0.053243975534267386,5
N5P107,SEED_27,1,3,position paper,0.1928425224241903,5
N5P93,SEED_70,1,4,literature review,0.08172477101102746,5
N5P93,SEED_2,0,4,literature review,0.12297460110382108,5
N5P93,SEED_93,0,4,literature review,0.06110953885154956,5
N5P93,SEED_111,0,4,literature review,0.04969971145347565,5
N5P93,SEED_18,1,4,literature review,0.07930603337696131,5
N5P65,SEED_114,1,5,literature review,0.05371749025215298,5
N5P65,SEED_15,1,5,literature review,0.12583525799894296,5
N5P65,SEED_116,1,5,literature review,0.15216520399588473,5
N5P65,SEED_58,1,5,literature review,0.04043276523483182,5
N5P65,SEED_111,1,5,literature review,0.04969971145347565,5
N5P65,SEED_41,0,5,literature review,0.06663729499428636,5
N5P21,SEED_101,0,6,position paper,0.023490079101840138,5
N5P21,SEED_32,1,6,position paper,0.09735164776405995,5
N5P21,SEED_113,0,6,position paper,0.03869600182636786,5
N5P21,SEED_23,1,6,position paper,0.24419454417762076,5
N5P21,SEED_66,0,6,position paper,0.009691035124209286,5
N5P21,SEED_84,0,6,position paper,0.07184420324302587,5
N5P21,SEED_37,1,6,position paper,0.0916688018924311,5
N5P39,SEED_110,0,5,position paper,0.08655273033551042,5
N5P39,SEED_33,1,5,position paper,0.03666889624528128,5
N5P39,SEED_26,1,5,position paper,0.07104261452564097,5
N5P39,SEED_31,1,5,position paper,0.033526494815073346,5
N5P39,SEED_108,1,5,position paper,0.11699373395608792,5
N5P39,SEED_111,0,5,position paper,0.04969971145347565,5
N5P55,SEED_61,1,4,position paper,0.059968033729275456,5
N5P55,SEED_65,1,4,position paper,0.09967558011174742,5
N5P55,SEED_38,0,4,position paper,0.061179792753602406,5
N5P55,SEED_34,0,4,position paper,0.08548426810230766,5
N5P55,SEED_18,1,4,position paper,0.07930603337696131,5
N5P102,SEED_73,1,6,literature review,0.09938073079147507,5
N5P102,SEED_15,1,6,literature review,0.12583525799894296,5
N5P102,SEED_7,0,6,literature review,0.021341441722662596,5
N5P102,SEED_23,1,6,literature review,0.24419454417762076,5
N5P102,SEED_53,1,6,literature review,0.08163751252417001,5
N5P102,SEED_91,0,6,literature review,0.037739388173408044,5
N5P102,SEED_49,1,6,literature review,0.032768873721272004,5
N5P3,SEED_64,0,4,literature review,0.07877200791990707,5
N5P3,SEED_59,1,4,literature review,0.03537515898047227,5
N5P3,SEED_19,1,4,literature review,0.04109700523383222,5
N5P3,SEED_68,1,4,literature review,0.022306762819201194,5
N5P3,SEED_117,0,4,literature review,0.058265813707136085,5
N5P117,SEED_24,0,4,position paper,0.06525103738400904,5
N5P117,SEED_113,0,4,position paper,0.03869600182636786,5
N5P117,SEED_60,0,4,position paper,0.03900336059186124,5
N5P117,SEED_46,0,4,position paper,0.027379269989798654,5
N5P117,SEED_118,0,4,position paper,0.03264322768755141,5
N5P9,SEED_4,0,2,position paper,0.10778007277480268,5
N5P9,SEED_46,1,2,position paper,0.027379269989798654,5
N5P9,SEED_13,1,2,position paper,0.030904771618012833,5
N5P62,SEED_12,1,2,position paper,0.06332329199540948,5
N5P62,SEED_13,1,2,position paper,0.030904771618012833,5
N5P62,SEED_112,0,2,position paper,0.04763731112793226,5
N5P11,SEED_9,0,2,position paper,0.05790057358028041,5
N5P11,SEED_91,0,2,position paper,0.037739388173408044,5
N5P11,SEED_40,0,2,position paper,0.03616922310850126,5
N5P83,SEED_16,0,4,position paper,0.06580490852851562,5
N5P83,SEED_5,0,4,position paper,0.04891575446422762,5
N5P83,SEED_118,1,4,position paper,0.03264322768755141,5
N5P83,SEED_25,0,4,position paper,0.03134650983079614,5
N5P83,SEED_1,1,4,position paper,0.13141875515524984,5
N5P98,SEED_83,0,5,position paper,0.052741438587646794,5
N5P98,SEED_45,1,5,position paper,0.04818303463809887,5
N5P98,SEED_21,1,5,position paper,0.04332717025608329,5
N5P98,SEED_112,0,5,position paper,0.04763731112793226,5
N5P98,SEED_90,1,5,position paper,0.10168314958353901,5
N5P98,SEED_27,1,5,position paper,0.1928425224241903,5
N5P15,SEED_26,1,1,position paper,0.07104261452564097,5
N5P15,SEED_0,1,1,position paper,0.03419115971424214,5
N5P32,SEED_107,0,5,literature review,0.042538122034430435,5
N5P32,SEED_97,0,5,literature review,0.03609440995756307,5
N5P32,SEED_98,1,5,literature review,0.011894667691759708,5
N5P32,SEED_47,1,5,literature review,0.11197067729022589,5
N5P32,SEED_22,1,5,literature review,0.05799342396218755,5
N5P32,SEED_35,0,5,literature review,0.053243975534267386,5
N5P100,SEED_110,0,3,position paper,0.08655273033551042,5
N5P100,SEED_98,1,3,position paper,0.011894667691759708,5
N5P100,SEED_117,1,3,position paper,0.058265813707136085,5
N5P100,SEED_66,0,3,position paper,0.009691035124209286,5
N5P38,SEED_12,0,3,literature review,0.06332329199540948,5
N5P38,SEED_2,0,3,literature review,0.12297460110382108,5
N5P38,SEED_109,0,3,literature review,0.08741121552597077,5
N5P38,SEED_118,0,3,literature review,0.03264322768755141,5
N5P81,SEED_61,1,3,literature review,0.059968033729275456,5
N5P81,SEED_114,0,3,literature review,0.05371749025215298,5
N5P81,SEED_82,0,3,literature review,0.031946399533903824,5
N5P81,SEED_77,1,3,literature review,0.09597717740914226,5
N5P103,SEED_75,0,6,literature review,0.004317454748062883,5
N5P103,SEED_31,0,6,literature review,0.033526494815073346,5
N5P103,SEED_44,1,6,literature review,0.037266295783348585,5
N5P103,SEED_104,0,6,literature review,0.027022006506890947,5
N5P103,SEED_109,0,6,literature review,0.08741121552597077,5
N5P103,SEED_14,1,6,literature review,0.029758165991292006,5
N5P103,SEED_8,0,6,literature review,0.06872182608709806,5
N5P112,SEED_51,1,4,literature review,0.09567458183955731,5
N5P112,SEED_113,1,4,literature review,0.03869600182636786,5
N5P112,SEED_60,1,4,literature review,0.03900336059186124,5
N5P112,SEED_93,0,4,literature review,0.06110953885154956,5
N5P112,SEED_49,0,4,literature review,0.032768873721272004,5
N5P94,SEED_64,1,3,literature review,0.07877200791990707,5
N5P94,SEED_48,1,3,literature review,0.029185376778173528,5
N5P94,SEED_88,1,3,literature review,0.0751324199578783,5
N5P94,SEED_85,0,3,literature review,0.06585964077621878,5
N5P67,SEED_61,1,7,literature review,0.059968033729275456,5
N5P67,SEED_101,0,7,literature review,0.023490079101840138,5
N5P67,SEED_95,1,7,literature review,0.18268931412556882,5
N5P67,SEED_7,0,7,literature review,0.021341441722662596,5
N5P67,SEED_81,1,7,literature review,0.035788322601505926,5
N5P67,SEED_116,1,7,literature review,0.15216520399588473,5
N5P67,SEED_68,0,7,literature review,0.022306762819201194,5
N5P67,SEED_23,1,7,literature review,0.24419454417762076,5
N5P1,SEED_60,0,4,literature review,0.03900336059186124,5
N5P1,SEED_69,0,4,literature review,0.01686621307186654,5
N5P1,SEED_84,0,4,literature review,0.07184420324302587,5
N5P1,SEED_52,0,4,literature review,0.0773265984984997,5
N5P1,SEED_40,0,4,literature review,0.03616922310850126,5
N5P84,SEED_87,0,4,position paper,0.14276304721670452,5
N5P84,SEED_88,1,4,position paper,0.0751324199578783,5
N5P84,SEED_68,0,4,position paper,0.022306762819201194,5
N5P84,SEED_41,0,4,position paper,0.06663729499428636,5
N5P84,SEED_18,1,4,position paper,0.07930603337696131,5
N5P60,SEED_95,0,5,literature review,0.18268931412556882,5
N5P60,SEED_19,1,5,literature review,0.04109700523383222,5
N5P60,SEED_60,0,5,literature review,0.03900336059186124,5
N5P60,SEED_47,1,5,literature review,0.11197067729022589,5
N5P60,SEED_41,0,5,literature review,0.06663729499428636,5
N5P60,SEED_80,0,5,literature review,0.05412529367962349,5
N5P66,SEED_98,1,4,literature review,0.011894667691759708,5
N5P66,SEED_29,0,4,literature review,0.07042009300336129,5
N5P66,SEED_70,1,4,literature review,0.08172477101102746,5
N5P66,SEED_99,1,4,literature review,0.058671135460116444,5
N5P66,SEED_119,1,4,literature review,0.07263413180061329,5
N5P29,SEED_64,0,4,position paper,0.07877200791990707,5
N5P29,SEED_102,0,4,position paper,0.05485994308932408,5
N5P29,SEED_53,1,4,position paper,0.08163751252417001,5
N5P29,SEED_74,0,4,position paper,0.045788952881914514,5
N5P29,SEED_40,0,4,position paper,0.03616922310850126,5
N5P80,SEED_12,0,5,literature review,0.06332329199540948,5
N5P80,SEED_30,1,5,literature review,0.045065154448624835,5
N5P80,SEED_116,1,5,literature review,0.15216520399588473,5
N5P80,SEED_104,0,5,literature review,0.027022006506890947,5
N5P80,SEED_23,1,5,literature review,0.24419454417762076,5
N5P80,SEED_41,0,5,literature review,0.06663729499428636,5
N5P24,SEED_75,1,5,literature review,0.004317454748062883,5
N5P24,SEED_79,0,5,literature review,0.1318500750967745,5
N5P24,SEED_70,1,5,literature review,0.08172477101102746,5
N5P24,SEED_21,1,5,literature review,0.04332717025608329,5
N5P24,SEED_41,1,5,literature review,0.06663729499428636,5
N5P24,SEED_76,1,5,literature review,0.02911097510188564,5
N5P34,SEED_44,1,7,position paper,0.037266295783348585,5
N5P34,SEED_99,1,7,position paper,0.058671135460116444,5
N5P34,SEED_115,0,7,position paper,0.02209761458825523,5
N5P34,SEED_69,0,7,position paper,0.01686621307186654,5
N5P34,SEED_6,1,7,position paper,0.03894507193462498,5
N5P34,SEED_8,0,7,position paper,0.06872182608709806,5
N5P34,SEED_41,0,7,position paper,0.06663729499428636,5
N5P34,SEED_76,0,7,position paper,0.02911097510188564,5
N5P86,SEED_36,1,3,position paper,0.13828262665054547,5
N5P86,SEED_69,0,3,position paper,0.01686621307186654,5
N5P86,SEED_72,0,3,position paper,0.07981472218677699,5
N5P86,SEED_11,1,3,position paper,0.06461885091273475,5
N5P27,SEED_91,0,0,position paper,0.037739388173408044,5
N5P31,SEED_50,1,5,position paper,0.07323859452802539,5
N5P31,SEED_102,0,5,position paper,0.05485994308932408,5
N5P31,SEED_2,0,5,position paper,0.12297460110382108,5
N5P31,SEED_60,0,5,position paper,0.03900336059186124,5
N5P31,SEED_66,0,5,position paper,0.009691035124209286,5
N5P31,SEED_20,1,5,position paper,0.029535688085893946,5
N5P95,SEED_92,1,7,position paper,0.05106624582263099,5
N5P95,SEED_82,1,7,position paper,0.031946399533903824,5
N5P95,SEED_60,0,7,position paper,0.03900336059186124,5
N5P95,SEED_25,0,7,position paper,0.03134650983079614,5
N5P95,SEED_55,1,7,position paper,0.09584107046851154,5
N5P95,SEED_108,1,7,position paper,0.11699373395608792,5
N5P95,SEED_111,0,7,position paper,0.04969971145347565,5
N5P95,SEED_27,1,7,position paper,0.1928425224241903,5
N5P96,SEED_107,1,1,position paper,0.042538122034430435,5
N5P96,SEED_95,0,1,position paper,0.18268931412556882,5
N5P61,SEED_57,1,2,literature review,0.03673991558283747,5
N5P61,SEED_33,1,2,literature review,0.03666889624528128,5
N5P61,SEED_72,1,2,literature review,0.07981472218677699,5
N5P44,SEED_78,0,3,literature review,0.0228613868635909,5
N5P44,SEED_75,1,3,literature review,0.004317454748062883,5
N5P44,SEED_10,1,3,literature review,0.2599772228262205,5
N5P44,SEED_72,0,3,literature review,0.07981472218677699,5
N5P78,SEED_67,1,5,position paper,0.05032975495304677,5
N5P78,SEED_32,1,5,position paper,0.09735164776405995,5
N5P78,SEED_30,1,5,position paper,0.045065154448624835,5
N5P78,SEED_19,1,5,position paper,0.04109700523383222,5
N5P78,SEED_20,1,5,position paper,0.029535688085893946,5
N5P78,SEED_86,0,5,position paper,0.07467253707820579,5
N5P23,SEED_87,1,3,literature review,0.14276304721670452,5
N5P23,SEED_99,1,3,literature review,0.058671135460116444,5
N5P23,SEED_93,0,3,literature review,0.06110953885154956,5
N5P23,SEED_112,0,3,literature review,0.04763731112793226,5
N5P74,SEED_79,0,2,position paper,0.1318500750967745,5
N5P74,SEED_77,1,2,position paper,0.09597717740914226,5
N5P74,SEED_119,0,2,position paper,0.07263413180061329,5
N5P13,SEED_78,1,2,position paper,0.0228613868635909,5
N5P13,SEED_4,0,2,position paper,0.10778007277480268,5
N5P13,SEED_118,1,2,position paper,0.03264322768755141,5
N5P19,SEED_65,1,5,position paper,0.09967558011174742,5
N5P19,SEED_82,0,5,position paper,0.031946399533903824,5
N5P19,SEED_53,1,5,position paper,0.08163751252417001,5
N5P19,SEED_66,0,5,position paper,0.009691035124209286,5
N5P19,SEED_84,0,5,position paper,0.07184420324302587,5
N5P19,SEED_37,1,5,position paper,0.0916688018924311,5
N5P30,SEED_89,0,4,position paper,0.013011664337656105,5
N5P30,SEED_15,1,4,position paper,0.12583525799894296,5
N5P30,SEED_30,1,4,position paper,0.045065154448624835,5
N5P30,SEED_25,0,4,position paper,0.03134650983079614,5
N5P30,SEED_111,0,4,position paper,0.04969971145347565,5
N5P10,SEED_89,1,3,position paper,0.013011664337656105,5
N5P10,SEED_26,0,3,position paper,0.07104261452564097,5
N5P10,SEED_113,0,3,position paper,0.03869600182636786,5
N5P10,SEED_39,0,3,position paper,0.03555690750708022,5
N5P33,SEED_114,0,6,literature review,0.05371749025215298,5
N5P33,SEED_83,0,6,literature review,0.052741438587646794,5
N5P33,SEED_77,1,6,literature review,0.09597717740914226,5
N5P33,SEED_22,1,6,literature review,0.05799342396218755,5
N5P33,SEED_84,1,6,literature review,0.07184420324302587,5
N5P33,SEED_90,1,6,literature review,0.10168314958353901,5
N5P33,SEED_18,1,6,literature review,0.07930603337696131,5
N5P35,SEED_97,0,3,position paper,0.03609440995756307,5
N5P35,SEED_71,1,3,position paper,0.01920486060179593,5
N5P35,SEED_82,0,3,position paper,0.031946399533903824,5
N5P35,SEED_76,0,3,position paper,0.02911097510188564,5
N5P56,SEED_89,0,2,position paper,0.013011664337656105,5
N5P56,SEED_33,1,2,position paper,0.03666889624528128,5
N5P56,SEED_94,1,2,position paper,0.1502174121454999,5
N5P91,SEED_9,1,2,literature review,0.05790057358028041,5
N5P91,SEED_113,0,2,literature review,0.03869600182636786,5
N5P91,SEED_52,0,2,literature review,0.0773265984984997,5
N5P46,SEED_97,0,6,literature review,0.03609440995756307,5
N5P46,SEED_3,1,6,literature review,0.06798054115184436,5
N5P46,SEED_71,0,6,literature review,0.01920486060179593,5
N5P46,SEED_66,0,6,literature review,0.009691035124209286,5
N5P46,SEED_37,1,6,literature review,0.0916688018924311,5
N5P46,SEED_112,0,6,literature review,0.04763731112793226,5
N5P46,SEED_40,1,6,literature review,0.03616922310850126,5
N5P114,SEED_43,1,8,position paper,0.05652341745969014,5
N5P114,SEED_97,0,8,position paper,0.03609440995756307,5
N5P114,SEED_26,1,8,position paper,0.07104261452564097,5
N5P114,SEED_60,0,8,position paper,0.03900336059186124,5
N5P114,SEED_14,1,8,position paper,0.029758165991292006,5
N5P114,SEED_8,0,8,position paper,0.06872182608709806,5
N5P114,SEED_91,0,8,position paper,0.037739388173408044,5
N5P114,SEED_34,0,8,position paper,0.08548426810230766,5
N5P114,SEED_18,1,8,position paper,0.07930603337696131,5
N5P92,SEED_19,0,5,literature review,0.04109700523383222,5
N5P92,SEED_104,1,5,literature review,0.027022006506890947,5
N5P92,SEED_69,0,5,literature review,0.01686621307186654,5
N5P92,SEED_90,1,5,literature review,0.10168314958353901,5
N5P92,SEED_20,1,5,literature review,0.029535688085893946,5
N5P92,SEED_46,1,5,literature review,0.027379269989798654,5
N5P50,SEED_64,0,6,literature review,0.07877200791990707,5
N5P50,SEED_98,1,6,literature review,0.011894667691759708,5
N5P50,SEED_31,0,6,literature review,0.033526494815073346,5
N5P50,SEED_0,1,6,literature review,0.03419115971424214,5
N5P50,SEED_105,1,6,literature review,0.024092964382771427,5
N5P50,SEED_6,1,6,literature review,0.03894507193462498,5
N5P50,SEED_56,1,6,literature review,0.021739942781307576,5
N5P4,SEED_33,1,6,literature review,0.03666889624528128,5
N5P4,SEED_100,0,6,literature review,0.022251536993773687,5
N5P4,SEED_101,1,6,literature review,0.023490079101840138,5
N5P4,SEED_98,1,6,literature review,0.011894667691759708,5
N5P4,SEED_40,0,6,literature review,0.03616922310850126,5
N5P4,SEED_30,1,6,literature review,0.045065154448624835,5
N5P4,SEED_104,1,6,literature review,0.027022006506890947,5
N5P22,SEED_33,1,5,position paper,0.03666889624528128,5
N5P22,SEED_114,1,5,position paper,0.05371749025215298,5
N5P22,SEED_88,1,5,position paper,0.0751324199578783,5
N5P22,SEED_103,1,5,position paper,0.1317058804580309,5
N5P22,SEED_44,1,5,position paper,0.037266295783348585,5
N5P22,SEED_55,1,5,position paper,0.09584107046851154,5
N5P37,SEED_100,0,7,literature review,0.022251536993773687,5
N5P37,SEED_67,1,7,literature review,0.05032975495304677,5
N5P37,SEED_102,0,7,literature review,0.05485994308932408,5
N5P37,SEED_14,1,7,literature review,0.029758165991292006,5
N5P37,SEED_119,0,7,literature review,0.07263413180061329,5
N5P37,SEED_35,0,7,literature review,0.053243975534267386,5
N5P37,SEED_76,0,7,literature review,0.02911097510188564,5
N5P37,SEED_27,1,7,literature review,0.1928425224241903,5
N5P75,SEED_42,0,5,literature review,0.051653349129091995,5
N5P75,SEED_45,0,5,literature review,0.04818303463809887,5
N5P75,SEED_73,0,5,literature review,0.09938073079147507,5
N5P75,SEED_81,1,5,literature review,0.035788322601505926,5
N5P75,SEED_62,1,5,literature review,0.04784216452869475,5
N5P75,SEED_6,1,5,literature review,0.03894507193462498,5
N5P8,SEED_83,0,5,literature review,0.052741438587646794,5
N5P8,SEED_102,0,5,literature review,0.05485994308932408,5
N5P8,SEED_99,1,5,literature review,0.058671135460116444,5
N5P8,SEED_21,1,5,literature review,0.04332717025608329,5
N5P8,SEED_115,1,5,literature review,0.02209761458825523,5
N5P8,SEED_46,1,5,literature review,0.027379269989798654,5
N5P7,SEED_105,1,3,literature review,0.024092964382771427,5
N5P7,SEED_62,0,3,literature review,0.04784216452869475,5
N5P7,SEED_14,1,3,literature review,0.029758165991292006,5
N5P7,SEED_80,1,3,literature review,0.05412529367962349,5
N5P57,SEED_59,0,7,position paper,0.03537515898047227,5
N5P57,SEED_4,0,7,position paper,0.10778007277480268,5
N5P57,SEED_102,0,7,position paper,0.05485994308932408,5
N5P57,SEED_17,1,7,position paper,0.029211956325465183,5
N5P57,SEED_53,1,7,position paper,0.08163751252417001,5
N5P57,SEED_6,1,7,position paper,0.03894507193462498,5
N5P57,SEED_8,0,7,position paper,0.06872182608709806,5
N5P57,SEED_111,0,7,position paper,0.04969971145347565,5
N5P20,SEED_57,1,3,position paper,0.03673991558283747,5
N5P20,SEED_24,1,3,position paper,0.06525103738400904,5
N5P20,SEED_113,0,3,position paper,0.03869600182636786,5
N5P20,SEED_91,0,3,position paper,0.037739388173408044,5
N5P79,SEED_57,1,1,position paper,0.03673991558283747,5
N5P79,SEED_49,1,1,position paper,0.032768873721272004,5
N5P108,SEED_78,0,6,position paper,0.0228613868635909,5
N5P108,SEED_51,1,6,position paper,0.09567458183955731,5
N5P108,SEED_95,1,6,position paper,0.18268931412556882,5
N5P108,SEED_38,0,6,position paper,0.061179792753602406,5
N5P108,SEED_47,1,6,position paper,0.11197067729022589,5
N5P108,SEED_20,1,6,position paper,0.029535688085893946,5
N5P108,SEED_96,1,6,position paper,0.10358875368385743,5
N5P105,SEED_89,1,5,position paper,0.013011664337656105,5
N5P105,SEED_110,0,5,position paper,0.08655273033551042,5
N5P105,SEED_99,1,5,position paper,0.058671135460116444,5
N5P105,SEED_82,0,5,position paper,0.031946399533903824,5
N5P105,SEED_37,0,5,position paper,0.0916688018924311,5
N5P105,SEED_54,0,5,position paper,0.0252978715058926,5
N5P45,SEED_24,1,1,position paper,0.06525103738400904,5
N5P45,SEED_39,0,1,position paper,0.03555690750708022,5
N5P101,SEED_78,0,5,literature review,0.0228613868635909,5
N5P101,SEED_94,1,5,literature review,0.1502174121454999,5
N5P101,SEED_71,0,5,literature review,0.01920486060179593,5
N5P101,SEED_81,1,5,literature review,0.035788322601505926,5
N5P101,SEED_117,0,5,literature review,0.058265813707136085,5
N5P101,SEED_90,0,5,literature review,0.10168314958353901,5
N5P119,SEED_19,1,4,literature review,0.04109700523383222,5
N5P119,SEED_60,1,4,literature review,0.03900336059186124,5
N5P119,SEED_23,1,4,literature review,0.24419454417762076,5
N5P119,SEED_25,1,4,literature review,0.03134650983079614,5
N5P119,SEED_35,0,4,literature review,0.053243975534267386,5
N5P70,SEED_48,1,3,position paper,0.029185376778173528,5
N5P70,SEED_19,1,3,position paper,0.04109700523383222,5
N5P70,SEED_68,1,3,position paper,0.022306762819201194,5
N5P70,SEED_49,0,3,position paper,0.032768873721272004,5
N5P88,SEED_110,0,5,literature review,0.08655273033551042,5
N5P88,SEED_48,1,5,literature review,0.029185376778173528,5
N5P88,SEED_69,1,5,literature review,0.01686621307186654,5
N5P88,SEED_109,1,5,literature review,0.08741121552597077,5
N5P88,SEED_49,1,5,literature review,0.032768873721272004,5
N5P88,SEED_40,0,5,literature review,0.03616922310850126,5
N5P43,SEED_16,0,6,literature review,0.06580490852851562,5
N5P43,SEED_3,1,6,literature review,0.06798054115184436,5
N5P43,SEED_24,1,6,literature review,0.06525103738400904,5
N5P43,SEED_29,0,6,literature review,0.07042009300336129,5
N5P43,SEED_109,1,6,literature review,0.08741121552597077,5
N5P43,SEED_25,1,6,literature review,0.03134650983079614,5
N5P43,SEED_34,0,6,literature review,0.08548426810230766,5
N5P49,SEED_33,1,8,position paper,0.03666889624528128,5
N5P49,SEED_98,1,8,position paper,0.011894667691759708,5
N5P49,SEED_85,1,8,position paper,0.06585964077621878,5
N5P49,SEED_82,1,8,position paper,0.031946399533903824,5
N5P49,SEED_69,0,8,position paper,0.01686621307186654,5
N5P49,SEED_41,0,8,position paper,0.06663729499428636,5
N5P49,SEED_80,1,8,position paper,0.05412529367962349,5
N5P49,SEED_27,0,8,position paper,0.1928425224241903,5
N5P49,SEED_54,0,8,position paper,0.0252978715058926,5
N5P14,SEED_114,1,4,literature review,0.05371749025215298,5
N5P14,SEED_94,1,4,literature review,0.1502174121454999,5
N5P14,SEED_28,1,4,literature review,0.03690431206766,5
N5P14,SEED_66,0,4,literature review,0.009691035124209286,5
N5P14,SEED_52,0,4,literature review,0.0773265984984997,5
N5P104,SEED_29,0,2,literature review,0.07042009300336129,5
N5P104,SEED_36,1,2,literature review,0.13828262665054547,5
N5P104,SEED_118,1,2,literature review,0.03264322768755141,5
N5P106,SEED_43,1,6,literature review,0.05652341745969014,5
N5P106,SEED_12,0,6,literature review,0.06332329199540948,5
N5P106,SEED_106,1,6,literature review,0.0396656199956952,5
N5P106,SEED_103,1,6,literature review,0.1317058804580309,5
N5P106,SEED_60,0,6,literature review,0.03900336059186124,5
N5P106,SEED_35,0,6,literature review,0.053243975534267386,5
N5P106,SEED_49,0,6,literature review,0.032768873721272004,5
N5P85,SEED_98,0,8,literature review,0.011894667691759708,5
N5P85,SEED_94,1,8,literature review,0.1502174121454999,5
N5P85,SEED_32,1,8,literature review,0.09735164776405995,5
N5P85,SEED_117,0,8,literature review,0.058265813707136085,5
N5P85,SEED_22,1,8,literature review,0.05799342396218755,5
N5P85,SEED_119,0,8,literature review,0.07263413180061329,5
N5P85,SEED_55,1,8,literature review,0.09584107046851154,5
N5P85,SEED_76,0,8,literature review,0.02911097510188564,5
N5P85,SEED_18,1,8,literature review,0.07930603337696131,5
N5P97,SEED_50,1,3,position paper,0.07323859452802539,5
N5P97,SEED_94,1,3,position paper,0.1502174121454999,5
N5P97,SEED_116,0,3,position paper,0.15216520399588473,5
N5P97,SEED_58,0,3,position paper,0.04043276523483182,5
N5P17,SEED_31,1,3,literature review,0.033526494815073346,5
N5P17,SEED_0,1,3,literature review,0.03419115971424214,5
N5P17,SEED_34,1,3,literature review,0.08548426810230766,5
N5P17,SEED_96,1,3,literature review,0.10358875368385743,5
N5P89,SEED_28,1,0,literature review,0.03690431206766,5
N5P5,SEED_26,1,3,literature review,0.07104261452564097,5
N5P5,SEED_82,1,3,literature review,0.031946399533903824,5
N5P5,SEED_60,1,3,literature review,0.03900336059186124,5
N5P5,SEED_25,1,3,literature review,0.03134650983079614,5
N5P12,SEED_57,1,3,position paper,0.03673991558283747,5
N5P12,SEED_70,1,3,position paper,0.08172477101102746,5
N5P12,SEED_60,0,3,position paper,0.03900336059186124,5
N5P12,SEED_91,0,3,position paper,0.037739388173408044,5
N5P113,SEED_26,1,4,position paper,0.07104261452564097,5
N5P113,SEED_32,1,4,position paper,0.09735164776405995,5
N5P113,SEED_9,1,4,position paper,0.05790057358028041,5
N5P113,SEED_37,0,4,position paper,0.0916688018924311,5
N5P113,SEED_86,0,4,position paper,0.07467253707820579,5
N5P54,SEED_77,1,0,literature review,0.09597717740914226,5
N5P6,SEED_88,1,5,literature review,0.0751324199578783,5
N5P6,SEED_106,1,5,literature review,0.0396656199956952,5
N5P6,SEED_65,1,5,literature review,0.09967558011174742,5
N5P6,SEED_47,1,5,literature review,0.11197067729022589,5
N5P6,SEED_34,0,5,literature review,0.08548426810230766,5
N5P6,SEED_56,0,5,literature review,0.021739942781307576,5
N5P47,SEED_64,0,5,position paper,0.07877200791990707,5
N5P47,SEED_95,0,5,position paper,0.18268931412556882,5
N5P47,SEED_30,1,5,position paper,0.045065154448624835,5
N5P47,SEED_109,1,5,position paper,0.08741121552597077,5
N5P47,SEED_93,0,5,position paper,0.06110953885154956,5
N5P47,SEED_35,0,5,position paper,0.053243975534267386,5
N5P77,SEED_78,1,3,position paper,0.0228613868635909,5
N5P77,SEED_85,1,3,position paper,0.06585964077621878,5
N5P77,SEED_104,1,3,position paper,0.027022006506890947,5
N5P77,SEED_10,1,3,position paper,0.2599772228262205,5
N5P110,SEED_29,0,4,position paper,0.07042009300336129,5
N5P110,SEED_117,0,4,position paper,0.058265813707136085,5
N5P110,SEED_99,0,4,position paper,0.058671135460116444,5
N5P110,SEED_93,0,4,position paper,0.06110953885154956,5
N5P110,SEED_118,0,4,position paper,0.03264322768755141,5
N5P59,SEED_89,0,4,literature review,0.013011664337656105,5
N5P59,SEED_98,1,4,literature review,0.011894667691759708,5
N5P59,SEED_23,1,4,literature review,0.24419454417762076,5
N5P59,SEED_69,1,4,literature review,0.01686621307186654,5
N5P59,SEED_49,0,4,literature review,0.032768873721272004,5
N5P0,SEED_33,1,3,position paper,0.03666889624528128,5
N5P0,SEED_85,1,3,position paper,0.06585964077621878,5
N5P0,SEED_62,1,3,position paper,0.04784216452869475,5
N5P0,SEED_74,0,3,position paper,0.045788952881914514,5
N5P118,SEED_48,1,3,position paper,0.029185376778173528,5
N5P118,SEED_100,0,3,position paper,0.022251536993773687,5
N5P118,SEED_38,0,3,position paper,0.061179792753602406,5
N5P118,SEED_53,0,3,position paper,0.08163751252417001,5
N5P90,SEED_65,1,1,position paper,0.09967558011174742,5
N5P90,SEED_66,1,1,position paper,0.009691035124209286,5
N5P51,SEED_48,1,3,literature review,0.029185376778173528,5
N5P51,SEED_61,1,3,literature review,0.059968033729275456,5
N5P51,SEED_98,1,3,literature review,0.011894667691759708,5
N5P51,SEED_85,1,3,literature review,0.06585964077621878,5
N5P87,SEED_92,0,6,literature review,0.05106624582263099,5
N5P87,SEED_107,1,6,literature review,0.042538122034430435,5
N5P87,SEED_114,1,6,literature review,0.05371749025215298,5
N5P87,SEED_100,0,6,literature review,0.022251536993773687,5
N5P87,SEED_17,1,6,literature review,0.029211956325465183,5
N5P87,SEED_93,0,6,literature review,0.06110953885154956,5
N5P87,SEED_86,1,6,literature review,0.07467253707820579,5
N5P76,SEED_26,0,11,literature review,0.07104261452564097,5
N5P76,SEED_98,1,11,literature review,0.011894667691759708,5
N5P76,SEED_75,0,11,literature review,0.004317454748062883,5
N5P76,SEED_71,0,11,literature review,0.01920486060179593,5
N5P76,SEED_73,1,11,literature review,0.09938073079147507,5
N5P76,SEED_95,0,11,literature review,0.18268931412556882,5
N5P76,SEED_59,0,11,literature review,0.03537515898047227,5
N5P76,SEED_4,1,11,literature review,0.10778007277480268,5
N5P76,SEED_30,1,11,literature review,0.045065154448624835,5
N5P76,SEED_53,0,11,literature review,0.08163751252417001,5
N5P76,SEED_6,1,11,literature review,0.03894507193462498,5
N5P76,SEED_55,1,11,literature review,0.09584107046851154,5
N5P26,SEED_45,1,3,position paper,0.04818303463809887,5
N5P26,SEED_115,0,3,position paper,0.02209761458825523,5
N5P26,SEED_25,1,3,position paper,0.03134650983079614,5
N5P26,SEED_91,0,3,position paper,0.037739388173408044,5
N5P2,SEED_89,1,6,position paper,0.013011664337656105,5
N5P2,SEED_94,1,6,position paper,0.1502174121454999,5
N5P2,SEED_30,1,6,position paper,0.045065154448624835,5
N5P2,SEED_29,0,6,position paper,0.07042009300336129,5
N5P2,SEED_21,1,6,position paper,0.04332717025608329,5
N5P2,SEED_69,1,6,position paper,0.01686621307186654,5
N5P2,SEED_74,0,6,position paper,0.045788952881914514,5
N5P82,SEED_42,0,7,position paper,0.051653349129091995,5
N5P82,SEED_83,0,7,position paper,0.052741438587646794,5
N5P82,SEED_9,1,7,position paper,0.05790057358028041,5
N5P82,SEED_24,0,7,position paper,0.06525103738400904,5
N5P82,SEED_70,1,7,position paper,0.08172477101102746,5
N5P82,SEED_53,1,7,position paper,0.08163751252417001,5
N5P82,SEED_55,1,7,position paper,0.09584107046851154,5
N5P82,SEED_46,0,7,position paper,0.027379269989798654,5
N5P42,SEED_88,1,5,literature review,0.0751324199578783,5
N5P42,SEED_101,1,5,literature review,0.023490079101840138,5
N5P42,SEED_100,0,5,literature review,0.022251536993773687,5
N5P42,SEED_24,0,5,literature review,0.06525103738400904,5
N5P42,SEED_21,1,5,literature review,0.04332717025608329,5
N5P42,SEED_80,0,5,literature review,0.05412529367962349,5
N5P109,SEED_43,1,4,literature review,0.05652341745969014,5
N5P109,SEED_110,0,4,literature review,0.08655273033551042,5
N5P109,SEED_28,1,4,literature review,0.03690431206766,5
N5P109,SEED_41,0,4,literature review,0.06663729499428636,5
N5P109,SEED_56,1,4,literature review,0.021739942781307576,5
N5P58,SEED_88,1,4,position paper,0.0751324199578783,5
N5P58,SEED_15,0,4,position paper,0.12583525799894296,5
N5P58,SEED_82,0,4,position paper,0.031946399533903824,5
N5P58,SEED_25,0,4,position paper,0.03134650983079614,5
N5P58,SEED_1,1,4,position paper,0.13141875515524984,5
N5P72,SEED_48,1,3,literature review,0.029185376778173528,5
N5P72,SEED_28,1,3,literature review,0.03690431206766,5
N5P72,SEED_113,0,3,literature review,0.03869600182636786,5
N5P72,SEED_66,1,3,literature review,0.009691035124209286,5
N5P28,SEED_87,1,6,position paper,0.14276304721670452,5
N5P28,SEED_59,0,6,position paper,0.03537515898047227,5
N5P28,SEED_30,1,6,position paper,0.045065154448624835,5
N5P28,SEED_68,0,6,position paper,0.022306762819201194,5
N5P28,SEED_2,0,6,position paper,0.12297460110382108,5
N5P28,SEED_54,0,6,position paper,0.0252978715058926,5
N5P28,SEED_118,1,6,position paper,0.03264322768755141,5
N5P115,SEED_42,0,5,literature review,0.051653349129091995,5
N5P115,SEED_7,0,5,literature review,0.021341441722662596,5
N5P115,SEED_36,1,5,literature review,0.13828262665054547,5
N5P115,SEED_93,1,5,literature review,0.06110953885154956,5
N5P115,SEED_84,0,5,literature review,0.07184420324302587,5
N5P115,SEED_111,1,5,literature review,0.04969971145347565,5
N5P36,SEED_86,1,4,literature review,0.07467253707820579,5
N5P36,SEED_42,1,4,literature review,0.051653349129091995,5
N5P36,SEED_61,1,4,literature review,0.059968033729275456,5
N5P36,SEED_109,1,4,literature review,0.08741121552597077,5
N5P36,SEED_18,1,4,literature review,0.07930603337696131,5
N5P16,SEED_7,1,4,literature review,0.021341441722662596,5
N5P16,SEED_70,1,4,literature review,0.08172477101102746,5
N5P16,SEED_109,0,4,literature review,0.08741121552597077,5
N5P16,SEED_77,1,4,literature review,0.09597717740914226,5
N5P16,SEED_96,1,4,literature review,0.10358875368385743,5
N5P63,SEED_97,1,8,position paper,0.03609440995756307,5
N5P63,SEED_75,1,8,position paper,0.004317454748062883,5
N5P63,SEED_12,0,8,position paper,0.06332329199540948,5
N5P63,SEED_106,0,8,position paper,0.0396656199956952,5
N5P63,SEED_39,0,8,position paper,0.03555690750708022,5
N5P63,SEED_81,1,8,position paper,0.035788322601505926,5
N5P63,SEED_19,1,8,position paper,0.04109700523383222,5
N5P63,SEED_47,1,8,position paper,0.11197067729022589,5
N5P63,SEED_52,0,8,position paper,0.0773265984984997,5
N5P40,SEED_86,0,7,position paper,0.07467253707820579,5
N5P40,SEED_48,1,7,position paper,0.029185376778173528,5
N5P40,SEED_61,1,7,position paper,0.059968033729275456,5
N5P40,SEED_94,1,7,position paper,0.1502174121454999,5
N5P40,SEED_4,0,7,position paper,0.10778007277480268,5
N5P40,SEED_14,1,7,position paper,0.029758165991292006,5
N5P40,SEED_90,1,7,position paper,0.10168314958353901,5
N5P40,SEED_20,0,7,position paper,0.029535688085893946,5
N5P25,SEED_98,1,4,literature review,0.011894667691759708,5
N5P25,SEED_45,1,4,literature review,0.04818303463809887,5
N5P25,SEED_105,1,4,literature review,0.024092964382771427,5
N5P25,SEED_58,0,4,literature review,0.04043276523483182,5
N5P25,SEED_18,1,4,literature review,0.07930603337696131,5
N5P52,SEED_12,0,7,position paper,0.06332329199540948,5
N5P52,SEED_32,1,7,position paper,0.09735164776405995,5
N5P52,SEED_105,0,7,position paper,0.024092964382771427,5
N5P52,SEED_81,0,7,position paper,0.035788322601505926,5
N5P52,SEED_109,0,7,position paper,0.08741121552597077,5
N5P52,SEED_14,1,7,position paper,0.029758165991292006,5
N5P52,SEED_49,0,7,position paper,0.032768873721272004,5
N5P52,SEED_96,0,7,position paper,0.10358875368385743,5
N5P64,SEED_75,1,5,literature review,0.004317454748062883,5
N5P64,SEED_50,0,5,literature review,0.07323859452802539,5
N5P64,SEED_0,1,5,literature review,0.03419115971424214,5
N5P64,SEED_82,1,5,literature review,0.031946399533903824,5
N5P64,SEED_109,0,5,literature review,0.08741121552597077,5
N5P64,SEED_96,0,5,literature review,0.10358875368385743,5
N5P71,SEED_114,1,7,literature review,0.05371749025215298,5
N5P71,SEED_3,1,7,literature review,0.06798054115184436,5
N5P71,SEED_81,1,7,literature review,0.035788322601505926,5
N5P71,SEED_19,1,7,literature review,0.04109700523383222,5
N5P71,SEED_116,0,7,literature review,0.15216520399588473,5
N5P71,SEED_47,1,7,literature review,0.11197067729022589,5
N5P71,SEED_90,1,7,literature review,0.10168314958353901,5
N5P71,SEED_118,1,7,literature review,0.03264322768755141,5
N5P48,SEED_114,1,8,literature review,0.05371749025215298,5
N5P48,SEED_3,1,8,literature review,0.06798054115184436,5
N5P48,SEED_71,0,8,literature review,0.01920486060179593,5
N5P48,SEED_105,1,8,literature review,0.024092964382771427,5
N5P48,SEED_95,0,8,literature review,0.18268931412556882,5
N5P48,SEED_82,1,8,literature review,0.031946399533903824,5
N5P48,SEED_60,0,8,literature review,0.03900336059186124,5
N5P48,SEED_23,0,8,literature review,0.24419454417762076,5
N5P48,SEED_90,0,8,literature review,0.10168314958353901,5
N6P111,SEED_34,1,0,position paper,0.08548426810230766,6
N6P73,SEED_98,1,2,position paper,0.011894667691759708,6
N6P73,SEED_113,0,2,position paper,0.03869600182636786,6
N6P73,SEED_41,0,2,position paper,0.06663729499428636,6
N6P32,SEED_9,1,2,literature review,0.05790057358028041,6
N6P32,SEED_112,0,2,literature review,0.04763731112793226,6
N6P32,SEED_1,1,2,literature review,0.13141875515524984,6
N6P89,SEED_3,1,2,position paper,0.06798054115184436,6
N6P89,SEED_50,0,2,position paper,0.07323859452802539,6
N6P89,SEED_12,0,2,position paper,0.06332329199540948,6
N6P12,SEED_97,0,1,literature review,0.03609440995756307,6
N6P12,SEED_58,0,1,literature review,0.04043276523483182,6
N6P114,SEED_79,0,3,position paper,0.1318500750967745,6
N6P114,SEED_2,0,3,position paper,0.12297460110382108,6
N6P114,SEED_72,0,3,position paper,0.07981472218677699,6
N6P114,SEED_8,0,3,position paper,0.06872182608709806,6
N6P0,SEED_59,1,2,literature review,0.03537515898047227,6
N6P0,SEED_7,0,2,literature review,0.021341441722662596,6
N6P0,SEED_38,0,2,literature review,0.061179792753602406,6
N6P98,SEED_87,1,1,position paper,0.14276304721670452,6
N6P98,SEED_43,1,1,position paper,0.05652341745969014,6
N6P45,SEED_59,1,1,literature review,0.03537515898047227,6
N6P45,SEED_20,1,1,literature review,0.029535688085893946,6
N6P54,SEED_88,1,6,position paper,0.0751324199578783,6
N6P54,SEED_94,1,6,position paper,0.1502174121454999,6
N6P54,SEED_32,1,6,position paper,0.09735164776405995,6
N6P54,SEED_38,0,6,position paper,0.061179792753602406,6
N6P54,SEED_30,0,6,position paper,0.045065154448624835,6
N6P54,SEED_25,1,6,position paper,0.03134650983079614,6
N6P54,SEED_90,1,6,position paper,0.10168314958353901,6
N6P84,SEED_33,1,2,literature review,0.03666889624528128,6
N6P84,SEED_45,1,2,literature review,0.04818303463809887,6
N6P84,SEED_49,1,2,literature review,0.032768873721272004,6
N6P105,SEED_98,1,5,position paper,0.011894667691759708,6
N6P105,SEED_9,1,5,position paper,0.05790057358028041,6
N6P105,SEED_24,1,5,position paper,0.06525103738400904,6
N6P105,SEED_19,1,5,position paper,0.04109700523383222,6
N6P105,SEED_91,0,5,position paper,0.037739388173408044,6
N6P105,SEED_41,0,5,position paper,0.06663729499428636,6
N6P69,SEED_28,1,1,literature review,0.03690431206766,6
N6P69,SEED_76,0,1,literature review,0.02911097510188564,6
N6P57,SEED_0,1,1,position paper,0.03419115971424214,6
N6P57,SEED_103,1,1,position paper,0.1317058804580309,6
N6P48,SEED_78,1,5,position paper,0.0228613868635909,6
N6P48,SEED_15,1,5,position paper,0.12583525799894296,6
N6P48,SEED_79,0,5,position paper,0.1318500750967745,6
N6P48,SEED_102,0,5,position paper,0.05485994308932408,6
N6P48,SEED_36,1,5,position paper,0.13828262665054547,6
N6P48,SEED_86,0,5,position paper,0.07467253707820579,6
N6P75,SEED_67,1,2,position paper,0.05032975495304677,6
N6P75,SEED_105,1,2,position paper,0.024092964382771427,6
N6P75,SEED_115,0,2,position paper,0.02209761458825523,6
N6P22,SEED_0,1,4,position paper,0.03419115971424214,6
N6P22,SEED_113,0,4,position paper,0.03869600182636786,6
N6P22,SEED_21,1,4,position paper,0.04332717025608329,6
N6P22,SEED_6,1,4,position paper,0.03894507193462498,6
N6P22,SEED_56,0,4,position paper,0.021739942781307576,6
N6P106,SEED_57,1,8,position paper,0.03673991558283747,6
N6P106,SEED_64,0,8,position paper,0.07877200791990707,6
N6P106,SEED_89,0,8,position paper,0.013011664337656105,6
N6P106,SEED_42,1,8,position paper,0.051653349129091995,6
N6P106,SEED_15,1,8,position paper,0.12583525799894296,6
N6P106,SEED_82,0,8,position paper,0.031946399533903824,6
N6P106,SEED_21,1,8,position paper,0.04332717025608329,6
N6P106,SEED_35,0,8,position paper,0.053243975534267386,6
N6P106,SEED_46,0,8,position paper,0.027379269989798654,6
N6P77,SEED_24,1,4,position paper,0.06525103738400904,6
N6P77,SEED_95,0,4,position paper,0.18268931412556882,6
N6P77,SEED_29,0,4,position paper,0.07042009300336129,6
N6P77,SEED_77,1,4,position paper,0.09597717740914226,6
N6P77,SEED_46,1,4,position paper,0.027379269989798654,6
N6P68,SEED_42,0,2,position paper,0.051653349129091995,6
N6P68,SEED_73,1,2,position paper,0.09938073079147507,6
N6P68,SEED_105,0,2,position paper,0.024092964382771427,6
N6P47,SEED_61,1,1,position paper,0.059968033729275456,6
N6P47,SEED_25,1,1,position paper,0.03134650983079614,6
N6P94,SEED_101,1,4,literature review,0.023490079101840138,6
N6P94,SEED_51,1,4,literature review,0.09567458183955731,6
N6P94,SEED_29,1,4,literature review,0.07042009300336129,6
N6P94,SEED_115,1,4,literature review,0.02209761458825523,6
N6P94,SEED_34,1,4,literature review,0.08548426810230766,6
N6P86,SEED_39,1,4,literature review,0.03555690750708022,6
N6P86,SEED_29,0,4,literature review,0.07042009300336129,6
N6P86,SEED_5,0,4,literature review,0.04891575446422762,6
N6P86,SEED_69,1,4,literature review,0.01686621307186654,6
N6P86,SEED_18,1,4,literature review,0.07930603337696131,6
N6P103,SEED_45,0,1,position paper,0.04818303463809887,6
N6P103,SEED_25,0,1,position paper,0.03134650983079614,6
N6P16,SEED_64,0,1,position paper,0.07877200791990707,6
N6P16,SEED_1,0,1,position paper,0.13141875515524984,6
N6P53,SEED_70,1,1,position paper,0.08172477101102746,6
N6P53,SEED_58,1,1,position paper,0.04043276523483182,6
N6P85,SEED_12,0,6,literature review,0.06332329199540948,6
N6P85,SEED_79,0,6,literature review,0.1318500750967745,6
N6P85,SEED_0,1,6,literature review,0.03419115971424214,6
N6P85,SEED_115,0,6,literature review,0.02209761458825523,6
N6P85,SEED_6,1,6,literature review,0.03894507193462498,6
N6P85,SEED_11,1,6,literature review,0.06461885091273475,6
N6P85,SEED_86,0,6,literature review,0.07467253707820579,6
N6P43,SEED_66,1,1,position paper,0.009691035124209286,6
N6P43,SEED_46,1,1,position paper,0.027379269989798654,6
N6P24,SEED_7,1,1,position paper,0.021341441722662596,6
N6P24,SEED_36,1,1,position paper,0.13828262665054547,6
N6P71,SEED_9,1,3,literature review,0.05790057358028041,6
N6P71,SEED_14,1,3,literature review,0.029758165991292006,6
N6P71,SEED_74,1,3,literature review,0.045788952881914514,6
N6P71,SEED_56,1,3,literature review,0.021739942781307576,6
N6P81,SEED_99,1,3,position paper,0.058671135460116444,6
N6P81,SEED_69,0,3,position paper,0.01686621307186654,6
N6P81,SEED_55,1,3,position paper,0.09584107046851154,6
N6P81,SEED_111,1,3,position paper,0.04969971145347565,6
N6P117,SEED_92,1,4,literature review,0.05106624582263099,6
N6P117,SEED_59,1,4,literature review,0.03537515898047227,6
N6P117,SEED_38,1,4,literature review,0.061179792753602406,6
N6P117,SEED_5,1,4,literature review,0.04891575446422762,6
N6P117,SEED_60,0,4,literature review,0.03900336059186124,6
N6P15,SEED_94,1,3,position paper,0.1502174121454999,6
N6P15,SEED_35,0,3,position paper,0.053243975534267386,6
N6P15,SEED_52,0,3,position paper,0.0773265984984997,6
N6P15,SEED_55,1,3,position paper,0.09584107046851154,6
N6P9,SEED_57,1,3,literature review,0.03673991558283747,6
N6P9,SEED_114,1,3,literature review,0.05371749025215298,6
N6P9,SEED_106,1,3,literature review,0.0396656199956952,6
N6P9,SEED_108,1,3,literature review,0.11699373395608792,6
N6P46,SEED_48,1,5,literature review,0.029185376778173528,6
N6P46,SEED_45,1,5,literature review,0.04818303463809887,6
N6P46,SEED_31,1,5,literature review,0.033526494815073346,6
N6P46,SEED_72,0,5,literature review,0.07981472218677699,6
N6P46,SEED_8,1,5,literature review,0.06872182608709806,6
N6P46,SEED_56,0,5,literature review,0.021739942781307576,6
N6P49,SEED_61,1,4,literature review,0.059968033729275456,6
N6P49,SEED_12,0,4,literature review,0.06332329199540948,6
N6P49,SEED_44,1,4,literature review,0.037266295783348585,6
N6P49,SEED_72,1,4,literature review,0.07981472218677699,6
N6P49,SEED_118,1,4,literature review,0.03264322768755141,6
N6P28,SEED_57,1,2,position paper,0.03673991558283747,6
N6P28,SEED_26,0,2,position paper,0.07104261452564097,6
N6P28,SEED_81,1,2,position paper,0.035788322601505926,6
N6P82,SEED_61,1,3,position paper,0.059968033729275456,6
N6P82,SEED_101,1,3,position paper,0.023490079101840138,6
N6P82,SEED_112,0,3,position paper,0.04763731112793226,6
N6P82,SEED_56,0,3,position paper,0.021739942781307576,6
N6P112,SEED_79,0,5,position paper,0.1318500750967745,6
N6P112,SEED_53,0,5,position paper,0.08163751252417001,6
N6P112,SEED_8,0,5,position paper,0.06872182608709806,6
N6P112,SEED_52,0,5,position paper,0.0773265984984997,6
N6P112,SEED_46,0,5,position paper,0.027379269989798654,6
N6P112,SEED_18,1,5,position paper,0.07930603337696131,6
N6P40,SEED_45,0,4,position paper,0.04818303463809887,6
N6P40,SEED_59,0,4,position paper,0.03537515898047227,6
N6P40,SEED_36,1,4,position paper,0.13828262665054547,6
N6P40,SEED_52,0,4,position paper,0.0773265984984997,6
N6P40,SEED_27,1,4,position paper,0.1928425224241903,6
N6P20,SEED_87,0,2,position paper,0.14276304721670452,6
N6P20,SEED_44,1,2,position paper,0.037266295783348585,6
N6P20,SEED_96,0,2,position paper,0.10358875368385743,6
N6P3,SEED_57,1,3,position paper,0.03673991558283747,6
N6P3,SEED_83,1,3,position paper,0.052741438587646794,6
N6P3,SEED_17,1,3,position paper,0.029211956325465183,6
N6P3,SEED_104,1,3,position paper,0.027022006506890947,6
N6P110,SEED_64,1,6,literature review,0.07877200791990707,6
N6P110,SEED_26,1,6,literature review,0.07104261452564097,6
N6P110,SEED_95,1,6,literature review,0.18268931412556882,6
N6P110,SEED_7,0,6,literature review,0.021341441722662596,6
N6P110,SEED_39,0,6,literature review,0.03555690750708022,6
N6P110,SEED_82,1,6,literature review,0.031946399533903824,6
N6P110,SEED_46,1,6,literature review,0.027379269989798654,6
N6P36,SEED_9,1,1,literature review,0.05790057358028041,6
N6P36,SEED_85,1,1,literature review,0.06585964077621878,6
N6P101,SEED_92,1,3,position paper,0.05106624582263099,6
N6P101,SEED_85,1,3,position paper,0.06585964077621878,6
N6P101,SEED_63,0,3,position paper,0.04603307219547203,6
N6P101,SEED_10,1,3,position paper,0.2599772228262205,6
N6P29,SEED_92,1,1,position paper,0.05106624582263099,6
N6P29,SEED_15,1,1,position paper,0.12583525799894296,6
N6P96,SEED_26,1,6,position paper,0.07104261452564097,6
N6P96,SEED_3,0,6,position paper,0.06798054115184436,6
N6P96,SEED_95,1,6,position paper,0.18268931412556882,6
N6P96,SEED_113,0,6,position paper,0.03869600182636786,6
N6P96,SEED_117,0,6,position paper,0.058265813707136085,6
N6P96,SEED_36,1,6,position paper,0.13828262665054547,6
N6P96,SEED_14,1,6,position paper,0.029758165991292006,6
N6P90,SEED_48,1,5,literature review,0.029185376778173528,6
N6P90,SEED_100,0,5,literature review,0.022251536993773687,6
N6P90,SEED_70,1,5,literature review,0.08172477101102746,6
N6P90,SEED_5,0,5,literature review,0.04891575446422762,6
N6P90,SEED_119,0,5,literature review,0.07263413180061329,6
N6P90,SEED_27,1,5,literature review,0.1928425224241903,6
N6P61,SEED_88,1,3,position paper,0.0751324199578783,6
N6P61,SEED_98,1,3,position paper,0.011894667691759708,6
N6P61,SEED_28,0,3,position paper,0.03690431206766,6
N6P61,SEED_65,1,3,position paper,0.09967558011174742,6
N6P100,SEED_64,1,4,position paper,0.07877200791990707,6
N6P100,SEED_50,0,4,position paper,0.07323859452802539,6
N6P100,SEED_58,1,4,position paper,0.04043276523483182,6
N6P100,SEED_41,0,4,position paper,0.06663729499428636,6
N6P100,SEED_96,1,4,position paper,0.10358875368385743,6
N6P27,SEED_79,0,3,literature review,0.1318500750967745,6
N6P27,SEED_77,1,3,literature review,0.09597717740914226,6
N6P27,SEED_6,1,3,literature review,0.03894507193462498,6
N6P27,SEED_93,0,3,literature review,0.06110953885154956,6
N6P44,SEED_33,1,1,position paper,0.03666889624528128,6
N6P44,SEED_102,0,1,position paper,0.05485994308932408,6
N6P92,SEED_61,1,5,position paper,0.059968033729275456,6
N6P92,SEED_88,1,5,position paper,0.0751324199578783,6
N6P92,SEED_63,1,5,position paper,0.04603307219547203,6
N6P92,SEED_84,0,5,position paper,0.07184420324302587,6
N6P92,SEED_55,1,5,position paper,0.09584107046851154,6
N6P92,SEED_1,1,5,position paper,0.13141875515524984,6
N6P107,SEED_28,0,4,literature review,0.03690431206766,6
N6P107,SEED_15,1,4,literature review,0.12583525799894296,6
N6P107,SEED_117,0,4,literature review,0.058265813707136085,6
N6P107,SEED_6,1,4,literature review,0.03894507193462498,6
N6P107,SEED_119,0,4,literature review,0.07263413180061329,6
N6P8,SEED_106,0,2,position paper,0.0396656199956952,6
N6P8,SEED_5,0,2,position paper,0.04891575446422762,6
N6P8,SEED_23,1,2,position paper,0.24419454417762076,6
N6P7,SEED_48,1,5,literature review,0.029185376778173528,6
N6P7,SEED_103,1,5,literature review,0.1317058804580309,6
N6P7,SEED_44,1,5,literature review,0.037266295783348585,6
N6P7,SEED_115,1,5,literature review,0.02209761458825523,6
N6P7,SEED_86,0,5,literature review,0.07467253707820579,6
N6P7,SEED_40,1,5,literature review,0.03616922310850126,6
N6P35,SEED_78,1,3,literature review,0.0228613868635909,6
N6P35,SEED_95,1,3,literature review,0.18268931412556882,6
N6P35,SEED_85,1,3,literature review,0.06585964077621878,6
N6P35,SEED_14,1,3,literature review,0.029758165991292006,6
N6P58,SEED_79,1,3,literature review,0.1318500750967745,6
N6P58,SEED_35,1,3,literature review,0.053243975534267386,6
N6P58,SEED_49,0,3,literature review,0.032768873721272004,6
N6P58,SEED_86,1,3,literature review,0.07467253707820579,6
N6P34,SEED_17,1,3,literature review,0.029211956325465183,6
N6P34,SEED_23,1,3,literature review,0.24419454417762076,6
N6P34,SEED_69,1,3,literature review,0.01686621307186654,6
N6P34,SEED_80,1,3,literature review,0.05412529367962349,6
N6P118,SEED_12,0,2,position paper,0.06332329199540948,6
N6P118,SEED_85,1,2,position paper,0.06585964077621878,6
N6P118,SEED_77,1,2,position paper,0.09597717740914226,6
N6P95,SEED_83,1,4,position paper,0.052741438587646794,6
N6P95,SEED_98,1,4,position paper,0.011894667691759708,6
N6P95,SEED_17,1,4,position paper,0.029211956325465183,6
N6P95,SEED_116,0,4,position paper,0.15216520399588473,6
N6P95,SEED_2,0,4,position paper,0.12297460110382108,6
N6P11,SEED_64,1,3,literature review,0.07877200791990707,6
N6P11,SEED_31,1,3,literature review,0.033526494815073346,6
N6P11,SEED_99,1,3,literature review,0.058671135460116444,6
N6P11,SEED_37,1,3,literature review,0.0916688018924311,6
N6P42,SEED_81,0,5,position paper,0.035788322601505926,6
N6P42,SEED_68,1,5,position paper,0.022306762819201194,6
N6P42,SEED_70,1,5,position paper,0.08172477101102746,6
N6P42,SEED_117,0,5,position paper,0.058265813707136085,6
N6P42,SEED_11,1,5,position paper,0.06461885091273475,6
N6P42,SEED_49,0,5,position paper,0.032768873721272004,6
N6P97,SEED_29,0,3,literature review,0.07042009300336129,6
N6P97,SEED_41,0,3,literature review,0.06663729499428636,6
N6P97,SEED_13,1,3,literature review,0.030904771618012833,6
N6P97,SEED_118,1,3,literature review,0.03264322768755141,6
N6P56,SEED_67,1,3,literature review,0.05032975495304677,6
N6P56,SEED_47,1,3,literature review,0.11197067729022589,6
N6P56,SEED_119,0,3,literature review,0.07263413180061329,6
N6P56,SEED_13,1,3,literature review,0.030904771618012833,6
N6P26,SEED_28,1,6,literature review,0.03690431206766,6
N6P26,SEED_30,1,6,literature review,0.045065154448624835,6
N6P26,SEED_68,0,6,literature review,0.022306762819201194,6
N6P26,SEED_11,1,6,literature review,0.06461885091273475,6
N6P26,SEED_55,1,6,literature review,0.09584107046851154,6
N6P26,SEED_90,1,6,literature review,0.10168314958353901,6
N6P26,SEED_111,1,6,literature review,0.04969971145347565,6
N6P33,SEED_32,1,3,position paper,0.09735164776405995,6
N6P33,SEED_102,0,3,position paper,0.05485994308932408,6
N6P33,SEED_72,0,3,position paper,0.07981472218677699,6
N6P33,SEED_66,1,3,position paper,0.009691035124209286,6
N6P116,SEED_15,1,3,literature review,0.12583525799894296,6
N6P116,SEED_62,1,3,literature review,0.04784216452869475,6
N6P116,SEED_116,1,3,literature review,0.15216520399588473,6
N6P116,SEED_115,1,3,literature review,0.02209761458825523,6
N6P23,SEED_0,1,1,position paper,0.03419115971424214,6
N6P23,SEED_46,0,1,position paper,0.027379269989798654,6
N6P74,SEED_14,1,2,position paper,0.029758165991292006,6
N6P74,SEED_37,0,2,position paper,0.0916688018924311,6
N6P74,SEED_41,0,2,position paper,0.06663729499428636,6
N6P51,SEED_29,0,4,position paper,0.07042009300336129,6
N6P51,SEED_116,0,4,position paper,0.15216520399588473,6
N6P51,SEED_82,1,4,position paper,0.031946399533903824,6
N6P51,SEED_76,0,4,position paper,0.02911097510188564,6
N6P51,SEED_27,1,4,position paper,0.1928425224241903,6
N6P60,SEED_64,0,4,position paper,0.07877200791990707,6
N6P60,SEED_75,1,4,position paper,0.004317454748062883,6
N6P60,SEED_117,0,4,position paper,0.058265813707136085,6
N6P60,SEED_91,0,4,position paper,0.037739388173408044,6
N6P60,SEED_76,0,4,position paper,0.02911097510188564,6
N6P39,SEED_116,0,2,position paper,0.15216520399588473,6
N6P39,SEED_25,1,2,position paper,0.03134650983079614,6
N6P39,SEED_118,1,2,position paper,0.03264322768755141,6
N6P41,SEED_43,0,2,literature review,0.05652341745969014,6
N6P41,SEED_50,0,2,literature review,0.07323859452802539,6
N6P41,SEED_49,0,2,literature review,0.032768873721272004,6
N6P91,SEED_57,1,9,literature review,0.03673991558283747,6
N6P91,SEED_101,1,9,literature review,0.023490079101840138,6
N6P91,SEED_7,0,9,literature review,0.021341441722662596,6
N6P91,SEED_81,1,9,literature review,0.035788322601505926,6
N6P91,SEED_4,0,9,literature review,0.10778007277480268,6
N6P91,SEED_117,0,9,literature review,0.058265813707136085,6
N6P91,SEED_99,1,9,literature review,0.058671135460116444,6
N6P91,SEED_53,1,9,literature review,0.08163751252417001,6
N6P91,SEED_55,1,9,literature review,0.09584107046851154,6
N6P91,SEED_41,1,9,literature review,0.06663729499428636,6
N6P83,SEED_43,0,7,literature review,0.05652341745969014,6
N6P83,SEED_114,0,7,literature review,0.05371749025215298,6
N6P83,SEED_88,1,7,literature review,0.0751324199578783,6
N6P83,SEED_3,1,7,literature review,0.06798054115184436,6
N6P83,SEED_45,0,7,literature review,0.04818303463809887,6
N6P83,SEED_115,0,7,literature review,0.02209761458825523,6
N6P83,SEED_53,1,7,literature review,0.08163751252417001,6
N6P83,SEED_22,1,7,literature review,0.05799342396218755,6
N6P5,SEED_32,1,2,literature review,0.09735164776405995,6
N6P5,SEED_59,1,2,literature review,0.03537515898047227,6
N6P5,SEED_20,1,2,literature review,0.029535688085893946,6
N6P104,SEED_73,1,5,position paper,0.09938073079147507,6
N6P104,SEED_117,0,5,position paper,0.058265813707136085,6
N6P104,SEED_104,1,5,position paper,0.027022006506890947,6
N6P104,SEED_47,1,5,position paper,0.11197067729022589,6
N6P104,SEED_49,0,5,position paper,0.032768873721272004,6
N6P104,SEED_54,0,5,position paper,0.0252978715058926,6
N6P79,SEED_58,1,0,literature review,0.04043276523483182,6
N6P31,SEED_89,1,8,position paper,0.013011664337656105,6
N6P31,SEED_43,1,8,position paper,0.05652341745969014,6
N6P31,SEED_92,0,8,position paper,0.05106624582263099,6
N6P31,SEED_29,0,8,position paper,0.07042009300336129,6
N6P31,SEED_63,0,8,position paper,0.04603307219547203,6
N6P31,SEED_112,0,8,position paper,0.04763731112793226,6
N6P31,SEED_41,1,8,position paper,0.06663729499428636,6
N6P31,SEED_80,1,8,position paper,0.05412529367962349,6
N6P31,SEED_118,1,8,position paper,0.03264322768755141,6
N6P18,SEED_64,0,3,literature review,0.07877200791990707,6
N6P18,SEED_106,1,3,literature review,0.0396656199956952,6
N6P18,SEED_65,1,3,literature review,0.09967558011174742,6
N6P18,SEED_38,0,3,literature review,0.061179792753602406,6
N6P52,SEED_84,1,0,literature review,0.07184420324302587,6
N6P113,SEED_88,1,2,position paper,0.0751324199578783,6
N6P113,SEED_75,1,2,position paper,0.004317454748062883,6
N6P113,SEED_47,1,2,position paper,0.11197067729022589,6
N6P88,SEED_88,1,5,position paper,0.0751324199578783,6
N6P88,SEED_15,0,5,position paper,0.12583525799894296,6
N6P88,SEED_30,0,5,position paper,0.045065154448624835,6
N6P88,SEED_47,1,5,position paper,0.11197067729022589,6
N6P88,SEED_72,0,5,position paper,0.07981472218677699,6
N6P88,SEED_35,0,5,position paper,0.053243975534267386,6
N6P55,SEED_16,0,2,literature review,0.06580490852851562,6
N6P55,SEED_117,0,2,literature review,0.058265813707136085,6
N6P55,SEED_6,1,2,literature review,0.03894507193462498,6
N6P13,SEED_87,0,5,position paper,0.14276304721670452,6
N6P13,SEED_50,1,5,position paper,0.07323859452802539,6
N6P13,SEED_94,1,5,position paper,0.1502174121454999,6
N6P13,SEED_38,0,5,position paper,0.061179792753602406,6
N6P13,SEED_72,1,5,position paper,0.07981472218677699,6
N6P13,SEED_96,1,5,position paper,0.10358875368385743,6
N6P93,SEED_45,1,3,literature review,0.04818303463809887,6
N6P93,SEED_30,1,3,literature review,0.045065154448624835,6
N6P93,SEED_14,1,3,literature review,0.029758165991292006,6
N6P93,SEED_86,1,3,literature review,0.07467253707820579,6
N6P66,SEED_26,1,4,literature review,0.07104261452564097,6
N6P66,SEED_98,1,4,literature review,0.011894667691759708,6
N6P66,SEED_4,0,4,literature review,0.10778007277480268,6
N6P66,SEED_52,1,4,literature review,0.0773265984984997,6
N6P66,SEED_86,0,4,literature review,0.07467253707820579,6
N6P78,SEED_31,1,3,literature review,0.033526494815073346,6
N6P78,SEED_63,1,3,literature review,0.04603307219547203,6
N6P78,SEED_66,1,3,literature review,0.009691035124209286,6
N6P78,SEED_40,0,3,literature review,0.03616922310850126,6
N6P108,SEED_78,1,2,literature review,0.0228613868635909,6
N6P108,SEED_100,0,2,literature review,0.022251536993773687,6
N6P108,SEED_2,0,2,literature review,0.12297460110382108,6
N6P6,SEED_42,0,7,position paper,0.051653349129091995,6
N6P6,SEED_114,0,7,position paper,0.05371749025215298,6
N6P6,SEED_7,0,7,position paper,0.021341441722662596,6
N6P6,SEED_59,1,7,position paper,0.03537515898047227,6
N6P6,SEED_53,1,7,position paper,0.08163751252417001,6
N6P6,SEED_11,1,7,position paper,0.06461885091273475,6
N6P6,SEED_18,0,7,position paper,0.07930603337696131,6
N6P6,SEED_56,0,7,position paper,0.021739942781307576,6
N6P10,SEED_4,0,4,literature review,0.10778007277480268,6
N6P10,SEED_19,1,4,literature review,0.04109700523383222,6
N6P10,SEED_66,0,4,literature review,0.009691035124209286,6
N6P10,SEED_25,1,4,literature review,0.03134650983079614,6
N6P10,SEED_27,1,4,literature review,0.1928425224241903,6
N6P109,SEED_64,1,4,literature review,0.07877200791990707,6
N6P109,SEED_48,1,4,literature review,0.029185376778173528,6
N6P109,SEED_26,0,4,literature review,0.07104261452564097,6
N6P109,SEED_23,1,4,literature review,0.24419454417762076,6
N6P109,SEED_1,1,4,literature review,0.13141875515524984,6
N6P70,SEED_98,1,4,literature review,0.011894667691759708,6
N6P70,SEED_50,0,4,literature review,0.07323859452802539,6
N6P70,SEED_106,0,4,literature review,0.0396656199956952,6
N6P70,SEED_105,0,4,literature review,0.024092964382771427,6
N6P70,SEED_60,0,4,literature review,0.03900336059186124,6
N6P19,SEED_26,1,3,position paper,0.07104261452564097,6
N6P19,SEED_98,1,3,position paper,0.011894667691759708,6
N6P19,SEED_99,1,3,position paper,0.058671135460116444,6
N6P19,SEED_66,1,3,position paper,0.009691035124209286,6
N6P64,SEED_113,0,3,position paper,0.03869600182636786,6
N6P64,SEED_68,0,3,position paper,0.022306762819201194,6
N6P64,SEED_21,1,3,position paper,0.04332717025608329,6
N6P64,SEED_27,1,3,position paper,0.1928425224241903,6
N6P67,SEED_97,0,4,literature review,0.03609440995756307,6
N6P67,SEED_7,1,4,literature review,0.021341441722662596,6
N6P67,SEED_6,1,4,literature review,0.03894507193462498,6
N6P67,SEED_90,1,4,literature review,0.10168314958353901,6
N6P67,SEED_74,1,4,literature review,0.045788952881914514,6
N6P21,SEED_50,0,4,literature review,0.07323859452802539,6
N6P21,SEED_21,1,4,literature review,0.04332717025608329,6
N6P21,SEED_47,1,4,literature review,0.11197067729022589,6
N6P21,SEED_53,1,4,literature review,0.08163751252417001,6
N6P21,SEED_76,0,4,literature review,0.02911097510188564,6
N6P76,SEED_43,0,6,position paper,0.05652341745969014,6
N6P76,SEED_94,1,6,position paper,0.1502174121454999,6
N6P76,SEED_28,0,6,position paper,0.03690431206766,6
N6P76,SEED_2,0,6,position paper,0.12297460110382108,6
N6P76,SEED_14,1,6,position paper,0.029758165991292006,6
N6P76,SEED_119,0,6,position paper,0.07263413180061329,6
N6P76,SEED_80,0,6,position paper,0.05412529367962349,6
N6P2,SEED_51,0,5,literature review,0.09567458183955731,6
N6P2,SEED_103,1,5,literature review,0.1317058804580309,6
N6P2,SEED_19,0,5,literature review,0.04109700523383222,6
N6P2,SEED_49,0,5,literature review,0.032768873721272004,6
N6P2,SEED_111,0,5,literature review,0.04969971145347565,6
N6P2,SEED_54,1,5,literature review,0.0252978715058926,6
N6P72,SEED_110,0,2,literature review,0.08655273033551042,6
N6P72,SEED_6,1,2,literature review,0.03894507193462498,6
N6P72,SEED_54,0,2,literature review,0.0252978715058926,6
N6P63,SEED_59,1,1,literature review,0.03537515898047227,6
N6P63,SEED_14,1,1,literature review,0.029758165991292006,6
N6P17,SEED_87,0,4,literature review,0.14276304721670452,6
N6P17,SEED_113,0,4,literature review,0.03869600182636786,6
N6P17,SEED_4,0,4,literature review,0.10778007277480268,6
N6P17,SEED_19,0,4,literature review,0.04109700523383222,6
N6P17,SEED_22,0,4,literature review,0.05799342396218755,6
N6P25,SEED_98,1,3,literature review,0.011894667691759708,6
N6P25,SEED_75,0,3,literature review,0.004317454748062883,6
N6P25,SEED_105,1,3,literature review,0.024092964382771427,6
N6P25,SEED_8,0,3,literature review,0.06872182608709806,6
N6P30,SEED_109,1,2,literature review,0.08741121552597077,6
N6P30,SEED_91,0,2,literature review,0.037739388173408044,6
N6P30,SEED_46,1,2,literature review,0.027379269989798654,6
N6P37,SEED_48,1,7,position paper,0.029185376778173528,6
N6P37,SEED_50,0,7,position paper,0.07323859452802539,6
N6P37,SEED_44,1,7,position paper,0.037266295783348585,6
N6P37,SEED_19,1,7,position paper,0.04109700523383222,6
N6P37,SEED_6,1,7,position paper,0.03894507193462498,6
N6P37,SEED_25,1,7,position paper,0.03134650983079614,6
N6P37,SEED_91,0,7,position paper,0.037739388173408044,6
N6P37,SEED_58,1,7,position paper,0.04043276523483182,6
N6P14,SEED_82,0,1,literature review,0.031946399533903824,6
N6P14,SEED_21,0,1,literature review,0.04332717025608329,6
N6P99,SEED_31,0,4,literature review,0.033526494815073346,6
N6P99,SEED_2,0,4,literature review,0.12297460110382108,6
N6P99,SEED_66,0,4,literature review,0.009691035124209286,6
N6P99,SEED_80,1,4,literature review,0.05412529367962349,6
N6P99,SEED_18,1,4,literature review,0.07930603337696131,6
N6P1,SEED_102,0,4,position paper,0.05485994308932408,6
N6P1,SEED_70,1,4,position paper,0.08172477101102746,6
N6P1,SEED_90,1,4,position paper,0.10168314958353901,6
N6P1,SEED_49,1,4,position paper,0.032768873721272004,6
N6P1,SEED_46,1,4,position paper,0.027379269989798654,6
N6P50,SEED_57,1,3,position paper,0.03673991558283747,6
N6P50,SEED_32,1,3,position paper,0.09735164776405995,6
N6P50,SEED_104,1,3,position paper,0.027022006506890947,6
N6P50,SEED_118,1,3,position paper,0.03264322768755141,6
N6P80,SEED_65,1,4,position paper,0.09967558011174742,6
N6P80,SEED_113,0,4,position paper,0.03869600182636786,6
N6P80,SEED_102,0,4,position paper,0.05485994308932408,6
N6P80,SEED_29,0,4,position paper,0.07042009300336129,6
N6P80,SEED_40,0,4,position paper,0.03616922310850126,6
N6P38,SEED_31,1,1,literature review,0.033526494815073346,6
N6P38,SEED_20,1,1,literature review,0.029535688085893946,6
N6P115,SEED_100,0,6,position paper,0.022251536993773687,6
N6P115,SEED_4,1,6,position paper,0.10778007277480268,6
N6P115,SEED_109,1,6,position paper,0.08741121552597077,6
N6P115,SEED_77,1,6,position paper,0.09597717740914226,6
N6P115,SEED_49,0,6,position paper,0.032768873721272004,6
N6P115,SEED_80,1,6,position paper,0.05412529367962349,6
N6P115,SEED_13,1,6,position paper,0.030904771618012833,6
N6P65,SEED_57,1,3,literature review,0.03673991558283747,6
N6P65,SEED_59,0,3,literature review,0.03537515898047227,6
N6P65,SEED_99,1,3,literature review,0.058671135460116444,6
N6P65,SEED_112,0,3,literature review,0.04763731112793226,6
N6P102,SEED_26,1,3,literature review,0.07104261452564097,6
N6P102,SEED_95,1,3,literature review,0.18268931412556882,6
N6P102,SEED_93,0,3,literature review,0.06110953885154956,6
N6P102,SEED_27,1,3,literature review,0.1928425224241903,6
N6P119,SEED_42,1,5,literature review,0.051653349129091995,6
N6P119,SEED_98,1,5,literature review,0.011894667691759708,6
N6P119,SEED_79,1,5,literature review,0.1318500750967745,6
N6P119,SEED_7,0,5,literature review,0.021341441722662596,6
N6P119,SEED_53,1,5,literature review,0.08163751252417001,6
N6P119,SEED_18,0,5,literature review,0.07930603337696131,6
N6P62,SEED_15,1,4,literature review,0.12583525799894296,6
N6P62,SEED_81,1,4,literature review,0.035788322601505926,6
N6P62,SEED_47,1,4,literature review,0.11197067729022589,6
N6P62,SEED_91,0,4,literature review,0.037739388173408044,6
N6P62,SEED_27,1,4,literature review,0.1928425224241903,6
N6P4,SEED_42,0,2,literature review,0.051653349129091995,6
N6P4,SEED_100,0,2,literature review,0.022251536993773687,6
N6P4,SEED_91,0,2,literature review,0.037739388173408044,6
N6P87,SEED_64,0,4,position paper,0.07877200791990707,6
N6P87,SEED_83,1,4,position paper,0.052741438587646794,6
N6P87,SEED_58,1,4,position paper,0.04043276523483182,6
N6P87,SEED_18,0,4,position paper,0.07930603337696131,6
N6P87,SEED_76,0,4,position paper,0.02911097510188564,6
N6P59,SEED_50,0,7,literature review,0.07323859452802539,6
N6P59,SEED_0,1,7,literature review,0.03419115971424214,6
N6P59,SEED_7,0,7,literature review,0.021341441722662596,6
N6P59,SEED_72,0,7,literature review,0.07981472218677699,6
N6P59,SEED_109,0,7,literature review,0.08741121552597077,6
N6P59,SEED_53,1,7,literature review,0.08163751252417001,6
N6P59,SEED_91,0,7,literature review,0.037739388173408044,6
N6P59,SEED_54,0,7,literature review,0.0252978715058926,6
N7P106,SEED_97,0,1,position paper,0.03609440995756307,7
N7P106,SEED_32,1,1,position paper,0.09735164776405995,7
N7P10,SEED_61,1,0,literature review,0.059968033729275456,7
N7P65,SEED_51,1,3,position paper,0.09567458183955731,7
N7P65,SEED_18,1,3,position paper,0.07930603337696131,7
N7P65,SEED_5,0,3,position paper,0.04891575446422762,7
N7P65,SEED_52,0,3,position paper,0.0773265984984997,7
N7P78,SEED_92,1,2,position paper,0.05106624582263099,7
N7P78,SEED_48,1,2,position paper,0.029185376778173528,7
N7P78,SEED_18,0,2,position paper,0.07930603337696131,7
N7P28,SEED_83,0,5,position paper,0.052741438587646794,7
N7P28,SEED_12,0,5,position paper,0.06332329199540948,7
N7P28,SEED_95,1,5,position paper,0.18268931412556882,7
N7P28,SEED_81,0,5,position paper,0.035788322601505926,7
N7P28,SEED_117,0,5,position paper,0.058265813707136085,7
N7P28,SEED_54,0,5,position paper,0.0252978715058926,7
N7P17,SEED_83,1,2,position paper,0.052741438587646794,7
N7P17,SEED_15,0,2,position paper,0.12583525799894296,7
N7P17,SEED_23,1,2,position paper,0.24419454417762076,7
N7P110,SEED_50,1,2,position paper,0.07323859452802539,7
N7P110,SEED_39,1,2,position paper,0.03555690750708022,7
N7P110,SEED_103,1,2,position paper,0.1317058804580309,7
N7P115,SEED_4,1,0,position paper,0.10778007277480268,7
N7P73,SEED_62,1,1,position paper,0.04784216452869475,7
N7P73,SEED_8,1,1,position paper,0.06872182608709806,7
N7P116,SEED_26,1,5,position paper,0.07104261452564097,7
N7P116,SEED_98,1,5,position paper,0.011894667691759708,7
N7P116,SEED_32,1,5,position paper,0.09735164776405995,7
N7P116,SEED_13,0,5,position paper,0.030904771618012833,7
N7P116,SEED_52,0,5,position paper,0.0773265984984997,7
N7P116,SEED_96,0,5,position paper,0.10358875368385743,7
N7P12,SEED_42,0,3,position paper,0.051653349129091995,7
N7P12,SEED_50,0,3,position paper,0.07323859452802539,7
N7P12,SEED_22,1,3,position paper,0.05799342396218755,7
N7P12,SEED_37,1,3,position paper,0.0916688018924311,7
N7P62,SEED_13,1,1,literature review,0.030904771618012833,7
N7P62,SEED_6,1,1,literature review,0.03894507193462498,7
N7P108,SEED_99,1,3,literature review,0.058671135460116444,7
N7P108,SEED_72,1,3,literature review,0.07981472218677699,7
N7P108,SEED_66,1,3,literature review,0.009691035124209286,7
N7P108,SEED_74,1,3,literature review,0.045788952881914514,7
N7P38,SEED_31,1,2,literature review,0.033526494815073346,7
N7P38,SEED_38,1,2,literature review,0.061179792753602406,7
N7P38,SEED_5,1,2,literature review,0.04891575446422762,7
N7P81,SEED_61,1,6,literature review,0.059968033729275456,7
N7P81,SEED_45,1,6,literature review,0.04818303463809887,7
N7P81,SEED_65,0,6,literature review,0.09967558011174742,7
N7P81,SEED_103,1,6,literature review,0.1317058804580309,7
N7P81,SEED_117,0,6,literature review,0.058265813707136085,7
N7P81,SEED_77,1,6,literature review,0.09597717740914226,7
N7P81,SEED_41,0,6,literature review,0.06663729499428636,7
N7P51,SEED_9,1,2,literature review,0.05790057358028041,7
N7P51,SEED_60,1,2,literature review,0.03900336059186124,7
N7P51,SEED_37,1,2,literature review,0.0916688018924311,7
N7P85,SEED_64,1,3,literature review,0.07877200791990707,7
N7P85,SEED_60,0,3,literature review,0.03900336059186124,7
N7P85,SEED_115,0,3,literature review,0.02209761458825523,7
N7P85,SEED_58,1,3,literature review,0.04043276523483182,7
N7P54,SEED_100,0,1,position paper,0.022251536993773687,7
N7P54,SEED_96,0,1,position paper,0.10358875368385743,7
N7P58,SEED_101,0,6,literature review,0.023490079101840138,7
N7P58,SEED_45,0,6,literature review,0.04818303463809887,7
N7P58,SEED_51,0,6,literature review,0.09567458183955731,7
N7P58,SEED_29,0,6,literature review,0.07042009300336129,7
N7P58,SEED_116,0,6,literature review,0.15216520399588473,7
N7P58,SEED_86,0,6,literature review,0.07467253707820579,7
N7P58,SEED_54,0,6,literature review,0.0252978715058926,7
N7P20,SEED_42,1,6,position paper,0.051653349129091995,7
N7P20,SEED_110,0,6,position paper,0.08655273033551042,7
N7P20,SEED_107,0,6,position paper,0.042538122034430435,7
N7P20,SEED_71,0,6,position paper,0.01920486060179593,7
N7P20,SEED_4,0,6,position paper,0.10778007277480268,7
N7P20,SEED_93,1,6,position paper,0.06110953885154956,7
N7P20,SEED_49,0,6,position paper,0.032768873721272004,7
N7P32,SEED_16,0,2,position paper,0.06580490852851562,7
N7P32,SEED_12,0,2,position paper,0.06332329199540948,7
N7P32,SEED_6,1,2,position paper,0.03894507193462498,7
N7P69,SEED_47,1,2,literature review,0.11197067729022589,7
N7P69,SEED_54,1,2,literature review,0.0252978715058926,7
N7P69,SEED_55,1,2,literature review,0.09584107046851154,7
N7P2,SEED_3,1,1,position paper,0.06798054115184436,7
N7P2,SEED_95,1,1,position paper,0.18268931412556882,7
N7P76,SEED_88,1,2,literature review,0.0751324199578783,7
N7P76,SEED_75,0,2,literature review,0.004317454748062883,7
N7P76,SEED_8,1,2,literature review,0.06872182608709806,7
N7P49,SEED_48,1,3,literature review,0.029185376778173528,7
N7P49,SEED_38,0,3,literature review,0.061179792753602406,7
N7P49,SEED_44,1,3,literature review,0.037266295783348585,7
N7P49,SEED_90,1,3,literature review,0.10168314958353901,7
N7P67,SEED_61,1,3,position paper,0.059968033729275456,7
N7P67,SEED_114,1,3,position paper,0.05371749025215298,7
N7P67,SEED_3,0,3,position paper,0.06798054115184436,7
N7P67,SEED_58,1,3,position paper,0.04043276523483182,7
N7P39,SEED_83,1,2,position paper,0.052741438587646794,7
N7P39,SEED_115,0,2,position paper,0.02209761458825523,7
N7P39,SEED_90,0,2,position paper,0.10168314958353901,7
N7P84,SEED_78,0,1,literature review,0.0228613868635909,7
N7P84,SEED_112,0,1,literature review,0.04763731112793226,7
N7P43,SEED_7,0,4,position paper,0.021341441722662596,7
N7P43,SEED_113,0,4,position paper,0.03869600182636786,7
N7P43,SEED_47,1,4,position paper,0.11197067729022589,7
N7P43,SEED_91,0,4,position paper,0.037739388173408044,7
N7P43,SEED_118,1,4,position paper,0.03264322768755141,7
N7P113,SEED_39,0,4,position paper,0.03555690750708022,7
N7P113,SEED_63,0,4,position paper,0.04603307219547203,7
N7P113,SEED_25,1,4,position paper,0.03134650983079614,7
N7P113,SEED_35,0,4,position paper,0.053243975534267386,7
N7P113,SEED_40,0,4,position paper,0.03616922310850126,7
N7P47,SEED_81,1,0,literature review,0.035788322601505926,7
N7P114,SEED_119,1,0,position paper,0.07263413180061329,7
N7P117,SEED_42,0,2,literature review,0.051653349129091995,7
N7P117,SEED_106,1,2,literature review,0.0396656199956952,7
N7P117,SEED_41,0,2,literature review,0.06663729499428636,7
N7P48,SEED_87,1,4,position paper,0.14276304721670452,7
N7P48,SEED_103,1,4,position paper,0.1317058804580309,7
N7P48,SEED_82,1,4,position paper,0.031946399533903824,7
N7P48,SEED_80,1,4,position paper,0.05412529367962349,7
N7P48,SEED_86,0,4,position paper,0.07467253707820579,7
N7P93,SEED_16,1,3,position paper,0.06580490852851562,7
N7P93,SEED_113,1,3,position paper,0.03869600182636786,7
N7P93,SEED_52,0,3,position paper,0.0773265984984997,7
N7P93,SEED_118,1,3,position paper,0.03264322768755141,7
N7P13,SEED_48,1,6,position paper,0.029185376778173528,7
N7P13,SEED_3,0,6,position paper,0.06798054115184436,7
N7P13,SEED_71,0,6,position paper,0.01920486060179593,7
N7P13,SEED_0,1,6,position paper,0.03419115971424214,7
N7P13,SEED_104,0,6,position paper,0.027022006506890947,7
N7P13,SEED_10,0,6,position paper,0.2599772228262205,7
N7P13,SEED_80,0,6,position paper,0.05412529367962349,7
N7P30,SEED_101,0,4,literature review,0.023490079101840138,7
N7P30,SEED_50,0,4,literature review,0.07323859452802539,7
N7P30,SEED_2,0,4,literature review,0.12297460110382108,7
N7P30,SEED_53,1,4,literature review,0.08163751252417001,7
N7P30,SEED_66,0,4,literature review,0.009691035124209286,7
N7P72,SEED_31,0,1,position paper,0.033526494815073346,7
N7P72,SEED_0,1,1,position paper,0.03419115971424214,7
N7P44,SEED_81,1,1,literature review,0.035788322601505926,7
N7P44,SEED_118,1,1,literature review,0.03264322768755141,7
N7P109,SEED_3,1,2,position paper,0.06798054115184436,7
N7P109,SEED_2,0,2,position paper,0.12297460110382108,7
N7P109,SEED_1,1,2,position paper,0.13141875515524984,7
N7P9,SEED_92,1,3,literature review,0.05106624582263099,7
N7P9,SEED_30,1,3,literature review,0.045065154448624835,7
N7P9,SEED_36,1,3,literature review,0.13828262665054547,7
N7P9,SEED_96,0,3,literature review,0.10358875368385743,7
N7P53,SEED_75,1,2,position paper,0.004317454748062883,7
N7P53,SEED_30,1,2,position paper,0.045065154448624835,7
N7P53,SEED_22,1,2,position paper,0.05799342396218755,7
N7P27,SEED_97,0,0,literature review,0.03609440995756307,7
N7P8,SEED_89,0,3,position paper,0.013011664337656105,7
N7P8,SEED_114,1,3,position paper,0.05371749025215298,7
N7P8,SEED_24,1,3,position paper,0.06525103738400904,7
N7P8,SEED_80,1,3,position paper,0.05412529367962349,7
N7P90,SEED_97,0,2,literature review,0.03609440995756307,7
N7P90,SEED_71,1,2,literature review,0.01920486060179593,7
N7P90,SEED_76,0,2,literature review,0.02911097510188564,7
N7P74,SEED_42,1,3,literature review,0.051653349129091995,7
N7P74,SEED_26,0,3,literature review,0.07104261452564097,7
N7P74,SEED_102,0,3,literature review,0.05485994308932408,7
N7P74,SEED_66,1,3,literature review,0.009691035124209286,7
N7P31,SEED_66,0,0,literature review,0.009691035124209286,7
N7P88,SEED_26,1,0,position paper,0.07104261452564097,7
N7P18,SEED_57,1,2,literature review,0.03673991558283747,7
N7P18,SEED_101,1,2,literature review,0.023490079101840138,7
N7P18,SEED_76,0,2,literature review,0.02911097510188564,7
N7P83,SEED_98,1,4,literature review,0.011894667691759708,7
N7P83,SEED_3,1,4,literature review,0.06798054115184436,7
N7P83,SEED_7,0,4,literature review,0.021341441722662596,7
N7P83,SEED_82,1,4,literature review,0.031946399533903824,7
N7P83,SEED_111,0,4,literature review,0.04969971145347565,7
N7P41,SEED_57,1,6,position paper,0.03673991558283747,7
N7P41,SEED_110,0,6,position paper,0.08655273033551042,7
N7P41,SEED_94,1,6,position paper,0.1502174121454999,7
N7P41,SEED_38,0,6,position paper,0.061179792753602406,7
N7P41,SEED_53,1,6,position paper,0.08163751252417001,7
N7P41,SEED_77,1,6,position paper,0.09597717740914226,7
N7P41,SEED_49,0,6,position paper,0.032768873721272004,7
N7P21,SEED_33,1,1,literature review,0.03666889624528128,7
N7P21,SEED_117,0,1,literature review,0.058265813707136085,7
N7P23,SEED_88,1,1,literature review,0.0751324199578783,7
N7P23,SEED_69,1,1,literature review,0.01686621307186654,7
N7P70,SEED_42,1,1,literature review,0.051653349129091995,7
N7P70,SEED_100,0,1,literature review,0.022251536993773687,7
N7P16,SEED_89,0,2,literature review,0.013011664337656105,7
N7P16,SEED_7,0,2,literature review,0.021341441722662596,7
N7P16,SEED_34,0,2,literature review,0.08548426810230766,7
N7P29,SEED_101,0,3,position paper,0.023490079101840138,7
N7P29,SEED_62,1,3,position paper,0.04784216452869475,7
N7P29,SEED_68,1,3,position paper,0.022306762819201194,7
N7P29,SEED_55,1,3,position paper,0.09584107046851154,7
N7P79,SEED_57,1,4,literature review,0.03673991558283747,7
N7P79,SEED_16,0,4,literature review,0.06580490852851562,7
N7P79,SEED_62,1,4,literature review,0.04784216452869475,7
N7P79,SEED_116,0,4,literature review,0.15216520399588473,7
N7P79,SEED_80,0,4,literature review,0.05412529367962349,7
N7P34,SEED_57,1,4,literature review,0.03673991558283747,7
N7P34,SEED_64,0,4,literature review,0.07877200791990707,7
N7P34,SEED_98,1,4,literature review,0.011894667691759708,7
N7P34,SEED_67,1,4,literature review,0.05032975495304677,7
N7P34,SEED_0,1,4,literature review,0.03419115971424214,7
N7P6,SEED_89,0,1,position paper,0.013011664337656105,7
N7P6,SEED_10,0,1,position paper,0.2599772228262205,7
N7P100,SEED_75,0,1,position paper,0.004317454748062883,7
N7P100,SEED_32,1,1,position paper,0.09735164776405995,7
N7P92,SEED_89,1,1,literature review,0.013011664337656105,7
N7P92,SEED_44,1,1,literature review,0.037266295783348585,7
N7P97,SEED_95,1,2,position paper,0.18268931412556882,7
N7P97,SEED_81,1,2,position paper,0.035788322601505926,7
N7P97,SEED_21,1,2,position paper,0.04332717025608329,7
N7P50,SEED_64,0,7,position paper,0.07877200791990707,7
N7P50,SEED_87,1,7,position paper,0.14276304721670452,7
N7P50,SEED_28,0,7,position paper,0.03690431206766,7
N7P50,SEED_17,1,7,position paper,0.029211956325465183,7
N7P50,SEED_21,1,7,position paper,0.04332717025608329,7
N7P50,SEED_72,0,7,position paper,0.07981472218677699,7
N7P50,SEED_1,1,7,position paper,0.13141875515524984,7
N7P50,SEED_56,0,7,position paper,0.021739942781307576,7
N7P87,SEED_61,1,2,position paper,0.059968033729275456,7
N7P87,SEED_12,0,2,position paper,0.06332329199540948,7
N7P87,SEED_40,0,2,position paper,0.03616922310850126,7
N7P91,SEED_97,0,4,position paper,0.03609440995756307,7
N7P91,SEED_82,1,4,position paper,0.031946399533903824,7
N7P91,SEED_69,1,4,position paper,0.01686621307186654,7
N7P91,SEED_14,1,4,position paper,0.029758165991292006,7
N7P91,SEED_86,1,4,position paper,0.07467253707820579,7
N7P61,SEED_97,0,1,position paper,0.03609440995756307,7
N7P61,SEED_113,0,1,position paper,0.03869600182636786,7
N7P63,SEED_107,0,2,position paper,0.042538122034430435,7
N7P63,SEED_12,0,2,position paper,0.06332329199540948,7
N7P63,SEED_77,1,2,position paper,0.09597717740914226,7
N7P7,SEED_101,0,0,literature review,0.023490079101840138,7
N7P24,SEED_51,1,2,position paper,0.09567458183955731,7
N7P24,SEED_103,1,2,position paper,0.1317058804580309,7
N7P24,SEED_21,1,2,position paper,0.04332717025608329,7
N7P66,SEED_97,0,2,literature review,0.03609440995756307,7
N7P66,SEED_94,1,2,literature review,0.1502174121454999,7
N7P66,SEED_119,0,2,literature review,0.07263413180061329,7
N7P37,SEED_79,0,3,position paper,0.1318500750967745,7
N7P37,SEED_22,0,3,position paper,0.05799342396218755,7
N7P37,SEED_41,0,3,position paper,0.06663729499428636,7
N7P37,SEED_96,0,3,position paper,0.10358875368385743,7
N7P64,SEED_107,0,5,literature review,0.042538122034430435,7
N7P64,SEED_3,1,5,literature review,0.06798054115184436,7
N7P64,SEED_28,0,5,literature review,0.03690431206766,7
N7P64,SEED_9,0,5,literature review,0.05790057358028041,7
N7P64,SEED_23,1,5,literature review,0.24419454417762076,7
N7P64,SEED_46,1,5,literature review,0.027379269989798654,7
N7P0,SEED_83,1,3,literature review,0.052741438587646794,7
N7P0,SEED_39,0,3,literature review,0.03555690750708022,7
N7P0,SEED_116,1,3,literature review,0.15216520399588473,7
N7P0,SEED_60,1,3,literature review,0.03900336059186124,7
N7P104,SEED_71,0,6,position paper,0.01920486060179593,7
N7P104,SEED_7,0,6,position paper,0.021341441722662596,7
N7P104,SEED_62,1,6,position paper,0.04784216452869475,7
N7P104,SEED_21,1,6,position paper,0.04332717025608329,7
N7P104,SEED_55,1,6,position paper,0.09584107046851154,7
N7P104,SEED_80,0,6,position paper,0.05412529367962349,7
N7P104,SEED_46,0,6,position paper,0.027379269989798654,7
N7P11,SEED_87,0,4,position paper,0.14276304721670452,7
N7P11,SEED_48,1,4,position paper,0.029185376778173528,7
N7P11,SEED_107,0,4,position paper,0.042538122034430435,7
N7P11,SEED_40,0,4,position paper,0.03616922310850126,7
N7P11,SEED_46,1,4,position paper,0.027379269989798654,7
N7P75,SEED_95,0,3,position paper,0.18268931412556882,7
N7P75,SEED_7,1,3,position paper,0.021341441722662596,7
N7P75,SEED_69,1,3,position paper,0.01686621307186654,7
N7P75,SEED_119,1,3,position paper,0.07263413180061329,7
N7P45,SEED_42,1,2,position paper,0.051653349129091995,7
N7P45,SEED_36,1,2,position paper,0.13828262665054547,7
N7P45,SEED_112,0,2,position paper,0.04763731112793226,7
N7P77,SEED_100,0,4,position paper,0.022251536993773687,7
N7P77,SEED_71,0,4,position paper,0.01920486060179593,7
N7P77,SEED_70,1,4,position paper,0.08172477101102746,7
N7P77,SEED_22,1,4,position paper,0.05799342396218755,7
N7P77,SEED_46,1,4,position paper,0.027379269989798654,7
N7P3,SEED_87,1,3,position paper,0.14276304721670452,7
N7P3,SEED_81,1,3,position paper,0.035788322601505926,7
N7P3,SEED_104,1,3,position paper,0.027022006506890947,7
N7P3,SEED_96,1,3,position paper,0.10358875368385743,7
N7P112,SEED_44,1,3,literature review,0.037266295783348585,7
N7P112,SEED_66,0,3,literature review,0.009691035124209286,7
N7P112,SEED_34,0,3,literature review,0.08548426810230766,7
N7P112,SEED_56,1,3,literature review,0.021739942781307576,7
N7P111,SEED_33,1,7,literature review,0.03666889624528128,7
N7P111,SEED_67,1,7,literature review,0.05032975495304677,7
N7P111,SEED_106,0,7,literature review,0.0396656199956952,7
N7P111,SEED_19,1,7,literature review,0.04109700523383222,7
N7P111,SEED_69,1,7,literature review,0.01686621307186654,7
N7P111,SEED_1,0,7,literature review,0.13141875515524984,7
N7P111,SEED_58,0,7,literature review,0.04043276523483182,7
N7P111,SEED_80,0,7,literature review,0.05412529367962349,7
N7P107,SEED_17,1,3,position paper,0.029211956325465183,7
N7P107,SEED_5,1,3,position paper,0.04891575446422762,7
N7P107,SEED_60,0,3,position paper,0.03900336059186124,7
N7P107,SEED_34,0,3,position paper,0.08548426810230766,7
N7P105,SEED_104,0,1,literature review,0.027022006506890947,7
N7P105,SEED_37,1,1,literature review,0.0916688018924311,7
N7P35,SEED_108,1,0,position paper,0.11699373395608792,7
N7P82,SEED_87,0,2,literature review,0.14276304721670452,7
N7P82,SEED_3,1,2,literature review,0.06798054115184436,7
N7P82,SEED_24,1,2,literature review,0.06525103738400904,7
N7P55,SEED_103,1,3,position paper,0.1317058804580309,7
N7P55,SEED_36,1,3,position paper,0.13828262665054547,7
N7P55,SEED_90,1,3,position paper,0.10168314958353901,7
N7P55,SEED_46,0,3,position paper,0.027379269989798654,7
N7P68,SEED_59,1,3,literature review,0.03537515898047227,7
N7P68,SEED_38,0,3,literature review,0.061179792753602406,7
N7P68,SEED_17,1,3,literature review,0.029211956325465183,7
N7P68,SEED_53,1,3,literature review,0.08163751252417001,7
N7P86,SEED_68,0,1,literature review,0.022306762819201194,7
N7P86,SEED_18,0,1,literature review,0.07930603337696131,7
N7P26,SEED_43,1,2,position paper,0.05652341745969014,7
N7P26,SEED_45,0,2,position paper,0.04818303463809887,7
N7P26,SEED_104,0,2,position paper,0.027022006506890947,7
N7P56,SEED_107,0,2,position paper,0.042538122034430435,7
N7P56,SEED_72,0,2,position paper,0.07981472218677699,7
N7P56,SEED_14,1,2,position paper,0.029758165991292006,7
N7P46,SEED_97,1,2,literature review,0.03609440995756307,7
N7P46,SEED_66,1,2,literature review,0.009691035124209286,7
N7P46,SEED_18,1,2,literature review,0.07930603337696131,7
N7P15,SEED_39,1,2,literature review,0.03555690750708022,7
N7P15,SEED_77,1,2,literature review,0.09597717740914226,7
N7P15,SEED_56,1,2,literature review,0.021739942781307576,7
N7P94,SEED_78,0,6,position paper,0.0228613868635909,7
N7P94,SEED_31,0,6,position paper,0.033526494815073346,7
N7P94,SEED_32,1,6,position paper,0.09735164776405995,7
N7P94,SEED_95,1,6,position paper,0.18268931412556882,7
N7P94,SEED_60,1,6,position paper,0.03900336059186124,7
N7P94,SEED_10,1,6,position paper,0.2599772228262205,7
N7P94,SEED_22,0,6,position paper,0.05799342396218755,7
N7P14,SEED_43,1,5,position paper,0.05652341745969014,7
N7P14,SEED_110,1,5,position paper,0.08655273033551042,7
N7P14,SEED_107,1,5,position paper,0.042538122034430435,7
N7P14,SEED_9,1,5,position paper,0.05790057358028041,7
N7P14,SEED_95,0,5,position paper,0.18268931412556882,7
N7P14,SEED_13,1,5,position paper,0.030904771618012833,7
N7P99,SEED_65,1,6,literature review,0.09967558011174742,7
N7P99,SEED_39,1,6,literature review,0.03555690750708022,7
N7P99,SEED_117,0,6,literature review,0.058265813707136085,7
N7P99,SEED_99,1,6,literature review,0.058671135460116444,7
N7P99,SEED_84,0,6,literature review,0.07184420324302587,7
N7P99,SEED_49,0,6,literature review,0.032768873721272004,7
N7P99,SEED_54,1,6,literature review,0.0252978715058926,7
N7P33,SEED_75,1,2,position paper,0.004317454748062883,7
N7P33,SEED_31,1,2,position paper,0.033526494815073346,7
N7P33,SEED_72,1,2,position paper,0.07981472218677699,7
N7P60,SEED_113,1,4,literature review,0.03869600182636786,7
N7P60,SEED_2,0,4,literature review,0.12297460110382108,7
N7P60,SEED_77,1,4,literature review,0.09597717740914226,7
N7P60,SEED_84,0,4,literature review,0.07184420324302587,7
N7P60,SEED_112,1,4,literature review,0.04763731112793226,7
N7P25,SEED_12,0,5,literature review,0.06332329199540948,7
N7P25,SEED_24,1,5,literature review,0.06525103738400904,7
N7P25,SEED_17,1,5,literature review,0.029211956325465183,7
N7P25,SEED_35,0,5,literature review,0.053243975534267386,7
N7P25,SEED_91,0,5,literature review,0.037739388173408044,7
N7P25,SEED_76,1,5,literature review,0.02911097510188564,7
N7P102,SEED_116,1,3,position paper,0.15216520399588473,7
N7P102,SEED_10,1,3,position paper,0.2599772228262205,7
N7P102,SEED_37,1,3,position paper,0.0916688018924311,7
N7P102,SEED_56,0,3,position paper,0.021739942781307576,7
N7P103,SEED_102,0,2,position paper,0.05485994308932408,7
N7P103,SEED_117,0,2,position paper,0.058265813707136085,7
N7P103,SEED_1,1,2,position paper,0.13141875515524984,7
N7P89,SEED_100,0,4,position paper,0.022251536993773687,7
N7P89,SEED_31,1,4,position paper,0.033526494815073346,7
N7P89,SEED_59,1,4,position paper,0.03537515898047227,7
N7P89,SEED_116,1,4,position paper,0.15216520399588473,7
N7P89,SEED_74,0,4,position paper,0.045788952881914514,7
N7P1,SEED_106,1,5,literature review,0.0396656199956952,7
N7P1,SEED_117,0,5,literature review,0.058265813707136085,7
N7P1,SEED_8,1,5,literature review,0.06872182608709806,7
N7P1,SEED_27,1,5,literature review,0.1928425224241903,7
N7P1,SEED_40,0,5,literature review,0.03616922310850126,7
N7P1,SEED_13,1,5,literature review,0.030904771618012833,7
N7P80,SEED_28,1,4,literature review,0.03690431206766,7
N7P80,SEED_85,1,4,literature review,0.06585964077621878,7
N7P80,SEED_119,1,4,literature review,0.07263413180061329,7
N7P80,SEED_84,0,4,literature review,0.07184420324302587,7
N7P80,SEED_74,1,4,literature review,0.045788952881914514,7
N7P57,SEED_65,1,3,literature review,0.09967558011174742,7
N7P57,SEED_59,1,3,literature review,0.03537515898047227,7
N7P57,SEED_38,0,3,literature review,0.061179792753602406,7
N7P57,SEED_10,1,3,literature review,0.2599772228262205,7
N7P4,SEED_87,0,3,position paper,0.14276304721670452,7
N7P4,SEED_24,0,3,position paper,0.06525103738400904,7
N7P4,SEED_95,0,3,position paper,0.18268931412556882,7
N7P4,SEED_20,1,3,position paper,0.029535688085893946,7
N7P59,SEED_43,0,3,position paper,0.05652341745969014,7
N7P59,SEED_92,1,3,position paper,0.05106624582263099,7
N7P59,SEED_42,0,3,position paper,0.051653349129091995,7
N7P59,SEED_19,1,3,position paper,0.04109700523383222,7
N7P98,SEED_44,1,2,literature review,0.037266295783348585,7
N7P98,SEED_11,1,2,literature review,0.06461885091273475,7
N7P98,SEED_1,0,2,literature review,0.13141875515524984,7
N7P52,SEED_11,1,0,literature review,0.06461885091273475,7
N7P22,SEED_78,0,2,literature review,0.0228613868635909,7
N7P22,SEED_103,1,2,literature review,0.1317058804580309,7
N7P22,SEED_90,1,2,literature review,0.10168314958353901,7
N7P96,SEED_78,1,3,literature review,0.0228613868635909,7
N7P96,SEED_9,1,3,literature review,0.05790057358028041,7
N7P96,SEED_93,1,3,literature review,0.06110953885154956,7
N7P96,SEED_119,1,3,literature review,0.07263413180061329,7
N7P118,SEED_97,0,2,position paper,0.03609440995756307,7
N7P118,SEED_63,1,2,position paper,0.04603307219547203,7
N7P118,SEED_84,0,2,position paper,0.07184420324302587,7
N7P42,SEED_65,1,1,literature review,0.09967558011174742,7
N7P42,SEED_44,1,1,literature review,0.037266295783348585,7
N7P95,SEED_98,1,1,literature review,0.011894667691759708,7
N7P95,SEED_31,1,1,literature review,0.033526494815073346,7
N7P5,SEED_28,1,6,literature review,0.03690431206766,7
N7P5,SEED_68,0,6,literature review,0.022306762819201194,7
N7P5,SEED_47,1,6,literature review,0.11197067729022589,7
N7P5,SEED_25,1,6,literature review,0.03134650983079614,7
N7P5,SEED_90,0,6,literature review,0.10168314958353901,7
N7P5,SEED_96,1,6,literature review,0.10358875368385743,7
N7P5,SEED_13,1,6,literature review,0.030904771618012833,7
N7P71,SEED_114,1,3,literature review,0.05371749025215298,7
N7P71,SEED_2,0,3,literature review,0.12297460110382108,7
N7P71,SEED_34,0,3,literature review,0.08548426810230766,7
N7P71,SEED_20,1,3,literature review,0.029535688085893946,7
N7P36,SEED_50,0,5,literature review,0.07323859452802539,7
N7P36,SEED_9,1,5,literature review,0.05790057358028041,7
N7P36,SEED_79,0,5,literature review,0.1318500750967745,7
N7P36,SEED_19,1,5,literature review,0.04109700523383222,7
N7P36,SEED_49,0,5,literature review,0.032768873721272004,7
N7P36,SEED_56,0,5,literature review,0.021739942781307576,7
N7P40,SEED_31,0,2,literature review,0.033526494815073346,7
N7P40,SEED_72,0,2,literature review,0.07981472218677699,7
N7P40,SEED_13,1,2,literature review,0.030904771618012833,7
N8P59,SEED_79,0,1,position paper,0.1318500750967745,8
N8P59,SEED_68,0,1,position paper,0.022306762819201194,8
N8P92,SEED_71,0,1,literature review,0.01920486060179593,8
N8P92,SEED_80,1,1,literature review,0.05412529367962349,8
N8P48,SEED_43,1,8,literature review,0.05652341745969014,8
N8P48,SEED_16,0,8,literature review,0.06580490852851562,8
N8P48,SEED_12,0,8,literature review,0.06332329199540948,8
N8P48,SEED_9,1,8,literature review,0.05790057358028041,8
N8P48,SEED_2,0,8,literature review,0.12297460110382108,8
N8P48,SEED_104,1,8,literature review,0.027022006506890947,8
N8P48,SEED_84,0,8,literature review,0.07184420324302587,8
N8P48,SEED_52,1,8,literature review,0.0773265984984997,8
N8P48,SEED_118,1,8,literature review,0.03264322768755141,8
N8P90,SEED_42,1,2,position paper,0.051653349129091995,8
N8P90,SEED_16,1,2,position paper,0.06580490852851562,8
N8P90,SEED_92,0,2,position paper,0.05106624582263099,8
N8P39,SEED_56,0,0,position paper,0.021739942781307576,8
N8P97,SEED_92,0,4,position paper,0.05106624582263099,8
N8P97,SEED_78,1,4,position paper,0.0228613868635909,8
N8P97,SEED_28,0,4,position paper,0.03690431206766,8
N8P97,SEED_0,1,4,position paper,0.03419115971424214,8
N8P97,SEED_34,0,4,position paper,0.08548426810230766,8
N8P61,SEED_75,1,2,position paper,0.004317454748062883,8
N8P61,SEED_45,1,2,position paper,0.04818303463809887,8
N8P61,SEED_106,1,2,position paper,0.0396656199956952,8
N8P12,SEED_7,0,1,position paper,0.021341441722662596,8
N8P12,SEED_30,1,1,position paper,0.045065154448624835,8
N8P6,SEED_85,1,1,position paper,0.06585964077621878,8
N8P6,SEED_108,1,1,position paper,0.11699373395608792,8
N8P15,SEED_43,0,3,position paper,0.05652341745969014,8
N8P15,SEED_16,0,3,position paper,0.06580490852851562,8
N8P15,SEED_19,0,3,position paper,0.04109700523383222,8
N8P15,SEED_90,0,3,position paper,0.10168314958353901,8
N8P49,SEED_12,1,5,literature review,0.06332329199540948,8
N8P49,SEED_65,1,5,literature review,0.09967558011174742,8
N8P49,SEED_105,0,5,literature review,0.024092964382771427,8
N8P49,SEED_62,1,5,literature review,0.04784216452869475,8
N8P49,SEED_69,1,5,literature review,0.01686621307186654,8
N8P49,SEED_108,1,5,literature review,0.11699373395608792,8
N8P2,SEED_60,0,1,position paper,0.03900336059186124,8
N8P2,SEED_22,1,1,position paper,0.05799342396218755,8
N8P40,SEED_12,1,1,literature review,0.06332329199540948,8
N8P40,SEED_77,1,1,literature review,0.09597717740914226,8
N8P28,SEED_98,1,1,literature review,0.011894667691759708,8
N8P28,SEED_59,1,1,literature review,0.03537515898047227,8
N8P37,SEED_104,1,1,position paper,0.027022006506890947,8
N8P37,SEED_27,1,1,position paper,0.1928425224241903,8
N8P8,SEED_28,0,3,position paper,0.03690431206766,8
N8P8,SEED_79,0,3,position paper,0.1318500750967745,8
N8P8,SEED_60,0,3,position paper,0.03900336059186124,8
N8P8,SEED_34,0,3,position paper,0.08548426810230766,8
N8P94,SEED_19,1,2,position paper,0.04109700523383222,8
N8P94,SEED_2,0,2,position paper,0.12297460110382108,8
N8P94,SEED_41,0,2,position paper,0.06663729499428636,8
N8P117,SEED_94,1,3,literature review,0.1502174121454999,8
N8P117,SEED_4,0,3,literature review,0.10778007277480268,8
N8P117,SEED_63,0,3,literature review,0.04603307219547203,8
N8P117,SEED_82,1,3,literature review,0.031946399533903824,8
N8P85,SEED_107,1,0,literature review,0.042538122034430435,8
N8P95,SEED_50,0,1,position paper,0.07323859452802539,8
N8P95,SEED_22,1,1,position paper,0.05799342396218755,8
N8P18,SEED_4,1,4,position paper,0.10778007277480268,8
N8P18,SEED_19,1,4,position paper,0.04109700523383222,8
N8P18,SEED_115,0,4,position paper,0.02209761458825523,8
N8P18,SEED_111,1,4,position paper,0.04969971145347565,8
N8P18,SEED_40,0,4,position paper,0.03616922310850126,8
N8P21,SEED_33,1,1,literature review,0.03666889624528128,8
N8P21,SEED_2,0,1,literature review,0.12297460110382108,8
N8P66,SEED_115,0,3,position paper,0.02209761458825523,8
N8P66,SEED_77,0,3,position paper,0.09597717740914226,8
N8P66,SEED_22,0,3,position paper,0.05799342396218755,8
N8P66,SEED_58,0,3,position paper,0.04043276523483182,8
N8P57,SEED_33,1,3,position paper,0.03666889624528128,8
N8P57,SEED_117,0,3,position paper,0.058265813707136085,8
N8P57,SEED_47,1,3,position paper,0.11197067729022589,8
N8P57,SEED_58,1,3,position paper,0.04043276523483182,8
N8P63,SEED_59,0,0,position paper,0.03537515898047227,8
N8P44,SEED_67,1,1,literature review,0.05032975495304677,8
N8P44,SEED_34,1,1,literature review,0.08548426810230766,8
N8P42,SEED_2,0,1,literature review,0.12297460110382108,8
N8P42,SEED_34,0,1,literature review,0.08548426810230766,8
N8P116,SEED_3,1,1,position paper,0.06798054115184436,8
N8P116,SEED_53,1,1,position paper,0.08163751252417001,8
N8P51,SEED_95,1,4,position paper,0.18268931412556882,8
N8P51,SEED_117,0,4,position paper,0.058265813707136085,8
N8P51,SEED_60,1,4,position paper,0.03900336059186124,8
N8P51,SEED_119,1,4,position paper,0.07263413180061329,8
N8P51,SEED_111,1,4,position paper,0.04969971145347565,8
N8P76,SEED_24,0,1,position paper,0.06525103738400904,8
N8P76,SEED_37,0,1,position paper,0.0916688018924311,8
N8P10,SEED_78,0,2,position paper,0.0228613868635909,8
N8P10,SEED_97,0,2,position paper,0.03609440995756307,8
N8P10,SEED_2,0,2,position paper,0.12297460110382108,8
N8P74,SEED_31,1,0,literature review,0.033526494815073346,8
N8P107,SEED_31,0,2,position paper,0.033526494815073346,8
N8P107,SEED_28,1,2,position paper,0.03690431206766,8
N8P107,SEED_58,1,2,position paper,0.04043276523483182,8
N8P43,SEED_45,0,5,literature review,0.04818303463809887,8
N8P43,SEED_50,1,5,literature review,0.07323859452802539,8
N8P43,SEED_62,1,5,literature review,0.04784216452869475,8
N8P43,SEED_10,1,5,literature review,0.2599772228262205,8
N8P43,SEED_52,0,5,literature review,0.0773265984984997,8
N8P43,SEED_49,0,5,literature review,0.032768873721272004,8
N8P86,SEED_92,1,4,literature review,0.05106624582263099,8
N8P86,SEED_95,1,4,literature review,0.18268931412556882,8
N8P86,SEED_2,0,4,literature review,0.12297460110382108,8
N8P86,SEED_66,1,4,literature review,0.009691035124209286,8
N8P86,SEED_118,1,4,literature review,0.03264322768755141,8
N8P19,SEED_104,1,1,position paper,0.027022006506890947,8
N8P19,SEED_11,1,1,position paper,0.06461885091273475,8
N8P88,SEED_64,0,1,position paper,0.07877200791990707,8
N8P88,SEED_88,1,1,position paper,0.0751324199578783,8
N8P70,SEED_99,1,0,position paper,0.058671135460116444,8
N8P91,SEED_89,1,3,position paper,0.013011664337656105,8
N8P91,SEED_7,0,3,position paper,0.021341441722662596,8
N8P91,SEED_62,1,3,position paper,0.04784216452869475,8
N8P91,SEED_82,1,3,position paper,0.031946399533903824,8
N8P3,SEED_42,1,1,position paper,0.051653349129091995,8
N8P3,SEED_26,1,1,position paper,0.07104261452564097,8
N8P98,SEED_110,1,1,position paper,0.08655273033551042,8
N8P98,SEED_28,1,1,position paper,0.03690431206766,8
N8P20,SEED_101,0,0,literature review,0.023490079101840138,8
N8P38,SEED_5,0,2,position paper,0.04891575446422762,8
N8P38,SEED_34,0,2,position paper,0.08548426810230766,8
N8P38,SEED_96,0,2,position paper,0.10358875368385743,8
N8P71,SEED_26,1,5,position paper,0.07104261452564097,8
N8P71,SEED_98,0,5,position paper,0.011894667691759708,8
N8P71,SEED_94,1,5,position paper,0.1502174121454999,8
N8P71,SEED_53,1,5,position paper,0.08163751252417001,8
N8P71,SEED_91,0,5,position paper,0.037739388173408044,8
N8P71,SEED_27,1,5,position paper,0.1928425224241903,8
N8P56,SEED_88,1,1,literature review,0.0751324199578783,8
N8P56,SEED_8,1,1,literature review,0.06872182608709806,8
N8P73,SEED_98,1,5,literature review,0.011894667691759708,8
N8P73,SEED_63,1,5,literature review,0.04603307219547203,8
N8P73,SEED_115,0,5,literature review,0.02209761458825523,8
N8P73,SEED_52,0,5,literature review,0.0773265984984997,8
N8P73,SEED_49,0,5,literature review,0.032768873721272004,8
N8P73,SEED_18,1,5,literature review,0.07930603337696131,8
N8P104,SEED_96,1,1,literature review,0.10358875368385743,8
N8P104,SEED_13,0,1,literature review,0.030904771618012833,8
N8P45,SEED_10,1,0,literature review,0.2599772228262205,8
N8P79,SEED_114,0,5,literature review,0.05371749025215298,8
N8P79,SEED_75,1,5,literature review,0.004317454748062883,8
N8P79,SEED_98,1,5,literature review,0.011894667691759708,8
N8P79,SEED_31,1,5,literature review,0.033526494815073346,8
N8P79,SEED_36,0,5,literature review,0.13828262665054547,8
N8P79,SEED_90,1,5,literature review,0.10168314958353901,8
N8P93,SEED_28,1,0,position paper,0.03690431206766,8
N8P36,SEED_62,1,1,literature review,0.04784216452869475,8
N8P36,SEED_54,0,1,literature review,0.0252978715058926,8
N8P1,SEED_73,1,2,position paper,0.09938073079147507,8
N8P1,SEED_7,0,2,position paper,0.021341441722662596,8
N8P1,SEED_82,1,2,position paper,0.031946399533903824,8
N8P22,SEED_92,1,2,position paper,0.05106624582263099,8
N8P22,SEED_107,0,2,position paper,0.042538122034430435,8
N8P22,SEED_36,1,2,position paper,0.13828262665054547,8
N8P118,SEED_28,1,4,position paper,0.03690431206766,8
N8P118,SEED_32,1,4,position paper,0.09735164776405995,8
N8P118,SEED_30,1,4,position paper,0.045065154448624835,8
N8P118,SEED_115,1,4,position paper,0.02209761458825523,8
N8P118,SEED_69,1,4,position paper,0.01686621307186654,8
N8P25,SEED_22,1,1,position paper,0.05799342396218755,8
N8P25,SEED_34,1,1,position paper,0.08548426810230766,8
N8P65,SEED_50,0,1,position paper,0.07323859452802539,8
N8P65,SEED_90,1,1,position paper,0.10168314958353901,8
N8P62,SEED_29,0,2,literature review,0.07042009300336129,8
N8P62,SEED_72,0,2,literature review,0.07981472218677699,8
N8P62,SEED_66,0,2,literature review,0.009691035124209286,8
N8P89,SEED_61,1,4,literature review,0.059968033729275456,8
N8P89,SEED_75,1,4,literature review,0.004317454748062883,8
N8P89,SEED_39,0,4,literature review,0.03555690750708022,8
N8P89,SEED_86,1,4,literature review,0.07467253707820579,8
N8P89,SEED_56,1,4,literature review,0.021739942781307576,8
N8P11,SEED_33,1,6,literature review,0.03666889624528128,8
N8P11,SEED_100,0,6,literature review,0.022251536993773687,8
N8P11,SEED_98,1,6,literature review,0.011894667691759708,8
N8P11,SEED_4,0,6,literature review,0.10778007277480268,8
N8P11,SEED_93,0,6,literature review,0.06110953885154956,8
N8P11,SEED_112,0,6,literature review,0.04763731112793226,8
N8P11,SEED_74,1,6,literature review,0.045788952881914514,8
N8P105,SEED_87,1,3,literature review,0.14276304721670452,8
N8P105,SEED_91,0,3,literature review,0.037739388173408044,8
N8P105,SEED_49,1,3,literature review,0.032768873721272004,8
N8P105,SEED_13,1,3,literature review,0.030904771618012833,8
N8P83,SEED_0,1,0,literature review,0.03419115971424214,8
N8P111,SEED_1,1,2,position paper,0.13141875515524984,8
N8P111,SEED_46,0,2,position paper,0.027379269989798654,8
N8P111,SEED_40,1,2,position paper,0.03616922310850126,8
N8P67,SEED_12,0,1,position paper,0.06332329199540948,8
N8P67,SEED_6,1,1,position paper,0.03894507193462498,8
N8P23,SEED_87,0,4,position paper,0.14276304721670452,8
N8P23,SEED_82,1,4,position paper,0.031946399533903824,8
N8P23,SEED_47,1,4,position paper,0.11197067729022589,8
N8P23,SEED_49,0,4,position paper,0.032768873721272004,8
N8P23,SEED_46,1,4,position paper,0.027379269989798654,8
N8P55,SEED_29,0,4,position paper,0.07042009300336129,8
N8P55,SEED_2,0,4,position paper,0.12297460110382108,8
N8P55,SEED_82,1,4,position paper,0.031946399533903824,8
N8P55,SEED_112,1,4,position paper,0.04763731112793226,8
N8P55,SEED_111,0,4,position paper,0.04969971145347565,8
N8P109,SEED_83,0,5,literature review,0.052741438587646794,8
N8P109,SEED_9,1,5,literature review,0.05790057358028041,8
N8P109,SEED_7,0,5,literature review,0.021341441722662596,8
N8P109,SEED_60,1,5,literature review,0.03900336059186124,8
N8P109,SEED_35,0,5,literature review,0.053243975534267386,8
N8P109,SEED_1,1,5,literature review,0.13141875515524984,8
N8P114,SEED_50,0,4,literature review,0.07323859452802539,8
N8P114,SEED_102,0,4,literature review,0.05485994308932408,8
N8P114,SEED_36,1,4,literature review,0.13828262665054547,8
N8P114,SEED_13,0,4,literature review,0.030904771618012833,8
N8P114,SEED_56,0,4,literature review,0.021739942781307576,8
N8P112,SEED_78,1,3,literature review,0.0228613868635909,8
N8P112,SEED_103,1,3,literature review,0.1317058804580309,8
N8P112,SEED_2,0,3,literature review,0.12297460110382108,8
N8P112,SEED_40,0,3,literature review,0.03616922310850126,8
N8P13,SEED_51,1,2,literature review,0.09567458183955731,8
N8P13,SEED_60,1,2,literature review,0.03900336059186124,8
N8P13,SEED_35,1,2,literature review,0.053243975534267386,8
N8P31,SEED_35,0,0,position paper,0.053243975534267386,8
N8P69,SEED_95,1,3,literature review,0.18268931412556882,8
N8P69,SEED_102,0,3,literature review,0.05485994308932408,8
N8P69,SEED_47,1,3,literature review,0.11197067729022589,8
N8P69,SEED_118,1,3,literature review,0.03264322768755141,8
N8P16,SEED_44,1,1,position paper,0.037266295783348585,8
N8P16,SEED_74,1,1,position paper,0.045788952881914514,8
N8P26,SEED_62,1,0,literature review,0.04784216452869475,8
N8P103,SEED_65,1,5,literature review,0.09967558011174742,8
N8P103,SEED_59,1,5,literature review,0.03537515898047227,8
N8P103,SEED_103,1,5,literature review,0.1317058804580309,8
N8P103,SEED_117,0,5,literature review,0.058265813707136085,8
N8P103,SEED_104,1,5,literature review,0.027022006506890947,8
N8P103,SEED_77,1,5,literature review,0.09597717740914226,8
N8P33,SEED_83,1,3,literature review,0.052741438587646794,8
N8P33,SEED_10,0,3,literature review,0.2599772228262205,8
N8P33,SEED_23,1,3,literature review,0.24419454417762076,8
N8P33,SEED_46,0,3,literature review,0.027379269989798654,8
N8P17,SEED_114,1,5,literature review,0.05371749025215298,8
N8P17,SEED_67,1,5,literature review,0.05032975495304677,8
N8P17,SEED_31,1,5,literature review,0.033526494815073346,8
N8P17,SEED_5,0,5,literature review,0.04891575446422762,8
N8P17,SEED_27,1,5,literature review,0.1928425224241903,8
N8P17,SEED_118,0,5,literature review,0.03264322768755141,8
N8P82,SEED_48,1,3,literature review,0.029185376778173528,8
N8P82,SEED_93,0,3,literature review,0.06110953885154956,8
N8P82,SEED_20,1,3,literature review,0.029535688085893946,8
N8P82,SEED_13,1,3,literature review,0.030904771618012833,8
N8P77,SEED_114,0,0,position paper,0.05371749025215298,8
N8P32,SEED_75,1,4,position paper,0.004317454748062883,8
N8P32,SEED_79,0,4,position paper,0.1318500750967745,8
N8P32,SEED_85,0,4,position paper,0.06585964077621878,8
N8P32,SEED_11,1,4,position paper,0.06461885091273475,8
N8P32,SEED_55,1,4,position paper,0.09584107046851154,8
N8P96,SEED_3,1,2,position paper,0.06798054115184436,8
N8P96,SEED_103,1,2,position paper,0.1317058804580309,8
N8P96,SEED_116,0,2,position paper,0.15216520399588473,8
N8P50,SEED_71,0,3,literature review,0.01920486060179593,8
N8P50,SEED_28,1,3,literature review,0.03690431206766,8
N8P50,SEED_44,1,3,literature review,0.037266295783348585,8
N8P50,SEED_18,1,3,literature review,0.07930603337696131,8
N8P46,SEED_88,1,2,literature review,0.0751324199578783,8
N8P46,SEED_101,0,2,literature review,0.023490079101840138,8
N8P46,SEED_23,1,2,literature review,0.24419454417762076,8
N8P14,SEED_84,0,1,literature review,0.07184420324302587,8
N8P14,SEED_96,0,1,literature review,0.10358875368385743,8
N8P4,SEED_23,1,1,literature review,0.24419454417762076,8
N8P4,SEED_66,1,1,literature review,0.009691035124209286,8
N8P80,SEED_98,1,2,position paper,0.011894667691759708,8
N8P80,SEED_50,0,2,position paper,0.07323859452802539,8
N8P80,SEED_2,0,2,position paper,0.12297460110382108,8
N8P102,SEED_78,0,0,literature review,0.0228613868635909,8
N8P41,SEED_33,1,4,position paper,0.03666889624528128,8
N8P41,SEED_101,1,4,position paper,0.023490079101840138,8
N8P41,SEED_30,0,4,position paper,0.045065154448624835,8
N8P41,SEED_17,0,4,position paper,0.029211956325465183,8
N8P41,SEED_104,1,4,position paper,0.027022006506890947,8
N8P53,SEED_85,0,3,literature review,0.06585964077621878,8
N8P53,SEED_60,1,3,literature review,0.03900336059186124,8
N8P53,SEED_55,1,3,literature review,0.09584107046851154,8
N8P53,SEED_96,1,3,literature review,0.10358875368385743,8
N8P87,SEED_114,0,4,literature review,0.05371749025215298,8
N8P87,SEED_97,0,4,literature review,0.03609440995756307,8
N8P87,SEED_59,1,4,literature review,0.03537515898047227,8
N8P87,SEED_8,0,4,literature review,0.06872182608709806,8
N8P87,SEED_112,0,4,literature review,0.04763731112793226,8
N8P72,SEED_24,0,1,position paper,0.06525103738400904,8
N8P72,SEED_103,1,1,position paper,0.1317058804580309,8
N8P30,SEED_78,0,4,literature review,0.0228613868635909,8
N8P30,SEED_115,0,4,literature review,0.02209761458825523,8
N8P30,SEED_77,0,4,literature review,0.09597717740914226,8
N8P30,SEED_86,0,4,literature review,0.07467253707820579,8
N8P30,SEED_40,0,4,literature review,0.03616922310850126,8
N8P81,SEED_42,1,3,literature review,0.051653349129091995,8
N8P81,SEED_85,0,3,literature review,0.06585964077621878,8
N8P81,SEED_34,1,3,literature review,0.08548426810230766,8
N8P81,SEED_86,0,3,literature review,0.07467253707820579,8
N8P54,SEED_81,1,3,position paper,0.035788322601505926,8
N8P54,SEED_93,0,3,position paper,0.06110953885154956,8
N8P54,SEED_37,1,3,position paper,0.0916688018924311,8
N8P54,SEED_54,0,3,position paper,0.0252978715058926,8
N8P113,SEED_92,0,4,position paper,0.05106624582263099,8
N8P113,SEED_107,1,4,position paper,0.042538122034430435,8
N8P113,SEED_82,1,4,position paper,0.031946399533903824,8
N8P113,SEED_93,1,4,position paper,0.06110953885154956,8
N8P113,SEED_119,1,4,position paper,0.07263413180061329,8
N8P60,SEED_40,0,2,literature review,0.03616922310850126,8
N8P60,SEED_73,1,2,literature review,0.09938073079147507,8
N8P60,SEED_74,1,2,literature review,0.045788952881914514,8
N8P58,SEED_6,1,1,literature review,0.03894507193462498,8
N8P58,SEED_1,0,1,literature review,0.13141875515524984,8
N8P5,SEED_83,1,3,literature review,0.052741438587646794,8
N8P5,SEED_94,1,3,literature review,0.1502174121454999,8
N8P5,SEED_71,0,3,literature review,0.01920486060179593,8
N8P5,SEED_32,1,3,literature review,0.09735164776405995,8
N8P106,SEED_40,0,5,position paper,0.03616922310850126,8
N8P106,SEED_27,1,5,position paper,0.1928425224241903,8
N8P106,SEED_82,1,5,position paper,0.031946399533903824,8
N8P106,SEED_1,1,5,position paper,0.13141875515524984,8
N8P106,SEED_34,0,5,position paper,0.08548426810230766,8
N8P106,SEED_18,0,5,position paper,0.07930603337696131,8
N8P29,SEED_105,1,1,position paper,0.024092964382771427,8
N8P29,SEED_77,1,1,position paper,0.09597717740914226,8
N8P64,SEED_75,1,2,literature review,0.004317454748062883,8
N8P64,SEED_81,1,2,literature review,0.035788322601505926,8
N8P64,SEED_6,1,2,literature review,0.03894507193462498,8
N8P78,SEED_15,0,3,position paper,0.12583525799894296,8
N8P78,SEED_24,1,3,position paper,0.06525103738400904,8
N8P78,SEED_69,0,3,position paper,0.01686621307186654,8
N8P78,SEED_8,0,3,position paper,0.06872182608709806,8
N8P110,SEED_42,1,5,position paper,0.051653349129091995,8
N8P110,SEED_28,1,5,position paper,0.03690431206766,8
N8P110,SEED_39,0,5,position paper,0.03555690750708022,8
N8P110,SEED_38,0,5,position paper,0.061179792753602406,8
N8P110,SEED_53,1,5,position paper,0.08163751252417001,8
N8P110,SEED_13,1,5,position paper,0.030904771618012833,8
N8P47,SEED_83,0,3,position paper,0.052741438587646794,8
N8P47,SEED_113,0,3,position paper,0.03869600182636786,8
N8P47,SEED_102,0,3,position paper,0.05485994308932408,8
N8P47,SEED_76,0,3,position paper,0.02911097510188564,8
N8P34,SEED_22,1,2,literature review,0.05799342396218755,8
N8P34,SEED_35,1,2,literature review,0.053243975534267386,8
N8P34,SEED_96,1,2,literature review,0.10358875368385743,8
N8P115,SEED_43,1,4,literature review,0.05652341745969014,8
N8P115,SEED_12,1,4,literature review,0.06332329199540948,8
N8P115,SEED_2,0,4,literature review,0.12297460110382108,8
N8P115,SEED_77,1,4,literature review,0.09597717740914226,8
N8P115,SEED_25,1,4,literature review,0.03134650983079614,8
N8P108,SEED_92,1,4,literature review,0.05106624582263099,8
N8P108,SEED_66,1,4,literature review,0.009691035124209286,8
N8P108,SEED_41,0,4,literature review,0.06663729499428636,8
N8P108,SEED_96,0,4,literature review,0.10358875368385743,8
N8P108,SEED_118,1,4,literature review,0.03264322768755141,8
N8P99,SEED_64,1,0,position paper,0.07877200791990707,8
N8P27,SEED_51,1,5,position paper,0.09567458183955731,8
N8P27,SEED_19,0,5,position paper,0.04109700523383222,8
N8P27,SEED_36,1,5,position paper,0.13828262665054547,8
N8P27,SEED_93,1,5,position paper,0.06110953885154956,8
N8P27,SEED_66,1,5,position paper,0.009691035124209286,8
N8P27,SEED_58,0,5,position paper,0.04043276523483182,8
N8P68,SEED_12,0,1,literature review,0.06332329199540948,8
N8P68,SEED_46,1,1,literature review,0.027379269989798654,8
N8P9,SEED_33,1,1,literature review,0.03666889624528128,8
N8P9,SEED_52,0,1,literature review,0.0773265984984997,8
N8P84,SEED_15,1,1,literature review,0.12583525799894296,8
N8P84,SEED_108,1,1,literature review,0.11699373395608792,8
N8P119,SEED_42,1,3,literature review,0.051653349129091995,8
N8P119,SEED_83,1,3,literature review,0.052741438587646794,8
N8P119,SEED_5,0,3,literature review,0.04891575446422762,8
N8P119,SEED_23,1,3,literature review,0.24419454417762076,8
N8P75,SEED_69,1,2,literature review,0.01686621307186654,8
N8P75,SEED_35,0,2,literature review,0.053243975534267386,8
N8P75,SEED_34,0,2,literature review,0.08548426810230766,8
N8P52,SEED_78,1,2,literature review,0.0228613868635909,8
N8P52,SEED_71,0,2,literature review,0.01920486060179593,8
N8P52,SEED_60,0,2,literature review,0.03900336059186124,8
N8P7,SEED_83,0,4,literature review,0.052741438587646794,8
N8P7,SEED_47,1,4,literature review,0.11197067729022589,8
N8P7,SEED_14,1,4,literature review,0.029758165991292006,8
N8P7,SEED_119,0,4,literature review,0.07263413180061329,8
N8P7,SEED_86,0,4,literature review,0.07467253707820579,8
N8P35,SEED_82,0,2,literature review,0.031946399533903824,8
N8P35,SEED_90,0,2,literature review,0.10168314958353901,8
N8P35,SEED_34,0,2,literature review,0.08548426810230766,8
N9P8,SEED_78,0,3,position paper,0.0228613868635909,9
N9P8,SEED_26,0,3,position paper,0.07104261452564097,9
N9P8,SEED_117,0,3,position paper,0.058265813707136085,9
N9P8,SEED_63,0,3,position paper,0.04603307219547203,9
N9P70,SEED_92,0,2,position paper,0.05106624582263099,9
N9P70,SEED_105,0,2,position paper,0.024092964382771427,9
N9P70,SEED_25,0,2,position paper,0.03134650983079614,9
N9P87,SEED_28,0,1,position paper,0.03690431206766,9
N9P87,SEED_111,0,1,position paper,0.04969971145347565,9
N9P2,SEED_94,1,1,literature review,0.1502174121454999,9
N9P2,SEED_46,1,1,literature review,0.027379269989798654,9
N9P107,SEED_79,0,1,position paper,0.1318500750967745,9
N9P107,SEED_95,0,1,position paper,0.18268931412556882,9
N9P80,SEED_95,1,3,position paper,0.18268931412556882,9
N9P80,SEED_103,1,3,position paper,0.1317058804580309,9
N9P80,SEED_116,0,3,position paper,0.15216520399588473,9
N9P80,SEED_60,0,3,position paper,0.03900336059186124,9
N9P55,SEED_62,1,3,literature review,0.04784216452869475,9
N9P55,SEED_63,0,3,literature review,0.04603307219547203,9
N9P55,SEED_20,1,3,literature review,0.029535688085893946,9
N9P55,SEED_80,1,3,literature review,0.05412529367962349,9
N9P58,SEED_7,1,1,literature review,0.021341441722662596,9
N9P58,SEED_76,0,1,literature review,0.02911097510188564,9
N9P92,SEED_50,0,2,literature review,0.07323859452802539,9
N9P92,SEED_65,1,2,literature review,0.09967558011174742,9
N9P92,SEED_25,1,2,literature review,0.03134650983079614,9
N9P102,SEED_11,1,1,position paper,0.06461885091273475,9
N9P102,SEED_55,1,1,position paper,0.09584107046851154,9
N9P83,SEED_79,0,2,position paper,0.1318500750967745,9
N9P83,SEED_105,0,2,position paper,0.024092964382771427,9
N9P83,SEED_39,1,2,position paper,0.03555690750708022,9
N9P97,SEED_50,0,2,position paper,0.07323859452802539,9
N9P97,SEED_116,0,2,position paper,0.15216520399588473,9
N9P97,SEED_60,0,2,position paper,0.03900336059186124,9
N9P88,SEED_69,1,1,position paper,0.01686621307186654,9
N9P88,SEED_111,1,1,position paper,0.04969971145347565,9
N9P119,SEED_58,1,0,literature review,0.04043276523483182,9
N9P40,SEED_100,0,2,literature review,0.022251536993773687,9
N9P40,SEED_113,0,2,literature review,0.03869600182636786,9
N9P40,SEED_109,1,2,literature review,0.08741121552597077,9
N9P64,SEED_106,1,3,position paper,0.0396656199956952,9
N9P64,SEED_63,1,3,position paper,0.04603307219547203,9
N9P64,SEED_108,1,3,position paper,0.11699373395608792,9
N9P64,SEED_76,0,3,position paper,0.02911097510188564,9
N9P50,SEED_87,1,2,position paper,0.14276304721670452,9
N9P50,SEED_70,1,2,position paper,0.08172477101102746,9
N9P50,SEED_74,0,2,position paper,0.045788952881914514,9
N9P101,SEED_57,1,6,literature review,0.03673991558283747,9
N9P101,SEED_100,0,6,literature review,0.022251536993773687,9
N9P101,SEED_50,0,6,literature review,0.07323859452802539,9
N9P101,SEED_62,1,6,literature review,0.04784216452869475,9
N9P101,SEED_19,1,6,literature review,0.04109700523383222,9
N9P101,SEED_119,1,6,literature review,0.07263413180061329,9
N9P101,SEED_20,1,6,literature review,0.029535688085893946,9
N9P78,SEED_63,1,2,literature review,0.04603307219547203,9
N9P78,SEED_55,1,2,literature review,0.09584107046851154,9
N9P78,SEED_108,1,2,literature review,0.11699373395608792,9
N9P90,SEED_67,0,3,literature review,0.05032975495304677,9
N9P90,SEED_25,1,3,literature review,0.03134650983079614,9
N9P90,SEED_52,0,3,literature review,0.0773265984984997,9
N9P90,SEED_55,1,3,literature review,0.09584107046851154,9
N9P98,SEED_67,1,3,position paper,0.05032975495304677,9
N9P98,SEED_113,0,3,position paper,0.03869600182636786,9
N9P98,SEED_58,1,3,position paper,0.04043276523483182,9
N9P98,SEED_76,0,3,position paper,0.02911097510188564,9
N9P45,SEED_98,1,1,position paper,0.011894667691759708,9
N9P45,SEED_102,0,1,position paper,0.05485994308932408,9
N9P118,SEED_94,1,0,position paper,0.1502174121454999,9
N9P71,SEED_87,1,3,position paper,0.14276304721670452,9
N9P71,SEED_21,1,3,position paper,0.04332717025608329,9
N9P71,SEED_8,0,3,position paper,0.06872182608709806,9
N9P71,SEED_1,0,3,position paper,0.13141875515524984,9
N9P7,SEED_100,0,2,literature review,0.022251536993773687,9
N9P7,SEED_24,1,2,literature review,0.06525103738400904,9
N9P7,SEED_81,1,2,literature review,0.035788322601505926,9
N9P109,SEED_33,1,3,literature review,0.03666889624528128,9
N9P109,SEED_6,1,3,literature review,0.03894507193462498,9
N9P109,SEED_93,0,3,literature review,0.06110953885154956,9
N9P109,SEED_80,1,3,literature review,0.05412529367962349,9
N9P16,SEED_42,1,2,literature review,0.051653349129091995,9
N9P16,SEED_40,0,2,literature review,0.03616922310850126,9
N9P16,SEED_14,1,2,literature review,0.029758165991292006,9
N9P81,SEED_92,0,2,position paper,0.05106624582263099,9
N9P81,SEED_109,0,2,position paper,0.08741121552597077,9
N9P81,SEED_66,1,2,position paper,0.009691035124209286,9
N9P72,SEED_87,1,2,literature review,0.14276304721670452,9
N9P72,SEED_95,1,2,literature review,0.18268931412556882,9
N9P72,SEED_77,1,2,literature review,0.09597717740914226,9
N9P51,SEED_17,1,1,position paper,0.029211956325465183,9
N9P51,SEED_93,1,1,position paper,0.06110953885154956,9
N9P6,SEED_24,1,3,position paper,0.06525103738400904,9
N9P6,SEED_44,1,3,position paper,0.037266295783348585,9
N9P6,SEED_72,0,3,position paper,0.07981472218677699,9
N9P6,SEED_37,1,3,position paper,0.0916688018924311,9
N9P15,SEED_77,0,0,position paper,0.09597717740914226,9
N9P27,SEED_64,1,7,position paper,0.07877200791990707,9
N9P27,SEED_117,0,7,position paper,0.058265813707136085,9
N9P27,SEED_104,1,7,position paper,0.027022006506890947,9
N9P27,SEED_11,1,7,position paper,0.06461885091273475,9
N9P27,SEED_91,0,7,position paper,0.037739388173408044,9
N9P27,SEED_108,1,7,position paper,0.11699373395608792,9
N9P27,SEED_74,1,7,position paper,0.045788952881914514,9
N9P27,SEED_40,0,7,position paper,0.03616922310850126,9
N9P112,SEED_33,1,4,position paper,0.03666889624528128,9
N9P112,SEED_117,0,4,position paper,0.058265813707136085,9
N9P112,SEED_58,1,4,position paper,0.04043276523483182,9
N9P112,SEED_20,1,4,position paper,0.029535688085893946,9
N9P112,SEED_56,0,4,position paper,0.021739942781307576,9
N9P93,SEED_24,1,2,position paper,0.06525103738400904,9
N9P93,SEED_113,0,2,position paper,0.03869600182636786,9
N9P93,SEED_34,0,2,position paper,0.08548426810230766,9
N9P66,SEED_7,0,3,position paper,0.021341441722662596,9
N9P66,SEED_2,0,3,position paper,0.12297460110382108,9
N9P66,SEED_20,1,3,position paper,0.029535688085893946,9
N9P66,SEED_46,1,3,position paper,0.027379269989798654,9
N9P57,SEED_67,1,2,literature review,0.05032975495304677,9
N9P57,SEED_17,1,2,literature review,0.029211956325465183,9
N9P57,SEED_63,1,2,literature review,0.04603307219547203,9
N9P21,SEED_119,0,1,literature review,0.07263413180061329,9
N9P21,SEED_96,0,1,literature review,0.10358875368385743,9
N9P104,SEED_71,0,8,literature review,0.01920486060179593,9
N9P104,SEED_59,0,8,literature review,0.03537515898047227,9
N9P104,SEED_85,1,8,literature review,0.06585964077621878,9
N9P104,SEED_69,1,8,literature review,0.01686621307186654,9
N9P104,SEED_93,0,8,literature review,0.06110953885154956,9
N9P104,SEED_8,0,8,literature review,0.06872182608709806,9
N9P104,SEED_91,0,8,literature review,0.037739388173408044,9
N9P104,SEED_112,0,8,literature review,0.04763731112793226,9
N9P104,SEED_46,1,8,literature review,0.027379269989798654,9
N9P108,SEED_16,0,0,position paper,0.06580490852851562,9
N9P56,SEED_26,1,3,position paper,0.07104261452564097,9
N9P56,SEED_28,0,3,position paper,0.03690431206766,9
N9P56,SEED_99,1,3,position paper,0.058671135460116444,9
N9P56,SEED_36,1,3,position paper,0.13828262665054547,9
N9P47,SEED_28,1,3,position paper,0.03690431206766,9
N9P47,SEED_32,1,3,position paper,0.09735164776405995,9
N9P47,SEED_103,1,3,position paper,0.1317058804580309,9
N9P47,SEED_96,0,3,position paper,0.10358875368385743,9
N9P103,SEED_0,1,1,literature review,0.03419115971424214,9
N9P103,SEED_74,1,1,literature review,0.045788952881914514,9
N9P99,SEED_47,1,2,position paper,0.11197067729022589,9
N9P99,SEED_25,1,2,position paper,0.03134650983079614,9
N9P99,SEED_55,1,2,position paper,0.09584107046851154,9
N9P35,SEED_57,1,3,position paper,0.03673991558283747,9
N9P35,SEED_68,1,3,position paper,0.022306762819201194,9
N9P35,SEED_77,0,3,position paper,0.09597717740914226,9
N9P35,SEED_40,0,3,position paper,0.03616922310850126,9
N9P105,SEED_106,1,1,position paper,0.0396656199956952,9
N9P105,SEED_60,0,1,position paper,0.03900336059186124,9
N9P61,SEED_31,0,0,position paper,0.033526494815073346,9
N9P69,SEED_39,1,2,literature review,0.03555690750708022,9
N9P69,SEED_2,0,2,literature review,0.12297460110382108,9
N9P69,SEED_115,1,2,literature review,0.02209761458825523,9
N9P14,SEED_101,1,1,literature review,0.023490079101840138,9
N9P14,SEED_115,1,1,literature review,0.02209761458825523,9
N9P73,SEED_45,1,3,position paper,0.04818303463809887,9
N9P73,SEED_72,0,3,position paper,0.07981472218677699,9
N9P73,SEED_22,1,3,position paper,0.05799342396218755,9
N9P73,SEED_84,0,3,position paper,0.07184420324302587,9
N9P3,SEED_53,1,0,literature review,0.08163751252417001,9
N9P110,SEED_43,0,3,literature review,0.05652341745969014,9
N9P110,SEED_48,1,3,literature review,0.029185376778173528,9
N9P110,SEED_71,0,3,literature review,0.01920486060179593,9
N9P110,SEED_20,1,3,literature review,0.029535688085893946,9
N9P63,SEED_113,1,2,position paper,0.03869600182636786,9
N9P63,SEED_23,1,2,position paper,0.24419454417762076,9
N9P63,SEED_14,1,2,position paper,0.029758165991292006,9
N9P114,SEED_117,0,4,literature review,0.058265813707136085,9
N9P114,SEED_2,0,4,literature review,0.12297460110382108,9
N9P114,SEED_8,0,4,literature review,0.06872182608709806,9
N9P114,SEED_86,1,4,literature review,0.07467253707820579,9
N9P114,SEED_54,0,4,literature review,0.0252978715058926,9
N9P5,SEED_71,0,2,literature review,0.01920486060179593,9
N9P5,SEED_2,0,2,literature review,0.12297460110382108,9
N9P5,SEED_54,0,2,literature review,0.0252978715058926,9
N9P82,SEED_71,0,0,literature review,0.01920486060179593,9
N9P94,SEED_107,1,4,literature review,0.042538122034430435,9
N9P94,SEED_16,0,4,literature review,0.06580490852851562,9
N9P94,SEED_36,1,4,literature review,0.13828262665054547,9
N9P94,SEED_111,0,4,literature review,0.04969971145347565,9
N9P94,SEED_96,1,4,literature review,0.10358875368385743,9
N9P46,SEED_32,1,0,position paper,0.09735164776405995,9
N9P31,SEED_10,1,2,literature review,0.2599772228262205,9
N9P31,SEED_66,1,2,literature review,0.009691035124209286,9
N9P31,SEED_6,1,2,literature review,0.03894507193462498,9
N9P52,SEED_31,0,1,position paper,0.033526494815073346,9
N9P52,SEED_52,0,1,position paper,0.0773265984984997,9
N9P95,SEED_39,1,2,position paper,0.03555690750708022,9
N9P95,SEED_21,1,2,position paper,0.04332717025608329,9
N9P95,SEED_52,0,2,position paper,0.0773265984984997,9
N9P100,SEED_51,1,4,literature review,0.09567458183955731,9
N9P100,SEED_85,1,4,literature review,0.06585964077621878,9
N9P100,SEED_115,0,4,literature review,0.02209761458825523,9
N9P100,SEED_108,1,4,literature review,0.11699373395608792,9
N9P100,SEED_58,1,4,literature review,0.04043276523483182,9
N9P0,SEED_83,1,3,literature review,0.052741438587646794,9
N9P0,SEED_98,1,3,literature review,0.011894667691759708,9
N9P0,SEED_59,0,3,literature review,0.03537515898047227,9
N9P0,SEED_5,0,3,literature review,0.04891575446422762,9
N9P22,SEED_48,1,3,position paper,0.029185376778173528,9
N9P22,SEED_32,1,3,position paper,0.09735164776405995,9
N9P22,SEED_77,1,3,position paper,0.09597717740914226,9
N9P22,SEED_108,1,3,position paper,0.11699373395608792,9
N9P91,SEED_42,1,2,literature review,0.051653349129091995,9
N9P91,SEED_92,0,2,literature review,0.05106624582263099,9
N9P91,SEED_11,1,2,literature review,0.06461885091273475,9
N9P9,SEED_97,0,3,literature review,0.03609440995756307,9
N9P9,SEED_71,0,3,literature review,0.01920486060179593,9
N9P9,SEED_106,0,3,literature review,0.0396656199956952,9
N9P9,SEED_76,0,3,literature review,0.02911097510188564,9
N9P30,SEED_107,0,5,position paper,0.042538122034430435,9
N9P30,SEED_62,1,5,position paper,0.04784216452869475,9
N9P30,SEED_117,0,5,position paper,0.058265813707136085,9
N9P30,SEED_99,1,5,position paper,0.058671135460116444,9
N9P30,SEED_115,1,5,position paper,0.02209761458825523,9
N9P30,SEED_8,0,5,position paper,0.06872182608709806,9
N9P19,SEED_81,1,1,position paper,0.035788322601505926,9
N9P19,SEED_80,0,1,position paper,0.05412529367962349,9
N9P106,SEED_28,0,7,position paper,0.03690431206766,9
N9P106,SEED_81,0,7,position paper,0.035788322601505926,9
N9P106,SEED_62,0,7,position paper,0.04784216452869475,9
N9P106,SEED_60,0,7,position paper,0.03900336059186124,9
N9P106,SEED_10,1,7,position paper,0.2599772228262205,9
N9P106,SEED_96,0,7,position paper,0.10358875368385743,9
N9P106,SEED_54,0,7,position paper,0.0252978715058926,9
N9P106,SEED_118,1,7,position paper,0.03264322768755141,9
N9P34,SEED_12,0,0,position paper,0.06332329199540948,9
N9P76,SEED_64,0,3,position paper,0.07877200791990707,9
N9P76,SEED_106,1,3,position paper,0.0396656199956952,9
N9P76,SEED_47,1,3,position paper,0.11197067729022589,9
N9P76,SEED_77,1,3,position paper,0.09597717740914226,9
N9P4,SEED_12,0,1,position paper,0.06332329199540948,9
N9P4,SEED_77,1,1,position paper,0.09597717740914226,9
N9P115,SEED_33,1,2,literature review,0.03666889624528128,9
N9P115,SEED_15,1,2,literature review,0.12583525799894296,9
N9P115,SEED_22,1,2,literature review,0.05799342396218755,9
N9P49,SEED_61,1,3,literature review,0.059968033729275456,9
N9P49,SEED_59,0,3,literature review,0.03537515898047227,9
N9P49,SEED_66,0,3,literature review,0.009691035124209286,9
N9P49,SEED_20,1,3,literature review,0.029535688085893946,9
N9P33,SEED_92,1,4,position paper,0.05106624582263099,9
N9P33,SEED_116,1,4,position paper,0.15216520399588473,9
N9P33,SEED_5,0,4,position paper,0.04891575446422762,9
N9P33,SEED_104,1,4,position paper,0.027022006506890947,9
N9P33,SEED_91,0,4,position paper,0.037739388173408044,9
N9P53,SEED_81,1,0,position paper,0.035788322601505926,9
N9P38,SEED_114,1,2,literature review,0.05371749025215298,9
N9P38,SEED_0,1,2,literature review,0.03419115971424214,9
N9P38,SEED_93,0,2,literature review,0.06110953885154956,9
N9P10,SEED_3,1,2,literature review,0.06798054115184436,9
N9P10,SEED_71,1,2,literature review,0.01920486060179593,9
N9P10,SEED_86,1,2,literature review,0.07467253707820579,9
N9P86,SEED_88,1,2,position paper,0.0751324199578783,9
N9P86,SEED_94,1,2,position paper,0.1502174121454999,9
N9P86,SEED_36,1,2,position paper,0.13828262665054547,9
N9P75,SEED_57,1,3,position paper,0.03673991558283747,9
N9P75,SEED_89,0,3,position paper,0.013011664337656105,9
N9P75,SEED_48,1,3,position paper,0.029185376778173528,9
N9P75,SEED_30,0,3,position paper,0.045065154448624835,9
N9P54,SEED_110,0,3,literature review,0.08655273033551042,9
N9P54,SEED_78,1,3,literature review,0.0228613868635909,9
N9P54,SEED_105,1,3,literature review,0.024092964382771427,9
N9P54,SEED_103,1,3,literature review,0.1317058804580309,9
N9P13,SEED_103,1,2,position paper,0.1317058804580309,9
N9P13,SEED_63,1,2,position paper,0.04603307219547203,9
N9P13,SEED_18,1,2,position paper,0.07930603337696131,9
N9P113,SEED_65,1,1,literature review,0.09967558011174742,9
N9P113,SEED_35,0,1,literature review,0.053243975534267386,9
N9P68,SEED_100,0,5,literature review,0.022251536993773687,9
N9P68,SEED_24,1,5,literature review,0.06525103738400904,9
N9P68,SEED_2,0,5,literature review,0.12297460110382108,9
N9P68,SEED_10,1,5,literature review,0.2599772228262205,9
N9P68,SEED_22,1,5,literature review,0.05799342396218755,9
N9P68,SEED_93,0,5,literature review,0.06110953885154956,9
N9P32,SEED_33,1,6,position paper,0.03666889624528128,9
N9P32,SEED_48,1,6,position paper,0.029185376778173528,9
N9P32,SEED_106,0,6,position paper,0.0396656199956952,9
N9P32,SEED_65,1,6,position paper,0.09967558011174742,9
N9P32,SEED_104,0,6,position paper,0.027022006506890947,9
N9P32,SEED_18,0,6,position paper,0.07930603337696131,9
N9P32,SEED_40,0,6,position paper,0.03616922310850126,9
N9P111,SEED_50,0,2,literature review,0.07323859452802539,9
N9P111,SEED_8,1,2,literature review,0.06872182608709806,9
N9P111,SEED_37,1,2,literature review,0.0916688018924311,9
N9P67,SEED_42,1,4,literature review,0.051653349129091995,9
N9P67,SEED_59,1,4,literature review,0.03537515898047227,9
N9P67,SEED_62,1,4,literature review,0.04784216452869475,9
N9P67,SEED_29,0,4,literature review,0.07042009300336129,9
N9P67,SEED_47,1,4,literature review,0.11197067729022589,9
N9P25,SEED_45,1,1,literature review,0.04818303463809887,9
N9P25,SEED_10,1,1,literature review,0.2599772228262205,9
N9P84,SEED_33,1,3,literature review,0.03666889624528128,9
N9P84,SEED_5,1,3,literature review,0.04891575446422762,9
N9P84,SEED_77,1,3,literature review,0.09597717740914226,9
N9P84,SEED_13,1,3,literature review,0.030904771618012833,9
N9P37,SEED_101,1,1,position paper,0.023490079101840138,9
N9P37,SEED_39,1,1,position paper,0.03555690750708022,9
N9P89,SEED_3,1,1,literature review,0.06798054115184436,9
N9P89,SEED_31,1,1,literature review,0.033526494815073346,9
N9P85,SEED_42,1,2,literature review,0.051653349129091995,9
N9P85,SEED_61,1,2,literature review,0.059968033729275456,9
N9P85,SEED_19,1,2,literature review,0.04109700523383222,9
N9P18,SEED_48,1,5,position paper,0.029185376778173528,9
N9P18,SEED_30,1,5,position paper,0.045065154448624835,9
N9P18,SEED_14,1,5,position paper,0.029758165991292006,9
N9P18,SEED_77,1,5,position paper,0.09597717740914226,9
N9P18,SEED_37,1,5,position paper,0.0916688018924311,9
N9P18,SEED_80,0,5,position paper,0.05412529367962349,9
N9P17,SEED_64,0,2,literature review,0.07877200791990707,9
N9P17,SEED_26,0,2,literature review,0.07104261452564097,9
N9P17,SEED_74,0,2,literature review,0.045788952881914514,9
N9P77,SEED_92,0,3,position paper,0.05106624582263099,9
N9P77,SEED_83,1,3,position paper,0.052741438587646794,9
N9P77,SEED_30,1,3,position paper,0.045065154448624835,9
N9P77,SEED_34,0,3,position paper,0.08548426810230766,9
N9P48,SEED_33,1,5,literature review,0.03666889624528128,9
N9P48,SEED_61,1,5,literature review,0.059968033729275456,9
N9P48,SEED_3,1,5,literature review,0.06798054115184436,9
N9P48,SEED_24,1,5,literature review,0.06525103738400904,9
N9P48,SEED_70,1,5,literature review,0.08172477101102746,9
N9P48,SEED_60,0,5,literature review,0.03900336059186124,9
N9P79,SEED_94,1,3,literature review,0.1502174121454999,9
N9P79,SEED_117,0,3,literature review,0.058265813707136085,9
N9P79,SEED_23,1,3,literature review,0.24419454417762076,9
N9P79,SEED_86,0,3,literature review,0.07467253707820579,9
N9P117,SEED_22,0,0,position paper,0.05799342396218755,9
N9P26,SEED_107,0,1,literature review,0.042538122034430435,9
N9P26,SEED_35,0,1,literature review,0.053243975534267386,9
N9P39,SEED_3,1,0,literature review,0.06798054115184436,9
N9P29,SEED_4,1,2,position paper,0.10778007277480268,9
N9P29,SEED_55,1,2,position paper,0.09584107046851154,9
N9P29,SEED_58,1,2,position paper,0.04043276523483182,9
N9P44,SEED_98,1,5,literature review,0.011894667691759708,9
N9P44,SEED_94,1,5,literature review,0.1502174121454999,9
N9P44,SEED_51,1,5,literature review,0.09567458183955731,9
N9P44,SEED_5,0,5,literature review,0.04891575446422762,9
N9P44,SEED_22,1,5,literature review,0.05799342396218755,9
N9P44,SEED_96,1,5,literature review,0.10358875368385743,9
N9P65,SEED_38,0,4,position paper,0.061179792753602406,9
N9P65,SEED_21,0,4,position paper,0.04332717025608329,9
N9P65,SEED_74,1,4,position paper,0.045788952881914514,9
N9P65,SEED_96,1,4,position paper,0.10358875368385743,9
N9P65,SEED_27,1,4,position paper,0.1928425224241903,9
N9P42,SEED_33,1,4,position paper,0.03666889624528128,9
N9P42,SEED_73,1,4,position paper,0.09938073079147507,9
N9P42,SEED_29,0,4,position paper,0.07042009300336129,9
N9P42,SEED_54,0,4,position paper,0.0252978715058926,9
N9P42,SEED_66,1,4,position paper,0.009691035124209286,9
N9P41,SEED_53,1,1,position paper,0.08163751252417001,9
N9P41,SEED_54,0,1,position paper,0.0252978715058926,9
N9P36,SEED_114,0,1,literature review,0.05371749025215298,9
N9P36,SEED_4,0,1,literature review,0.10778007277480268,9
N9P1,SEED_38,1,2,literature review,0.061179792753602406,9
N9P1,SEED_19,1,2,literature review,0.04109700523383222,9
N9P1,SEED_14,1,2,literature review,0.029758165991292006,9
N9P43,SEED_75,1,2,position paper,0.004317454748062883,9
N9P43,SEED_60,1,2,position paper,0.03900336059186124,9
N9P43,SEED_41,0,2,position paper,0.06663729499428636,9
N9P28,SEED_63,1,2,position paper,0.04603307219547203,9
N9P28,SEED_82,1,2,position paper,0.031946399533903824,9
N9P28,SEED_58,1,2,position paper,0.04043276523483182,9
N9P20,SEED_68,1,2,literature review,0.022306762819201194,9
N9P20,SEED_36,1,2,literature review,0.13828262665054547,9
N9P20,SEED_27,1,2,literature review,0.1928425224241903,9
N9P96,SEED_15,1,2,literature review,0.12583525799894296,9
N9P96,SEED_99,1,2,literature review,0.058671135460116444,9
N9P96,SEED_52,0,2,literature review,0.0773265984984997,9
N9P24,SEED_94,1,0,position paper,0.1502174121454999,9
N9P62,SEED_73,1,3,literature review,0.09938073079147507,9
N9P62,SEED_106,1,3,literature review,0.0396656199956952,9
N9P62,SEED_47,1,3,literature review,0.11197067729022589,9
N9P62,SEED_35,0,3,literature review,0.053243975534267386,9
N9P59,SEED_73,1,3,literature review,0.09938073079147507,9
N9P59,SEED_70,1,3,literature review,0.08172477101102746,9
N9P59,SEED_82,0,3,literature review,0.031946399533903824,9
N9P59,SEED_47,1,3,literature review,0.11197067729022589,9
N9P60,SEED_77,1,0,literature review,0.09597717740914226,9
N9P11,SEED_32,1,5,literature review,0.09735164776405995,9
N9P11,SEED_66,1,5,literature review,0.009691035124209286,9
N9P11,SEED_8,0,5,literature review,0.06872182608709806,9
N9P11,SEED_20,1,5,literature review,0.029535688085893946,9
N9P11,SEED_74,0,5,literature review,0.045788952881914514,9
N9P11,SEED_118,1,5,literature review,0.03264322768755141,9
N9P74,SEED_83,0,4,literature review,0.052741438587646794,9
N9P74,SEED_100,0,4,literature review,0.022251536993773687,9
N9P74,SEED_28,1,4,literature review,0.03690431206766,9
N9P74,SEED_65,1,4,literature review,0.09967558011174742,9
N9P74,SEED_96,1,4,literature review,0.10358875368385743,9
N9P12,SEED_110,0,3,literature review,0.08655273033551042,9
N9P12,SEED_32,1,3,literature review,0.09735164776405995,9
N9P12,SEED_102,0,3,literature review,0.05485994308932408,9
N9P12,SEED_30,1,3,literature review,0.045065154448624835,9
N9P23,SEED_57,1,1,position paper,0.03673991558283747,9
N9P23,SEED_24,1,1,position paper,0.06525103738400904,9
N10P84,SEED_85,1,3,literature review,0.06585964077621878,10
N10P84,SEED_4,1,3,literature review,0.10778007277480268,10
N10P84,SEED_70,1,3,literature review,0.08172477101102746,10
N10P84,SEED_11,1,3,literature review,0.06461885091273475,10
N10P4,SEED_51,1,1,position paper,0.09567458183955731,10
N10P4,SEED_17,1,1,position paper,0.029211956325465183,10
N10P86,SEED_30,1,1,position paper,0.045065154448624835,10
N10P86,SEED_68,0,1,position paper,0.022306762819201194,10
N10P40,SEED_75,1,1,position paper,0.004317454748062883,10
N10P40,SEED_68,0,1,position paper,0.022306762819201194,10
N10P0,SEED_89,0,1,position paper,0.013011664337656105,10
N10P0,SEED_54,0,1,position paper,0.0252978715058926,10
N10P30,SEED_95,1,1,position paper,0.18268931412556882,10
N10P30,SEED_90,0,1,position paper,0.10168314958353901,10
N10P106,SEED_98,1,3,position paper,0.011894667691759708,10
N10P106,SEED_17,1,3,position paper,0.029211956325465183,10
N10P106,SEED_23,1,3,position paper,0.24419454417762076,10
N10P106,SEED_52,0,3,position paper,0.0773265984984997,10
N10P58,SEED_32,1,2,literature review,0.09735164776405995,10
N10P58,SEED_6,1,2,literature review,0.03894507193462498,10
N10P58,SEED_55,1,2,literature review,0.09584107046851154,10
N10P82,SEED_103,1,2,position paper,0.1317058804580309,10
N10P82,SEED_44,1,2,position paper,0.037266295783348585,10
N10P82,SEED_86,0,2,position paper,0.07467253707820579,10
N10P83,SEED_100,0,1,position paper,0.022251536993773687,10
N10P83,SEED_71,0,1,position paper,0.01920486060179593,10
N10P56,SEED_89,0,2,position paper,0.013011664337656105,10
N10P56,SEED_52,1,2,position paper,0.0773265984984997,10
N10P56,SEED_41,0,2,position paper,0.06663729499428636,10
N10P92,SEED_88,1,6,position paper,0.0751324199578783,10
N10P92,SEED_68,0,6,position paper,0.022306762819201194,10
N10P92,SEED_5,0,6,position paper,0.04891575446422762,10
N10P92,SEED_23,1,6,position paper,0.24419454417762076,10
N10P92,SEED_1,1,6,position paper,0.13141875515524984,10
N10P92,SEED_96,0,6,position paper,0.10358875368385743,10
N10P92,SEED_56,0,6,position paper,0.021739942781307576,10
N10P67,SEED_57,1,2,position paper,0.03673991558283747,10
N10P67,SEED_81,1,2,position paper,0.035788322601505926,10
N10P67,SEED_54,0,2,position paper,0.0252978715058926,10
N10P81,SEED_30,1,0,position paper,0.045065154448624835,10
N10P61,SEED_64,0,4,position paper,0.07877200791990707,10
N10P61,SEED_48,1,4,position paper,0.029185376778173528,10
N10P61,SEED_117,0,4,position paper,0.058265813707136085,10
N10P61,SEED_36,1,4,position paper,0.13828262665054547,10
N10P61,SEED_118,1,4,position paper,0.03264322768755141,10
N10P115,SEED_53,1,0,literature review,0.08163751252417001,10
N10P97,SEED_33,1,2,literature review,0.03666889624528128,10
N10P97,SEED_24,1,2,literature review,0.06525103738400904,10
N10P97,SEED_30,1,2,literature review,0.045065154448624835,10
N10P48,SEED_99,1,1,position paper,0.058671135460116444,10
N10P48,SEED_40,1,1,position paper,0.03616922310850126,10
N10P33,SEED_19,1,1,literature review,0.04109700523383222,10
N10P33,SEED_104,1,1,literature review,0.027022006506890947,10
N10P12,SEED_16,0,4,position paper,0.06580490852851562,10
N10P12,SEED_4,0,4,position paper,0.10778007277480268,10
N10P12,SEED_68,0,4,position paper,0.022306762819201194,10
N10P12,SEED_37,0,4,position paper,0.0916688018924311,10
N10P12,SEED_54,0,4,position paper,0.0252978715058926,10
N10P75,SEED_11,1,0,literature review,0.06461885091273475,10
N10P91,SEED_43,0,3,position paper,0.05652341745969014,10
N10P91,SEED_110,0,3,position paper,0.08655273033551042,10
N10P91,SEED_79,0,3,position paper,0.1318500750967745,10
N10P91,SEED_10,0,3,position paper,0.2599772228262205,10
N10P9,SEED_78,0,2,position paper,0.0228613868635909,10
N10P9,SEED_117,0,2,position paper,0.058265813707136085,10
N10P9,SEED_63,0,2,position paper,0.04603307219547203,10
N10P95,SEED_110,1,1,literature review,0.08655273033551042,10
N10P95,SEED_84,1,1,literature review,0.07184420324302587,10
N10P47,SEED_48,1,1,literature review,0.029185376778173528,10
N10P47,SEED_51,1,1,literature review,0.09567458183955731,10
N10P54,SEED_106,1,2,literature review,0.0396656199956952,10
N10P54,SEED_37,1,2,literature review,0.0916688018924311,10
N10P54,SEED_86,0,2,literature review,0.07467253707820579,10
N10P102,SEED_88,1,1,position paper,0.0751324199578783,10
N10P102,SEED_103,1,1,position paper,0.1317058804580309,10
N10P42,SEED_92,1,1,position paper,0.05106624582263099,10
N10P42,SEED_111,1,1,position paper,0.04969971145347565,10
N10P79,SEED_61,1,4,position paper,0.059968033729275456,10
N10P79,SEED_95,1,4,position paper,0.18268931412556882,10
N10P79,SEED_81,1,4,position paper,0.035788322601505926,10
N10P79,SEED_90,1,4,position paper,0.10168314958353901,10
N10P79,SEED_86,0,4,position paper,0.07467253707820579,10
N10P118,SEED_78,1,2,position paper,0.0228613868635909,10
N10P118,SEED_53,1,2,position paper,0.08163751252417001,10
N10P118,SEED_34,0,2,position paper,0.08548426810230766,10
N10P116,SEED_16,0,3,literature review,0.06580490852851562,10
N10P116,SEED_97,1,3,literature review,0.03609440995756307,10
N10P116,SEED_47,1,3,literature review,0.11197067729022589,10
N10P116,SEED_25,1,3,literature review,0.03134650983079614,10
N10P31,SEED_56,1,0,literature review,0.021739942781307576,10
N10P114,SEED_72,1,0,literature review,0.07981472218677699,10
N10P45,SEED_7,1,0,literature review,0.021341441722662596,10
N10P69,SEED_101,0,2,literature review,0.023490079101840138,10
N10P69,SEED_73,0,2,literature review,0.09938073079147507,10
N10P69,SEED_109,0,2,literature review,0.08741121552597077,10
N10P32,SEED_7,1,0,literature review,0.021341441722662596,10
N10P104,SEED_39,0,1,position paper,0.03555690750708022,10
N10P104,SEED_86,0,1,position paper,0.07467253707820579,10
N10P64,SEED_110,0,5,position paper,0.08655273033551042,10
N10P64,SEED_107,1,5,position paper,0.042538122034430435,10
N10P64,SEED_106,0,5,position paper,0.0396656199956952,10
N10P64,SEED_62,1,5,position paper,0.04784216452869475,10
N10P64,SEED_104,1,5,position paper,0.027022006506890947,10
N10P64,SEED_115,0,5,position paper,0.02209761458825523,10
N10P1,SEED_21,1,0,position paper,0.04332717025608329,10
N10P63,SEED_103,1,4,position paper,0.1317058804580309,10
N10P63,SEED_19,0,4,position paper,0.04109700523383222,10
N10P63,SEED_47,1,4,position paper,0.11197067729022589,10
N10P63,SEED_91,0,4,position paper,0.037739388173408044,10
N10P63,SEED_55,1,4,position paper,0.09584107046851154,10
N10P65,SEED_119,1,0,position paper,0.07263413180061329,10
N10P80,SEED_57,1,2,position paper,0.03673991558283747,10
N10P80,SEED_24,1,2,position paper,0.06525103738400904,10
N10P80,SEED_65,1,2,position paper,0.09967558011174742,10
N10P85,SEED_97,0,3,position paper,0.03609440995756307,10
N10P85,SEED_72,1,3,position paper,0.07981472218677699,10
N10P85,SEED_14,1,3,position paper,0.029758165991292006,10
N10P85,SEED_6,1,3,position paper,0.03894507193462498,10
N10P90,SEED_87,1,1,literature review,0.14276304721670452,10
N10P90,SEED_6,1,1,literature review,0.03894507193462498,10
N10P49,SEED_60,1,1,position paper,0.03900336059186124,10
N10P49,SEED_54,1,1,position paper,0.0252978715058926,10
N10P26,SEED_71,0,4,position paper,0.01920486060179593,10
N10P26,SEED_0,1,4,position paper,0.03419115971424214,10
N10P26,SEED_68,1,4,position paper,0.022306762819201194,10
N10P26,SEED_63,0,4,position paper,0.04603307219547203,10
N10P26,SEED_112,0,4,position paper,0.04763731112793226,10
N10P96,SEED_31,1,4,literature review,0.033526494815073346,10
N10P96,SEED_0,1,4,literature review,0.03419115971424214,10
N10P96,SEED_2,0,4,literature review,0.12297460110382108,10
N10P96,SEED_84,0,4,literature review,0.07184420324302587,10
N10P96,SEED_13,1,4,literature review,0.030904771618012833,10
N10P57,SEED_15,1,2,literature review,0.12583525799894296,10
N10P57,SEED_115,0,2,literature review,0.02209761458825523,10
N10P57,SEED_90,0,2,literature review,0.10168314958353901,10
N10P22,SEED_15,1,0,literature review,0.12583525799894296,10
N10P60,SEED_57,1,2,literature review,0.03673991558283747,10
N10P60,SEED_30,1,2,literature review,0.045065154448624835,10
N10P60,SEED_82,1,2,literature review,0.031946399533903824,10
N10P62,SEED_3,1,1,position paper,0.06798054115184436,10
N10P62,SEED_93,0,1,position paper,0.06110953885154956,10
N10P66,SEED_11,1,0,literature review,0.06461885091273475,10
N10P112,SEED_89,1,1,literature review,0.013011664337656105,10
N10P112,SEED_82,1,1,literature review,0.031946399533903824,10
N10P6,SEED_0,1,2,literature review,0.03419115971424214,10
N10P6,SEED_47,1,2,literature review,0.11197067729022589,10
N10P6,SEED_119,0,2,literature review,0.07263413180061329,10
N10P100,SEED_42,1,2,position paper,0.051653349129091995,10
N10P100,SEED_78,0,2,position paper,0.0228613868635909,10
N10P100,SEED_84,0,2,position paper,0.07184420324302587,10
N10P41,SEED_78,0,4,position paper,0.0228613868635909,10
N10P41,SEED_100,0,4,position paper,0.022251536993773687,10
N10P41,SEED_8,0,4,position paper,0.06872182608709806,10
N10P41,SEED_90,0,4,position paper,0.10168314958353901,10
N10P41,SEED_86,0,4,position paper,0.07467253707820579,10
N10P101,SEED_83,1,2,literature review,0.052741438587646794,10
N10P101,SEED_106,0,2,literature review,0.0396656199956952,10
N10P101,SEED_37,1,2,literature review,0.0916688018924311,10
N10P73,SEED_95,1,1,literature review,0.18268931412556882,10
N10P73,SEED_27,1,1,literature review,0.1928425224241903,10
N10P55,SEED_71,0,1,literature review,0.01920486060179593,10
N10P55,SEED_27,1,1,literature review,0.1928425224241903,10
N10P23,SEED_9,1,1,literature review,0.05790057358028041,10
N10P23,SEED_112,0,1,literature review,0.04763731112793226,10
N10P34,SEED_11,1,2,literature review,0.06461885091273475,10
N10P34,SEED_20,1,2,literature review,0.029535688085893946,10
N10P34,SEED_46,1,2,literature review,0.027379269989798654,10
N10P24,SEED_92,1,2,position paper,0.05106624582263099,10
N10P24,SEED_107,0,2,position paper,0.042538122034430435,10
N10P24,SEED_7,0,2,position paper,0.021341441722662596,10
N10P71,SEED_39,0,2,position paper,0.03555690750708022,10
N10P71,SEED_70,1,2,position paper,0.08172477101102746,10
N10P71,SEED_36,1,2,position paper,0.13828262665054547,10
N10P19,SEED_39,0,0,position paper,0.03555690750708022,10
N10P111,SEED_101,1,2,literature review,0.023490079101840138,10
N10P111,SEED_113,0,2,literature review,0.03869600182636786,10
N10P111,SEED_54,0,2,literature review,0.0252978715058926,10
N10P37,SEED_75,1,2,position paper,0.004317454748062883,10
N10P37,SEED_59,0,2,position paper,0.03537515898047227,10
N10P37,SEED_85,1,2,position paper,0.06585964077621878,10
N10P72,SEED_42,0,1,literature review,0.051653349129091995,10
N10P72,SEED_56,1,1,literature review,0.021739942781307576,10
N10P99,SEED_26,0,3,literature review,0.07104261452564097,10
N10P99,SEED_9,1,3,literature review,0.05790057358028041,10
N10P99,SEED_14,1,3,literature review,0.029758165991292006,10
N10P99,SEED_108,1,3,literature review,0.11699373395608792,10
N10P68,SEED_31,1,3,position paper,0.033526494815073346,10
N10P68,SEED_106,1,3,position paper,0.0396656199956952,10
N10P68,SEED_103,1,3,position paper,0.1317058804580309,10
N10P68,SEED_37,1,3,position paper,0.0916688018924311,10
N10P70,SEED_28,1,3,position paper,0.03690431206766,10
N10P70,SEED_8,0,3,position paper,0.06872182608709806,10
N10P70,SEED_18,1,3,position paper,0.07930603337696131,10
N10P70,SEED_40,1,3,position paper,0.03616922310850126,10
N10P78,SEED_0,1,5,literature review,0.03419115971424214,10
N10P78,SEED_51,1,5,literature review,0.09567458183955731,10
N10P78,SEED_29,0,5,literature review,0.07042009300336129,10
N10P78,SEED_116,1,5,literature review,0.15216520399588473,10
N10P78,SEED_90,1,5,literature review,0.10168314958353901,10
N10P78,SEED_18,1,5,literature review,0.07930603337696131,10
N10P76,SEED_71,1,2,literature review,0.01920486060179593,10
N10P76,SEED_82,1,2,literature review,0.031946399533903824,10
N10P76,SEED_10,1,2,literature review,0.2599772228262205,10
N10P53,SEED_42,0,4,position paper,0.051653349129091995,10
N10P53,SEED_95,0,4,position paper,0.18268931412556882,10
N10P53,SEED_38,0,4,position paper,0.061179792753602406,10
N10P53,SEED_66,0,4,position paper,0.009691035124209286,10
N10P53,SEED_41,0,4,position paper,0.06663729499428636,10
N10P107,SEED_85,1,3,literature review,0.06585964077621878,10
N10P107,SEED_17,1,3,literature review,0.029211956325465183,10
N10P107,SEED_2,0,3,literature review,0.12297460110382108,10
N10P107,SEED_80,0,3,literature review,0.05412529367962349,10
N10P43,SEED_101,0,5,literature review,0.023490079101840138,10
N10P43,SEED_12,0,5,literature review,0.06332329199540948,10
N10P43,SEED_102,0,5,literature review,0.05485994308932408,10
N10P43,SEED_60,0,5,literature review,0.03900336059186124,10
N10P43,SEED_47,1,5,literature review,0.11197067729022589,10
N10P43,SEED_96,0,5,literature review,0.10358875368385743,10
N10P21,SEED_107,0,2,position paper,0.042538122034430435,10
N10P21,SEED_79,1,2,position paper,0.1318500750967745,10
N10P21,SEED_1,1,2,position paper,0.13141875515524984,10
N10P46,SEED_24,1,3,literature review,0.06525103738400904,10
N10P46,SEED_30,1,3,literature review,0.045065154448624835,10
N10P46,SEED_77,1,3,literature review,0.09597717740914226,10
N10P46,SEED_20,1,3,literature review,0.029535688085893946,10
N10P52,SEED_71,0,3,position paper,0.01920486060179593,10
N10P52,SEED_15,1,3,position paper,0.12583525799894296,10
N10P52,SEED_29,0,3,position paper,0.07042009300336129,10
N10P52,SEED_8,1,3,position paper,0.06872182608709806,10
N10P44,SEED_30,1,0,literature review,0.045065154448624835,10
N10P16,SEED_92,0,6,literature review,0.05106624582263099,10
N10P16,SEED_78,1,6,literature review,0.0228613868635909,10
N10P16,SEED_99,1,6,literature review,0.058671135460116444,10
N10P16,SEED_10,0,6,literature review,0.2599772228262205,10
N10P16,SEED_47,1,6,literature review,0.11197067729022589,10
N10P16,SEED_80,1,6,literature review,0.05412529367962349,10
N10P16,SEED_56,1,6,literature review,0.021739942781307576,10
N10P27,SEED_24,0,1,position paper,0.06525103738400904,10
N10P27,SEED_105,1,1,position paper,0.024092964382771427,10
N10P109,SEED_111,0,0,literature review,0.04969971145347565,10
N10P10,SEED_95,0,1,literature review,0.18268931412556882,10
N10P10,SEED_96,1,1,literature review,0.10358875368385743,10
N10P113,SEED_105,1,2,position paper,0.024092964382771427,10
N10P113,SEED_7,0,2,position paper,0.021341441722662596,10
N10P113,SEED_85,0,2,position paper,0.06585964077621878,10
N10P2,SEED_48,1,4,literature review,0.029185376778173528,10
N10P2,SEED_78,0,4,literature review,0.0228613868635909,10
N10P2,SEED_31,1,4,literature review,0.033526494815073346,10
N10P2,SEED_63,0,4,literature review,0.04603307219547203,10
N10P2,SEED_80,1,4,literature review,0.05412529367962349,10
N10P11,SEED_65,1,2,literature review,0.09967558011174742,10
N10P11,SEED_117,0,2,literature review,0.058265813707136085,10
N10P11,SEED_84,0,2,literature review,0.07184420324302587,10
N10P89,SEED_86,0,0,position paper,0.07467253707820579,10
N10P93,SEED_114,1,2,position paper,0.05371749025215298,10
N10P93,SEED_65,1,2,position paper,0.09967558011174742,10
N10P93,SEED_102,0,2,position paper,0.05485994308932408,10
N10P77,SEED_101,0,2,literature review,0.023490079101840138,10
N10P77,SEED_106,0,2,literature review,0.0396656199956952,10
N10P77,SEED_38,0,2,literature review,0.061179792753602406,10
N10P74,SEED_114,1,4,position paper,0.05371749025215298,10
N10P74,SEED_26,1,4,position paper,0.07104261452564097,10
N10P74,SEED_75,0,4,position paper,0.004317454748062883,10
N10P74,SEED_67,1,4,position paper,0.05032975495304677,10
N10P74,SEED_32,1,4,position paper,0.09735164776405995,10
N10P5,SEED_111,0,0,literature review,0.04969971145347565,10
N10P108,SEED_77,1,2,literature review,0.09597717740914226,10
N10P108,SEED_6,1,2,literature review,0.03894507193462498,10
N10P108,SEED_76,0,2,literature review,0.02911097510188564,10
N10P39,SEED_101,0,1,position paper,0.023490079101840138,10
N10P39,SEED_3,1,1,position paper,0.06798054115184436,10
N10P15,SEED_12,0,2,literature review,0.06332329199540948,10
N10P15,SEED_106,1,2,literature review,0.0396656199956952,10
N10P15,SEED_13,1,2,literature review,0.030904771618012833,10
N10P25,SEED_42,1,2,position paper,0.051653349129091995,10
N10P25,SEED_31,1,2,position paper,0.033526494815073346,10
N10P25,SEED_35,0,2,position paper,0.053243975534267386,10
N10P28,SEED_105,1,0,literature review,0.024092964382771427,10
N10P87,SEED_57,1,3,position paper,0.03673991558283747,10
N10P87,SEED_15,1,3,position paper,0.12583525799894296,10
N10P87,SEED_21,1,3,position paper,0.04332717025608329,10
N10P87,SEED_46,1,3,position paper,0.027379269989798654,10
N10P98,SEED_87,0,3,literature review,0.14276304721670452,10
N10P98,SEED_38,0,3,literature review,0.061179792753602406,10
N10P98,SEED_5,0,3,literature review,0.04891575446422762,10
N10P98,SEED_82,1,3,literature review,0.031946399533903824,10
N10P38,SEED_57,1,6,position paper,0.03673991558283747,10
N10P38,SEED_31,1,6,position paper,0.033526494815073346,10
N10P38,SEED_4,0,6,position paper,0.10778007277480268,10
N10P38,SEED_117,0,6,position paper,0.058265813707136085,10
N10P38,SEED_109,1,6,position paper,0.08741121552597077,10
N10P38,SEED_22,1,6,position paper,0.05799342396218755,10
N10P38,SEED_108,1,6,position paper,0.11699373395608792,10
N10P7,SEED_114,1,3,position paper,0.05371749025215298,10
N10P7,SEED_99,0,3,position paper,0.058671135460116444,10
N10P7,SEED_47,1,3,position paper,0.11197067729022589,10
N10P7,SEED_40,1,3,position paper,0.03616922310850126,10
N10P110,SEED_15,1,3,literature review,0.12583525799894296,10
N10P110,SEED_81,1,3,literature review,0.035788322601505926,10
N10P110,SEED_69,1,3,literature review,0.01686621307186654,10
N10P110,SEED_13,1,3,literature review,0.030904771618012833,10
N10P59,SEED_43,1,3,position paper,0.05652341745969014,10
N10P59,SEED_79,0,3,position paper,0.1318500750967745,10
N10P59,SEED_7,0,3,position paper,0.021341441722662596,10
N10P59,SEED_30,1,3,position paper,0.045065154448624835,10
N10P20,SEED_97,0,4,position paper,0.03609440995756307,10
N10P20,SEED_88,1,4,position paper,0.0751324199578783,10
N10P20,SEED_0,1,4,position paper,0.03419115971424214,10
N10P20,SEED_30,1,4,position paper,0.045065154448624835,10
N10P20,SEED_1,1,4,position paper,0.13141875515524984,10
N10P29,SEED_63,0,2,literature review,0.04603307219547203,10
N10P29,SEED_2,0,2,literature review,0.12297460110382108,10
N10P29,SEED_80,0,2,literature review,0.05412529367962349,10
N10P3,SEED_100,0,2,position paper,0.022251536993773687,10
N10P3,SEED_24,0,2,position paper,0.06525103738400904,10
N10P3,SEED_32,1,2,position paper,0.09735164776405995,10
N10P88,SEED_73,1,1,position paper,0.09938073079147507,10
N10P88,SEED_65,1,1,position paper,0.09967558011174742,10
N10P14,SEED_114,1,2,literature review,0.05371749025215298,10
N10P14,SEED_30,1,2,literature review,0.045065154448624835,10
N10P14,SEED_53,1,2,literature review,0.08163751252417001,10
N10P18,SEED_1,1,1,literature review,0.13141875515524984,10
N10P18,SEED_86,0,1,literature review,0.07467253707820579,10
N10P51,SEED_40,1,0,literature review,0.03616922310850126,10
N10P35,SEED_110,1,3,literature review,0.08655273033551042,10
N10P35,SEED_31,1,3,literature review,0.033526494815073346,10
N10P35,SEED_95,1,3,literature review,0.18268931412556882,10
N10P35,SEED_109,1,3,literature review,0.08741121552597077,10
N10P119,SEED_57,1,2,literature review,0.03673991558283747,10
N10P119,SEED_72,1,2,literature review,0.07981472218677699,10
N10P119,SEED_54,0,2,literature review,0.0252978715058926,10
N10P103,SEED_79,0,2,literature review,0.1318500750967745,10
N10P103,SEED_10,1,2,literature review,0.2599772228262205,10
N10P103,SEED_112,0,2,literature review,0.04763731112793226,10
N10P13,SEED_29,0,1,literature review,0.07042009300336129,10
N10P13,SEED_46,0,1,literature review,0.027379269989798654,10
N11P21,SEED_75,0,2,position paper,0.004317454748062883,11
N11P21,SEED_94,1,2,position paper,0.1502174121454999,11
N11P21,SEED_28,0,2,position paper,0.03690431206766,11
N11P28,SEED_53,1,0,position paper,0.08163751252417001,11
N11P92,SEED_92,0,0,position paper,0.05106624582263099,11
N11P118,SEED_38,0,3,literature review,0.061179792753602406,11
N11P118,SEED_19,1,3,literature review,0.04109700523383222,11
N11P118,SEED_72,1,3,literature review,0.07981472218677699,11
N11P118,SEED_18,1,3,literature review,0.07930603337696131,11
N11P102,SEED_115,0,1,literature review,0.02209761458825523,11
N11P102,SEED_90,1,1,literature review,0.10168314958353901,11
N11P72,SEED_45,0,3,position paper,0.04818303463809887,11
N11P72,SEED_60,0,3,position paper,0.03900336059186124,11
N11P72,SEED_74,1,3,position paper,0.045788952881914514,11
N11P72,SEED_13,1,3,position paper,0.030904771618012833,11
N11P58,SEED_0,1,0,position paper,0.03419115971424214,11
N11P6,SEED_89,1,0,literature review,0.013011664337656105,11
N11P44,SEED_113,0,1,literature review,0.03869600182636786,11
N11P44,SEED_20,1,1,literature review,0.029535688085893946,11
N11P62,SEED_105,1,1,position paper,0.024092964382771427,11
N11P62,SEED_37,0,1,position paper,0.0916688018924311,11
N11P75,SEED_42,0,0,position paper,0.051653349129091995,11
N11P112,SEED_15,1,1,position paper,0.12583525799894296,11
N11P112,SEED_77,1,1,position paper,0.09597717740914226,11
N11P47,SEED_24,1,0,position paper,0.06525103738400904,11
N11P108,SEED_107,1,1,position paper,0.042538122034430435,11
N11P108,SEED_84,1,1,position paper,0.07184420324302587,11
N11P69,SEED_36,1,2,literature review,0.13828262665054547,11
N11P69,SEED_108,1,2,literature review,0.11699373395608792,11
N11P69,SEED_41,0,2,literature review,0.06663729499428636,11
N11P14,SEED_106,1,1,position paper,0.0396656199956952,11
N11P14,SEED_47,1,1,position paper,0.11197067729022589,11
N11P67,SEED_59,0,1,literature review,0.03537515898047227,11
N11P67,SEED_72,0,1,literature review,0.07981472218677699,11
N11P64,SEED_78,1,2,literature review,0.0228613868635909,11
N11P64,SEED_47,1,2,literature review,0.11197067729022589,11
N11P64,SEED_52,0,2,literature review,0.0773265984984997,11
N11P82,SEED_52,0,1,literature review,0.0773265984984997,11
N11P82,SEED_40,0,1,literature review,0.03616922310850126,11
N11P78,SEED_26,0,1,position paper,0.07104261452564097,11
N11P78,SEED_34,0,1,position paper,0.08548426810230766,11
N11P84,SEED_107,1,5,position paper,0.042538122034430435,11
N11P84,SEED_24,1,5,position paper,0.06525103738400904,11
N11P84,SEED_39,1,5,position paper,0.03555690750708022,11
N11P84,SEED_29,0,5,position paper,0.07042009300336129,11
N11P84,SEED_68,1,5,position paper,0.022306762819201194,11
N11P84,SEED_93,1,5,position paper,0.06110953885154956,11
N11P53,SEED_97,0,2,position paper,0.03609440995756307,11
N11P53,SEED_77,1,2,position paper,0.09597717740914226,11
N11P53,SEED_54,0,2,position paper,0.0252978715058926,11
N11P59,SEED_9,1,2,position paper,0.05790057358028041,11
N11P59,SEED_119,0,2,position paper,0.07263413180061329,11
N11P59,SEED_18,0,2,position paper,0.07930603337696131,11
N11P99,SEED_88,1,3,literature review,0.0751324199578783,11
N11P99,SEED_32,1,3,literature review,0.09735164776405995,11
N11P99,SEED_52,0,3,literature review,0.0773265984984997,11
N11P99,SEED_56,0,3,literature review,0.021739942781307576,11
N11P36,SEED_67,1,1,position paper,0.05032975495304677,11
N11P36,SEED_23,1,1,position paper,0.24419454417762076,11
N11P100,SEED_15,0,4,position paper,0.12583525799894296,11
N11P100,SEED_113,1,4,position paper,0.03869600182636786,11
N11P100,SEED_36,0,4,position paper,0.13828262665054547,11
N11P100,SEED_93,1,4,position paper,0.06110953885154956,11
N11P100,SEED_11,1,4,position paper,0.06461885091273475,11
N11P87,SEED_11,1,1,position paper,0.06461885091273475,11
N11P87,SEED_35,0,1,position paper,0.053243975534267386,11
N11P81,SEED_27,1,1,literature review,0.1928425224241903,11
N11P81,SEED_56,0,1,literature review,0.021739942781307576,11
N11P50,SEED_4,0,1,position paper,0.10778007277480268,11
N11P50,SEED_13,1,1,position paper,0.030904771618012833,11
N11P9,SEED_94,1,1,literature review,0.1502174121454999,11
N11P9,SEED_66,1,1,literature review,0.009691035124209286,11
N11P1,SEED_38,1,1,literature review,0.061179792753602406,11
N11P1,SEED_56,1,1,literature review,0.021739942781307576,11
N11P91,SEED_28,1,3,literature review,0.03690431206766,11
N11P91,SEED_7,0,3,literature review,0.021341441722662596,11
N11P91,SEED_69,1,3,literature review,0.01686621307186654,11
N11P91,SEED_91,0,3,literature review,0.037739388173408044,11
N11P54,SEED_100,0,2,position paper,0.022251536993773687,11
N11P54,SEED_50,1,2,position paper,0.07323859452802539,11
N11P54,SEED_119,0,2,position paper,0.07263413180061329,11
N11P117,SEED_43,1,4,position paper,0.05652341745969014,11
N11P117,SEED_94,1,4,position paper,0.1502174121454999,11
N11P117,SEED_14,1,4,position paper,0.029758165991292006,11
N11P117,SEED_66,0,4,position paper,0.009691035124209286,11
N11P117,SEED_8,1,4,position paper,0.06872182608709806,11
N11P42,SEED_32,1,1,position paper,0.09735164776405995,11
N11P42,SEED_25,0,1,position paper,0.03134650983079614,11
N11P51,SEED_62,1,0,literature review,0.04784216452869475,11
N11P41,SEED_100,1,2,literature review,0.022251536993773687,11
N11P41,SEED_94,1,2,literature review,0.1502174121454999,11
N11P41,SEED_86,1,2,literature review,0.07467253707820579,11
N11P86,SEED_33,1,1,position paper,0.03666889624528128,11
N11P86,SEED_9,0,1,position paper,0.05790057358028041,11
N11P111,SEED_47,1,1,position paper,0.11197067729022589,11
N11P111,SEED_54,0,1,position paper,0.0252978715058926,11
N11P110,SEED_92,0,2,position paper,0.05106624582263099,11
N11P110,SEED_12,0,2,position paper,0.06332329199540948,11
N11P110,SEED_84,0,2,position paper,0.07184420324302587,11
N11P38,SEED_81,1,1,position paper,0.035788322601505926,11
N11P38,SEED_46,1,1,position paper,0.027379269989798654,11
N11P8,SEED_98,1,1,position paper,0.011894667691759708,11
N11P8,SEED_5,0,1,position paper,0.04891575446422762,11
N11P25,SEED_75,1,1,position paper,0.004317454748062883,11
N11P25,SEED_118,1,1,position paper,0.03264322768755141,11
N11P103,SEED_95,1,3,position paper,0.18268931412556882,11
N11P103,SEED_68,1,3,position paper,0.022306762819201194,11
N11P103,SEED_109,1,3,position paper,0.08741121552597077,11
N11P103,SEED_108,1,3,position paper,0.11699373395608792,11
N11P71,SEED_88,1,0,position paper,0.0751324199578783,11
N11P3,SEED_57,1,5,position paper,0.03673991558283747,11
N11P3,SEED_92,0,5,position paper,0.05106624582263099,11
N11P3,SEED_83,0,5,position paper,0.052741438587646794,11
N11P3,SEED_95,1,5,position paper,0.18268931412556882,11
N11P3,SEED_44,1,5,position paper,0.037266295783348585,11
N11P3,SEED_66,1,5,position paper,0.009691035124209286,11
N11P43,SEED_68,1,1,position paper,0.022306762819201194,11
N11P43,SEED_21,1,1,position paper,0.04332717025608329,11
N11P89,SEED_42,1,2,literature review,0.051653349129091995,11
N11P89,SEED_22,1,2,literature review,0.05799342396218755,11
N11P89,SEED_74,1,2,literature review,0.045788952881914514,11
N11P35,SEED_4,1,0,position paper,0.10778007277480268,11
N11P113,SEED_20,1,2,literature review,0.029535688085893946,11
N11P113,SEED_80,0,2,literature review,0.05412529367962349,11
N11P113,SEED_46,1,2,literature review,0.027379269989798654,11
N11P12,SEED_50,1,1,literature review,0.07323859452802539,11
N11P12,SEED_28,1,1,literature review,0.03690431206766,11
N11P5,SEED_70,1,2,literature review,0.08172477101102746,11
N11P5,SEED_54,0,2,literature review,0.0252978715058926,11
N11P5,SEED_96,0,2,literature review,0.10358875368385743,11
N11P109,SEED_97,0,1,literature review,0.03609440995756307,11
N11P109,SEED_19,1,1,literature review,0.04109700523383222,11
N11P39,SEED_37,1,0,position paper,0.0916688018924311,11
N11P104,SEED_114,1,2,literature review,0.05371749025215298,11
N11P104,SEED_14,1,2,literature review,0.029758165991292006,11
N11P104,SEED_52,1,2,literature review,0.0773265984984997,11
N11P56,SEED_97,0,3,literature review,0.03609440995756307,11
N11P56,SEED_15,1,3,literature review,0.12583525799894296,11
N11P56,SEED_30,0,3,literature review,0.045065154448624835,11
N11P56,SEED_104,1,3,literature review,0.027022006506890947,11
N11P19,SEED_100,0,2,position paper,0.022251536993773687,11
N11P19,SEED_102,0,2,position paper,0.05485994308932408,11
N11P19,SEED_91,0,2,position paper,0.037739388173408044,11
N11P18,SEED_43,0,2,position paper,0.05652341745969014,11
N11P18,SEED_11,1,2,position paper,0.06461885091273475,11
N11P18,SEED_90,1,2,position paper,0.10168314958353901,11
N11P115,SEED_24,0,4,position paper,0.06525103738400904,11
N11P115,SEED_17,1,4,position paper,0.029211956325465183,11
N11P115,SEED_70,0,4,position paper,0.08172477101102746,11
N11P115,SEED_93,0,4,position paper,0.06110953885154956,11
N11P115,SEED_37,1,4,position paper,0.0916688018924311,11
N11P10,SEED_71,0,1,literature review,0.01920486060179593,11
N11P10,SEED_62,1,1,literature review,0.04784216452869475,11
N11P16,SEED_64,1,2,position paper,0.07877200791990707,11
N11P16,SEED_12,0,2,position paper,0.06332329199540948,11
N11P16,SEED_35,1,2,position paper,0.053243975534267386,11
N11P94,SEED_33,1,1,position paper,0.03666889624528128,11
N11P94,SEED_62,1,1,position paper,0.04784216452869475,11
N11P66,SEED_51,0,2,literature review,0.09567458183955731,11
N11P66,SEED_54,0,2,literature review,0.0252978715058926,11
N11P66,SEED_34,0,2,literature review,0.08548426810230766,11
N11P95,SEED_79,0,2,position paper,0.1318500750967745,11
N11P95,SEED_113,0,2,position paper,0.03869600182636786,11
N11P95,SEED_41,0,2,position paper,0.06663729499428636,11
N11P57,SEED_43,1,1,position paper,0.05652341745969014,11
N11P57,SEED_32,1,1,position paper,0.09735164776405995,11
N11P96,SEED_101,0,2,position paper,0.023490079101840138,11
N11P96,SEED_79,0,2,position paper,0.1318500750967745,11
N11P96,SEED_44,1,2,position paper,0.037266295783348585,11
N11P37,SEED_64,1,2,literature review,0.07877200791990707,11
N11P37,SEED_26,1,2,literature review,0.07104261452564097,11
N11P37,SEED_34,0,2,literature review,0.08548426810230766,11
N11P93,SEED_64,0,1,position paper,0.07877200791990707,11
N11P93,SEED_18,0,1,position paper,0.07930603337696131,11
N11P74,SEED_95,1,2,literature review,0.18268931412556882,11
N11P74,SEED_38,1,2,literature review,0.061179792753602406,11
N11P74,SEED_41,0,2,literature review,0.06663729499428636,11
N11P49,SEED_22,1,2,literature review,0.05799342396218755,11
N11P49,SEED_55,1,2,literature review,0.09584107046851154,11
N11P49,SEED_90,0,2,literature review,0.10168314958353901,11
N11P31,SEED_43,0,0,literature review,0.05652341745969014,11
N11P106,SEED_45,0,1,position paper,0.04818303463809887,11
N11P106,SEED_106,1,1,position paper,0.0396656199956952,11
N11P40,SEED_67,0,4,position paper,0.05032975495304677,11
N11P40,SEED_51,1,4,position paper,0.09567458183955731,11
N11P40,SEED_5,0,4,position paper,0.04891575446422762,11
N11P40,SEED_37,1,4,position paper,0.0916688018924311,11
N11P40,SEED_56,0,4,position paper,0.021739942781307576,11
N11P0,SEED_59,1,2,literature review,0.03537515898047227,11
N11P0,SEED_117,0,2,literature review,0.058265813707136085,11
N11P0,SEED_23,1,2,literature review,0.24419454417762076,11
N11P97,SEED_98,1,0,position paper,0.011894667691759708,11
N11P52,SEED_83,0,2,position paper,0.052741438587646794,11
N11P52,SEED_46,1,2,position paper,0.027379269989798654,11
N11P52,SEED_27,1,2,position paper,0.1928425224241903,11
N11P63,SEED_48,1,2,position paper,0.029185376778173528,11
N11P63,SEED_71,0,2,position paper,0.01920486060179593,11
N11P63,SEED_35,1,2,position paper,0.053243975534267386,11
N11P65,SEED_43,1,2,literature review,0.05652341745969014,11
N11P65,SEED_31,1,2,literature review,0.033526494815073346,11
N11P65,SEED_80,1,2,literature review,0.05412529367962349,11
N11P27,SEED_88,1,0,literature review,0.0751324199578783,11
N11P45,SEED_18,1,0,literature review,0.07930603337696131,11
N11P79,SEED_111,0,2,position paper,0.04969971145347565,11
N11P79,SEED_27,1,2,position paper,0.1928425224241903,11
N11P79,SEED_13,1,2,position paper,0.030904771618012833,11
N11P29,SEED_32,1,2,literature review,0.09735164776405995,11
N11P29,SEED_113,0,2,literature review,0.03869600182636786,11
N11P29,SEED_63,1,2,literature review,0.04603307219547203,11
N11P83,SEED_57,1,2,literature review,0.03673991558283747,11
N11P83,SEED_10,1,2,literature review,0.2599772228262205,11
N11P83,SEED_22,1,2,literature review,0.05799342396218755,11
N11P2,SEED_87,0,5,position paper,0.14276304721670452,11
N11P2,SEED_67,1,5,position paper,0.05032975495304677,11
N11P2,SEED_0,1,5,position paper,0.03419115971424214,11
N11P2,SEED_81,0,5,position paper,0.035788322601505926,11
N11P2,SEED_46,1,5,position paper,0.027379269989798654,11
N11P2,SEED_74,0,5,position paper,0.045788952881914514,11
N11P119,SEED_48,1,2,literature review,0.029185376778173528,11
N11P119,SEED_105,1,2,literature review,0.024092964382771427,11
N11P119,SEED_38,1,2,literature review,0.061179792753602406,11
N11P114,SEED_110,1,0,literature review,0.08655273033551042,11
N11P17,SEED_67,1,2,literature review,0.05032975495304677,11
N11P17,SEED_59,0,2,literature review,0.03537515898047227,11
N11P17,SEED_25,1,2,literature review,0.03134650983079614,11
N11P101,SEED_68,1,0,literature review,0.022306762819201194,11
N11P20,SEED_81,1,1,literature review,0.035788322601505926,11
N11P20,SEED_21,1,1,literature review,0.04332717025608329,11
N11P11,SEED_32,1,3,literature review,0.09735164776405995,11
N11P11,SEED_62,1,3,literature review,0.04784216452869475,11
N11P11,SEED_23,1,3,literature review,0.24419454417762076,11
N11P11,SEED_76,0,3,literature review,0.02911097510188564,11
N11P7,SEED_42,1,4,literature review,0.051653349129091995,11
N11P7,SEED_9,1,4,literature review,0.05790057358028041,11
N11P7,SEED_29,0,4,literature review,0.07042009300336129,11
N11P7,SEED_10,1,4,literature review,0.2599772228262205,11
N11P7,SEED_108,1,4,literature review,0.11699373395608792,11
N11P32,SEED_0,1,4,literature review,0.03419115971424214,11
N11P32,SEED_51,1,4,literature review,0.09567458183955731,11
N11P32,SEED_7,0,4,literature review,0.021341441722662596,11
N11P32,SEED_5,0,4,literature review,0.04891575446422762,11
N11P32,SEED_6,1,4,literature review,0.03894507193462498,11
N11P4,SEED_77,1,1,literature review,0.09597717740914226,11
N11P4,SEED_58,0,1,literature review,0.04043276523483182,11
N11P48,SEED_16,1,1,position paper,0.06580490852851562,11
N11P48,SEED_77,1,1,position paper,0.09597717740914226,11
N11P76,SEED_97,0,2,literature review,0.03609440995756307,11
N11P76,SEED_94,1,2,literature review,0.1502174121454999,11
N11P76,SEED_93,0,2,literature review,0.06110953885154956,11
N11P85,SEED_92,1,1,literature review,0.05106624582263099,11
N11P85,SEED_19,1,1,literature review,0.04109700523383222,11
N11P73,SEED_113,0,1,literature review,0.03869600182636786,11
N11P73,SEED_4,1,1,literature review,0.10778007277480268,11
N11P68,SEED_114,0,3,literature review,0.05371749025215298,11
N11P68,SEED_75,0,3,literature review,0.004317454748062883,11
N11P68,SEED_30,0,3,literature review,0.045065154448624835,11
N11P68,SEED_46,1,3,literature review,0.027379269989798654,11
N11P24,SEED_94,1,2,literature review,0.1502174121454999,11
N11P24,SEED_71,0,2,literature review,0.01920486060179593,11
N11P24,SEED_23,1,2,literature review,0.24419454417762076,11
N11P23,SEED_33,1,1,literature review,0.03666889624528128,11
N11P23,SEED_90,0,1,literature review,0.10168314958353901,11
N11P98,SEED_39,0,0,literature review,0.03555690750708022,11
N11P116,SEED_43,0,2,literature review,0.05652341745969014,11
N11P116,SEED_12,0,2,literature review,0.06332329199540948,11
N11P116,SEED_39,1,2,literature review,0.03555690750708022,11
N11P60,SEED_42,1,2,literature review,0.051653349129091995,11
N11P60,SEED_81,1,2,literature review,0.035788322601505926,11
N11P60,SEED_93,0,2,literature review,0.06110953885154956,11
N11P70,SEED_117,0,1,position paper,0.058265813707136085,11
N11P70,SEED_69,0,1,position paper,0.01686621307186654,11
N11P77,SEED_102,0,1,literature review,0.05485994308932408,11
N11P77,SEED_54,1,1,literature review,0.0252978715058926,11
N11P88,SEED_0,1,2,position paper,0.03419115971424214,11
N11P88,SEED_38,0,2,position paper,0.061179792753602406,11
N11P88,SEED_53,1,2,position paper,0.08163751252417001,11
N11P105,SEED_114,1,1,literature review,0.05371749025215298,11
N11P105,SEED_62,1,1,literature review,0.04784216452869475,11
N11P26,SEED_107,1,0,literature review,0.042538122034430435,11
N11P22,SEED_9,0,1,literature review,0.05790057358028041,11
N11P22,SEED_112,0,1,literature review,0.04763731112793226,11
N11P80,SEED_21,1,1,literature review,0.04332717025608329,11
N11P80,SEED_37,1,1,literature review,0.0916688018924311,11
